OrderID,CustomerID,CustomerName,Age,Gender,City,ProductID,Quantity,TotalAmount,PurchaseDate,PaymentMethod,ProductName,Brand,Category,Price,Rating,Source,Currency,Price_VND_ref
ORD00001,C0214,Nguyễn Quốc Khoa,37,Nam,Hải Phòng,P10412,3,57000,2026-01-01,Ví điện tử,Bàn chải đánh răng trẻ em từ 2 đến 6 tuổi P/S siêu mềm,P/S,Bàn chải đánh răng,19000.0,4.88,Pharmacity_VN,VND,19000.0
ORD00002,C0020,Trần Hữu Thành,18,Nam,Đà Nẵng,P18082,3,123000,2026-01-01,Thẻ ngân hàng,Kem Đánh Răng P/S Chăm Sóc Toàn Diện (tuýp 230g),P/S,Kem đánh răng,41000.0,4.92,Pharmacity_VN,VND,41000.0
ORD00003,C0144,Bùi Thị Xuân,32,Nữ,TP. Hồ Chí Minh,P29620,1,194250,2026-01-01,Tiền mặt,Kem Đánh Răng Marvis Jasmin Mint Vị Hoa Nhài & Bạc Hà hỗ trợ sạch mảng bám & khử mùi hôi miệng (85ml),Marvis,Kem đánh răng,194250.0,4.87,Pharmacity_VN,VND,194250.0
ORD00004,C0253,Nguyễn Minh Huy,51,Nam,Hà Nội,P28349,1,110000,2026-01-02,COD,Nước súc miệng SMC Ag+ vệ sinh răng miệng (Chai 250ml),nan,Nước súc miệng,110000.0,4.85,Pharmacity_VN,VND,110000.0
ORD00005,C0138,Nguyễn Mỹ Dương,27,Nữ,Cần Thơ,P25083,3,37500,2026-01-02,Tiền mặt,Băng vệ sinh ban ngày siêu mỏng cánh Kotex Gardenia Deo+ 23cm (8 miếng),Kotex,Băng vệ sinh,12500.0,4.96,Pharmacity_VN,VND,12500.0
ORD00006,C0230,Lê Thị Vi,37,Nữ,TP. Hồ Chí Minh,P03250,4,102000,2026-01-02,Tiền mặt,Băng Vệ Sinh DIANA Siêu Thấm Không Cánh (8 Miếng),Diana,Băng vệ sinh,25500.0,4.94,Pharmacity_VN,VND,25500.0
ORD00007,C0057,Hoàng Minh Huy,22,Nam,TP. Hồ Chí Minh,P10808,4,540000,2026-01-02,Ví điện tử,Dung dịch vệ sinh phụ nữ Crevil intim waschlotion (100ml),Crevil,Dung dịch vệ sinh phụ nữ,135000.0,4.76,Pharmacity_VN,VND,135000.0
ORD00008,C0002,Vũ Văn Quang,29,Nam,TP. Hồ Chí Minh,P07424,1,143650,2026-01-03,COD,"Sữa Tắm PURITE Rose Hương Hoa Hồng giúp giữ ẩm da, sáng da (chai 500ml)",Purite,Sữa tắm,143650.0,4.74,Pharmacity_VN,VND,143650.0
ORD00009,C0193,Trần Quốc Tùng,32,Nam,Hải Phòng,P03720,1,75000,2026-01-03,COD,Lăn Khử Mùi Cho Nam ROMANO CLASSIC (50ml),Romano,Khử mùi cho nam,75000.0,4.82,Pharmacity_VN,VND,75000.0
ORD00010,C0160,Trần Quốc Phúc,37,Nam,Hải Phòng,P08756,1,34000,2026-01-03,COD,Băng vệ sinh hằng ngày Kotex (40 miếng/gói),Kotex,Băng vệ sinh,34000.0,4.76,Pharmacity_VN,VND,34000.0
ORD00011,C0250,Mai Quốc Tú,34,Nam,Đà Nẵng,P18083,3,138000,2026-01-03,COD,Kem Đánh Răng CLOSE UP Muối Biển Detox Giúp Trắng Răng (tuýp 180g),Close up,Kem đánh răng,46000.0,4.79,Pharmacity_VN,VND,46000.0
ORD00012,C0046,Nguyễn Quốc Quang,23,Nam,Hà Nội,P20092,1,57600,2026-01-03,Tiền mặt,Bàn Chải Đánh Răng SENSODYNE Sensitive & Gum Soft Lông Tơ Mềm Mại,Sensodyne (GSK OTC),Bàn chải đánh răng,57600.0,4.99,Pharmacity_VN,VND,57600.0
ORD00013,C0101,Phạm Minh Khoa,18,Nam,TP. Hồ Chí Minh,P30793,1,54500,2026-01-04,Ví điện tử,Pharmacity Gentcode Bọt Vệ Sinh Nam Daily Fresh (Chai 100ml),Pharmacity,Sản phẩm tắm & dưỡng thể cho nam,54500.0,4.87,Pharmacity_VN,VND,54500.0
ORD00014,C0214,Nguyễn Quốc Khoa,37,Nam,Hải Phòng,P12837,1,37000,2026-01-04,Ví điện tử,Quần lót miễn giặt cho nữ Travel-Mate size XL (5 cái/gói),Travel-Mate,Sản phẩm vệ sinh khác,37000.0,4.57,Pharmacity_VN,VND,37000.0
ORD00015,C0110,Phạm Mỹ Ngọc,29,Nữ,TP. Hồ Chí Minh,P10956,3,135000,2026-01-05,Ví điện tử,Băng vệ sinh siêu mỏng cánh Sofy Skin Comfort Ultra Thin 26cm (8 miếng/gói),Sofy,Băng vệ sinh,45000.0,4.95,Pharmacity_VN,VND,45000.0
ORD00016,C0334,Hoàng Văn Quang,23,Nam,TP. Hồ Chí Minh,P18032,4,100000,2026-01-05,Thẻ ngân hàng,Băng vệ sinh Kotex Max Cool siêu mỏng cánh (gói 8 miếng),Kotex,Băng vệ sinh,25000.0,4.8,Pharmacity_VN,VND,25000.0
ORD00017,C0208,Nguyễn Quốc Tú,35,Nam,Cần Thơ,P03491,1,40000,2026-01-05,Ví điện tử,Bàn Chải Đánh Răng COLGATE Batman Cho Bé Trai,Colgate,Bàn chải đánh răng,40000.0,4.59,Pharmacity_VN,VND,40000.0
ORD00018,C0344,Hoàng Minh Nam,25,Nam,TP. Hồ Chí Minh,P04214,2,212000,2026-01-05,Tiền mặt,Dung Dịch Vệ Sinh Phụ Nữ Lactacyd Soft & Silky (250ml),Sanofi CHC (Lactacyd brand),Dung dịch vệ sinh phụ nữ,106000.0,4.57,Pharmacity_VN,VND,106000.0
ORD00019,C0135,Dương Quốc Quang,21,Nam,Hải Phòng,P37400,1,156800,2026-01-07,Ví điện tử,Dove Tẩy tế bào chết hương anh đào 280g,Dove,Tẩy tế bào chết toàn thân,156800.0,4.86,Pharmacity_VN,VND,156800.0
ORD00020,C0068,Dương Hữu Minh,40,Nam,TP. Hồ Chí Minh,P27882,2,94000,2026-01-07,Ví điện tử,Băng vệ sinh Kotex bảo vệ toàn diện cho ngày nhiều và đêm 28cm (14 miếng),Kotex,Băng vệ sinh,47000.0,4.5,Pharmacity_VN,VND,47000.0
ORD00021,C0144,Bùi Thị Xuân,32,Nữ,TP. Hồ Chí Minh,P25083,4,50000,2026-01-07,Ví điện tử,Băng vệ sinh ban ngày siêu mỏng cánh Kotex Gardenia Deo+ 23cm (8 miếng),Kotex,Băng vệ sinh,12500.0,4.96,Pharmacity_VN,VND,12500.0
ORD00022,C0214,Nguyễn Quốc Khoa,37,Nam,Hải Phòng,P11371,2,83720,2026-01-08,Ví điện tử,Kem đánh răng CLOSE UP than hoạt tính Detox (Tuýp 180g),Close up,Kem đánh răng,41860.0,4.7,Pharmacity_VN,VND,41860.0
ORD00023,C0319,Lê Quốc Trung,33,Nam,Đà Nẵng,P29978,3,652500,2026-01-08,COD,Sữa Tắm Anok Dưỡng Ẩm Smoothing & Hydrating 300ml/Chai,Anok,Sữa tắm,217500.0,4.73,Pharmacity_VN,VND,217500.0
ORD00024,C0345,Trần Quốc Huy,25,Nam,TP. Hồ Chí Minh,P07569,3,60000,2026-01-08,Ví điện tử,Bàn Chải Đánh Răng P/S Lông Tơ Mềm Mại,P/S,Bàn chải đánh răng,20000.0,4.57,Pharmacity_VN,VND,20000.0
ORD00025,C0055,Mai Thị Vân,40,Nữ,Cần Thơ,P03296,1,21000,2026-01-08,COD,Dao Cạo Râu Cán Vàng GILLETTE SUPER THIN (2 Cây/Gói),Gillette,Dao cạo râu & Bọt cạo râu,21000.0,4.69,Pharmacity_VN,VND,21000.0
ORD00026,C0029,Hoàng Mỹ Mai,24,Nữ,Cần Thơ,P30705,1,62500,2026-01-08,COD,LoveBody Sữa tắm Oải Hương Mật Ong (Chai 550ml),LoveBody,Sữa tắm,62500.0,4.71,Pharmacity_VN,VND,62500.0
ORD00027,C0310,Mai Thị Chi,28,Nữ,Hải Phòng,P08734,3,324000,2026-01-08,Ví điện tử,Kem Đánh Răng SENSODYNE Repair & Protect Whitening (tuýp 100g),Sensodyne (GSK OTC),Kem đánh răng,108000.0,4.91,Pharmacity_VN,VND,108000.0
ORD00028,C0193,Trần Quốc Tùng,32,Nam,Hải Phòng,OL00415,1,55000,2026-01-09,COD,"Combo 5 Chai Nước muối sinh lý Pharmacity Natri Clorid 0,9% (500ml)",nan,Nước súc miệng,55000.0,4.56,Pharmacity_VN,VND,55000.0
ORD00029,C0030,Trần Thu Ngọc,27,Nữ,Hà Nội,P01144,1,74000,2026-01-10,COD,Kem Đánh Răng SENSODYNE Gentle Whitening Trắng Sáng (tuýp 100g),Sensodyne (GSK OTC),Kem đánh răng,74000.0,4.57,Pharmacity_VN,VND,74000.0
ORD00030,C0311,Phạm Ngọc Thảo,28,Nữ,Cần Thơ,P29595,2,36000,2026-01-10,COD,"Pharmacity Nước muối sinh lý Natri Clorid 0,9% Hương bạc hà (Chai 500ml)",Pharmacity,Nước súc miệng,18000.0,4.77,Pharmacity_VN,VND,18000.0
ORD00031,C0141,Phạm Ngọc Lan,32,Nữ,Đà Nẵng,P22880,3,456000,2026-01-10,COD,Dầu Gội Dược Liệu THÁI DƯƠNG 7 Plus Dưỡng Tóc (chai 250ml),Thai Duong,Dầu gội đầu,152000.0,4.64,Pharmacity_VN,VND,152000.0
ORD00032,C0066,Trần Mỹ Hồng,44,Nữ,TP. Hồ Chí Minh,P06300,3,192000,2026-01-10,Tiền mặt,Dao Cạo Râu 2 Lưỡi SCHICK EXECTA 2 SYSTEM,Schick,Dao cạo râu & Bọt cạo râu,64000.0,4.67,Pharmacity_VN,VND,64000.0
ORD00033,C0332,Bùi Hữu Tùng,21,Nam,Hà Nội,P28114,1,29000,2026-01-11,COD,Sữa tắm thảo dược gừng nghệ Cỏ Cây Hoa Lá (Túi 30g),Cocayhoala,Sữa tắm,29000.0,4.59,Pharmacity_VN,VND,29000.0
ORD00034,C0343,Bùi Minh Nhiên,32,Nam,Hà Nội,P01267,1,56700,2026-01-11,Thẻ ngân hàng,Dầu Gội SELSUN Anti Dandruff Giảm Gàu và Giảm Ngứa Da Đầu (Chai 50ml),Selsun,Dầu gội đầu,56700.0,4.84,Pharmacity_VN,VND,56700.0
ORD00035,C0156,Nguyễn Hữu Nhiên,23,Nam,Hà Nội,P24071,2,62000,2026-01-12,COD,Nước Súc Miệng Fujiwa Ion Muối Hương Bạc Hà (Chai 680 ml),Fujiwa,Nước súc miệng,31000.0,4.61,Pharmacity_VN,VND,31000.0
ORD00036,C0337,Dương Quốc Nam,22,Nam,TP. Hồ Chí Minh,P22881,1,246500,2026-01-12,Tiền mặt,Dầu Gội Thảo Dược Hà Thủ Ô 2in1 Làm Sạch Da Đầu Cỏ Cây Hoa Lá 450g,Cocayhoala,Dầu gội đầu,246500.0,4.9,Pharmacity_VN,VND,246500.0
ORD00037,C0102,Bùi Ngọc Dương,26,Nữ,TP. Hồ Chí Minh,P14247,2,92000,2026-01-12,Thẻ ngân hàng,Kem Đánh Răng CLOSE UP Thơm Mát Tự Nhiên Dầu Quất và Thảo Dược (tuýp 180g),Close up,Kem đánh răng,46000.0,4.9,Pharmacity_VN,VND,46000.0
ORD00038,C0332,Bùi Hữu Tùng,21,Nam,Hà Nội,P01143,2,107100,2026-01-12,Thẻ ngân hàng,Kem đánh răng hương bạc hà the mát Sensodyne (100g),Sensodyne (GSK OTC),Kem đánh răng,53550.0,4.86,Pharmacity_VN,VND,53550.0
ORD00039,C0321,Bùi Mỹ Linh,31,Nữ,Cần Thơ,P17556,1,171000,2026-01-12,Ví điện tử,"Nước Súc Miệng LISTERINE Cool Mint Zero Hơi Thở Thơm Mát, Không Cay (Chai 750ml)",Listerine,Nước súc miệng,171000.0,4.91,Pharmacity_VN,VND,171000.0
ORD00040,C0218,Phạm Mỹ Dương,28,Nữ,TP. Hồ Chí Minh,P30052,1,35000,2026-01-12,Tiền mặt,Pharmacity Tăm chỉ nha khoa (Gói 90 cây),Pharmacity,Tăm chỉ nha khoa,35000.0,4.51,Pharmacity_VN,VND,35000.0
ORD00041,C0134,Lê Thu Thảo,35,Nữ,TP. Hồ Chí Minh,P08280,2,44000,2026-01-13,Ví điện tử,Băng vệ sinh ban đêm Diana Super Night 29cm (4 miếng/gói),Diana,Băng vệ sinh,22000.0,4.56,Pharmacity_VN,VND,22000.0
ORD00042,C0014,Vũ Quốc Nam,18,Nam,Hà Nội,P00326,3,54000,2026-01-13,Thẻ ngân hàng,Bột Khử Mùi TRAPHA Hỗ Trợ Khử Mùi (chai 30g),Trapha,Sáp khử mùi,18000.0,4.66,Pharmacity_VN,VND,18000.0
ORD00043,C0045,Phạm Minh Dũng,18,Nam,Hà Nội,P28806,1,68000,2026-01-14,Tiền mặt,Pharmacity Dung dịch vệ sinh phụ nữ dạng bọt làm sạch dịu nhẹ (Chai100ml),Pharmacity,Dung dịch vệ sinh phụ nữ,68000.0,4.66,Pharmacity_VN,VND,68000.0
ORD00044,C0131,Phạm Hữu Trung,18,Nam,TP. Hồ Chí Minh,P37331,1,75650,2026-01-14,Ví điện tử,Kem tẩy lông da nhạy cảm Cleo (50g),Cleo,Hỗ trợ tẩy lông,75650.0,4.77,Pharmacity_VN,VND,75650.0
ORD00045,C0335,Dương Ngọc Mai,40,Nữ,Cần Thơ,P30967,4,100000,2026-01-14,COD,Kotex BVS BioCare SMC 23cm 6M,Kotex,Băng vệ sinh,25000.0,4.78,Pharmacity_VN,VND,25000.0
ORD00046,C0145,Nguyễn Quốc Phúc,33,Nam,TP. Hồ Chí Minh,P29618,1,195300,2026-01-14,Tiền mặt,Kem Đánh Răng Marvis Smokers Whitening Mint Vị Bạc Hà hỗ trợ khử ố vàng răng cho người hút thuốc lá (85ml),Marvis,Kem đánh răng,195300.0,4.69,Pharmacity_VN,VND,195300.0
ORD00047,C0127,Trần Minh Hưng,20,Nam,TP. Hồ Chí Minh,P17538,2,40000,2026-01-15,Ví điện tử,Xà Phòng Tắm LIFEBUOY Matcha và Khổ Qua Bảo Vệ Khỏi Vi Khuẩn (90g),Lifebuoy,Xà bông cục,20000.0,4.95,Pharmacity_VN,VND,20000.0
ORD00048,C0143,Dương Hữu Trung,18,Nam,Hà Nội,P14241,3,192000,2026-01-16,Thẻ ngân hàng,Kem Đánh Răng COLGATE Tinh Chất Than Tre (tuýp 180g),Colgate,Kem đánh răng,64000.0,4.68,Pharmacity_VN,VND,64000.0
ORD00049,C0150,Dương Quốc Hoàng,33,Nam,Hà Nội,P18303,1,67000,2026-01-16,Ví điện tử,Kem Đánh Răng P/S Sensitive Giảm Ê Buốt và Trắng Răng (tuýp 100g),P/S,Kem đánh răng,67000.0,4.71,Pharmacity_VN,VND,67000.0
ORD00050,C0350,Phạm Quốc Bảo,28,Nam,TP. Hồ Chí Minh,P24705,1,182400,2026-01-17,Thẻ ngân hàng,Dầu Gội SELSUN Anti Dandruff Giảm Gàu và Giảm Ngứa Da Đầu (chai 250ml),Selsun,Dầu gội đầu,182400.0,4.55,Pharmacity_VN,VND,182400.0
ORD00051,C0217,Đặng Mỹ Mai,22,Nữ,Cần Thơ,P30258,2,178000,2026-01-17,Thẻ ngân hàng,Xịt rửa tay PURE FRESH hương Cherry Blossom (30ml),Pure Fresh,Nước rửa tay,89000.0,4.95,Pharmacity_VN,VND,89000.0
ORD00052,C0019,Đặng Thị Hương,21,Nữ,Cần Thơ,P30257,1,89000,2026-01-17,Tiền mặt,Xịt rửa tay PURE FRESH hương Melon (30ml),Pure Fresh,Nước rửa tay,89000.0,4.76,Pharmacity_VN,VND,89000.0
ORD00053,C0335,Dương Ngọc Mai,40,Nữ,Cần Thơ,P29691,4,596000,2026-01-17,COD,Kem Nhuộm Tóc Garnier Màu 7.3 Nâu Ánh Vàng (50g + 50ml + 5g/Hộp),Garnier,Nhuộm tóc,149000.0,4.59,Pharmacity_VN,VND,149000.0
ORD00054,C0308,Phạm Mỹ Ánh,24,Nữ,TP. Hồ Chí Minh,P29765,1,184500,2026-01-18,Tiền mặt,Sữa tắm Lifebuoy Thảo dược & Hoa sen 800g,Lifebuoy,Sữa tắm,184500.0,4.77,Pharmacity_VN,VND,184500.0
ORD00055,C0038,Phạm Thu Dương,18,Nữ,Cần Thơ,P14056,1,31600,2026-01-19,Tiền mặt,Băng vệ sinh siêu êm thoáng ban đêm Sofy Skin Comfort 36cm (4 miếng/gói),Sofy,Băng vệ sinh,31600.0,4.77,Pharmacity_VN,VND,31600.0
ORD00056,C0066,Trần Mỹ Hồng,44,Nữ,TP. Hồ Chí Minh,P25499,1,249000,2026-01-19,COD,Dầu Xả TSUBAKI Phục Hồi Hư Tổn Nặng & Giảm Gãy Rụng chai 490ml,Tsubaki,Dầu xả,249000.0,4.73,Pharmacity_VN,VND,249000.0
ORD00057,C0066,Trần Mỹ Hồng,44,Nữ,TP. Hồ Chí Minh,P25459,1,58000,2026-01-19,Thẻ ngân hàng,Băng vệ sinh Sensi Supernight 29cm (Gói 12 miếng),Diana,Băng vệ sinh,58000.0,4.68,Pharmacity_VN,VND,58000.0
ORD00058,C0105,Trần Minh Quang,28,Nam,Hà Nội,P17506,2,96000,2026-01-19,COD,Băng vệ Laurier Fresh & Free siêu mỏng cánh siêu thấm tối đa (Gói 20 miếng),Laurier,Băng vệ sinh,48000.0,4.96,Pharmacity_VN,VND,48000.0
ORD00059,C0128,Bùi Thu Yến,24,Nữ,Hải Phòng,P17556,1,171000,2026-01-19,Tiền mặt,"Nước Súc Miệng LISTERINE Cool Mint Zero Hơi Thở Thơm Mát, Không Cay (Chai 750ml)",Listerine,Nước súc miệng,171000.0,4.91,Pharmacity_VN,VND,171000.0
ORD00060,C0014,Vũ Quốc Nam,18,Nam,Hà Nội,P22275,2,344000,2026-01-19,Ví điện tử,Sữa Tắm LIFEBUOY Chăm Sóc Da Giúp Bảo Vệ Khỏi Vi Khuẩn Gây Bệnh (chai 800ml),Lifebuoy,Sữa tắm,172000.0,4.62,Pharmacity_VN,VND,172000.0
ORD00061,C0219,Trần Quốc Quang,25,Nam,TP. Hồ Chí Minh,P17513,1,40800,2026-01-20,Ví điện tử,Băng vệ sinh siêu ban đêm Kotex 28cm (12 miếng),Kotex,Băng vệ sinh,40800.0,4.85,Pharmacity_VN,VND,40800.0
ORD00062,C0166,Hoàng Văn Trọng,34,Nam,TP. Hồ Chí Minh,P20101,1,36000,2026-01-20,COD,Pharmacity Natural Care Sữa Tắm Chiết Xuất Tràm Trà Và Hương Thảo (Chai 550ml),Pharmacity,Sữa tắm,36000.0,4.73,Pharmacity_VN,VND,36000.0
ORD00063,C0191,Trần Minh Hoàng,26,Nam,Hải Phòng,P03877,1,85000,2026-01-20,Ví điện tử,"Sữa Rửa Mặt Cho Nam NIVEA MEN Anti-Acne Oil Control Mud Foam giúp làm sạch, giảm mụn (Tuýp 100g)",Nivea,Chăm sóc da mặt cho nam,85000.0,4.82,Pharmacity_VN,VND,85000.0
ORD00064,C0127,Trần Minh Hưng,20,Nam,TP. Hồ Chí Minh,P30258,3,267000,2026-01-20,Thẻ ngân hàng,Xịt rửa tay PURE FRESH hương Cherry Blossom (30ml),Pure Fresh,Nước rửa tay,89000.0,4.95,Pharmacity_VN,VND,89000.0
ORD00065,C0165,Hoàng Mỹ Mai,40,Nữ,TP. Hồ Chí Minh,P20102,4,144000,2026-01-20,Ví điện tử,Pharmacity Natural Care Sữa Tắm Chiết Xuất Mâm Xôi Và Cam Thảo (Chai 550ml),Pharmacity,Sữa tắm,36000.0,4.93,Pharmacity_VN,VND,36000.0
ORD00066,C0120,Dương Hữu Quang,38,Nam,TP. Hồ Chí Minh,P17499,1,57800,2026-01-21,Thẻ ngân hàng,Xịt Khử Mùi REFRE Whietening Perfume Deluxe Hương Nước Hoa Sang Trọng (30ml),Refre,Xịt khử mùi,57800.0,4.61,Pharmacity_VN,VND,57800.0
ORD00067,C0132,Mai Quốc Bảo,31,Nam,TP. Hồ Chí Minh,P26023,2,220000,2026-01-21,Ví điện tử,Kem cấp ẩm và giảm nứt nẻ dạng sáp Pure Paw Paw - Đu Đủ Truyền Thống (Tuýp 25g),Pure Paw Paw,Dưỡng thể & massage,110000.0,4.69,Pharmacity_VN,VND,110000.0
ORD00068,C0350,Phạm Quốc Bảo,28,Nam,TP. Hồ Chí Minh,P07423,4,700000,2026-01-21,COD,"Sữa Tắm PURITE Cherry Blossom Hương Hoa Anh Đào làm dịu da, lưu hương trên da. (chai 500ml)",Purite,Sữa tắm,175000.0,4.89,Pharmacity_VN,VND,175000.0
ORD00069,C0111,Trần Ngọc Yến,18,Nữ,Đà Nẵng,OL00014,4,475200,2026-01-21,Thẻ ngân hàng,Combo trắng răng Eucryl Bạc Hà,Eucryl,Kem đánh răng,118800.0,4.86,Pharmacity_VN,VND,118800.0
ORD00070,C0158,Mai Thu Lan,35,Nữ,TP. Hồ Chí Minh,P07609,4,198000,2026-01-21,Ví điện tử,Lăn Khử Mùi NIVEA Ngọc Trai Quyến Rũ (chai 25ml),Nivea,Lăn khử mùi,49500.0,4.75,Pharmacity_VN,VND,49500.0
ORD00071,C0296,Mai Thu Chi,23,Nữ,Hải Phòng,P14041,1,61000,2026-01-21,Tiền mặt,Băng vệ sinh siêu mỏng mát lạnh Diana Sensi Cool Fresh (Gói 20 miếng),Diana,Băng vệ sinh,61000.0,4.99,Pharmacity_VN,VND,61000.0
ORD00072,C0218,Phạm Mỹ Dương,28,Nữ,TP. Hồ Chí Minh,P26099,3,336000,2026-01-21,Tiền mặt,Sáp ngăn mùi cho nam Nivea Cool Kick (Chai 50ml),Nivea,Khử mùi cho nam,112000.0,4.52,Pharmacity_VN,VND,112000.0
ORD00073,C0149,Bùi Hữu Tùng,35,Nam,Hải Phòng,P09600,3,81000,2026-01-22,Tiền mặt,Băng vệ sinh Diana Sensi Cool Fresh Siêu thấm có cánh 23cm (8 miếng),Diana,Băng vệ sinh,27000.0,4.89,Pharmacity_VN,VND,27000.0
ORD00074,C0061,Dương Thị Hương,25,Nữ,Hà Nội,P25734,3,627000,2026-01-22,COD,Kem Ủ Tóc FINO Premium Touch Phục Hồi Hư Tổn hũ (230g),Fino,Dưỡng tóc,209000.0,4.8,Pharmacity_VN,VND,209000.0
ORD00075,C0144,Bùi Thị Xuân,32,Nữ,TP. Hồ Chí Minh,P17551,1,64000,2026-01-23,Tiền mặt,Nước Rửa Tay LIFEBUOY Bảo Vệ Vượt Trội 10 (túi 400g),Lifebuoy,Nước rửa tay,64000.0,4.78,Pharmacity_VN,VND,64000.0
ORD00076,C0114,Nguyễn Quốc Dũng,55,Nam,Cần Thơ,P25967,1,127600,2026-01-23,Ví điện tử,Dầu gội Dược liệu Nguyên Vương Lịch Lãm 260g,Nguyen Vuong,Chăm sóc tóc cho nam,127600.0,4.5,Pharmacity_VN,VND,127600.0
ORD00077,C0052,Bùi Văn Bảo,26,Nam,TP. Hồ Chí Minh,P22673,2,624000,2026-01-24,COD,Sữa Tắm NEUTROGENA Rainbath Refreshing Shower & Bath Gel Tươi Mát Và Mịn Màng (473ml),Neutrogena,Sữa tắm,312000.0,4.75,Pharmacity_VN,VND,312000.0
ORD00078,C0242,Mai Ngọc Linh,29,Nữ,Hải Phòng,P22886,4,939600,2026-01-24,Thẻ ngân hàng,Dầu Gội COCOON Tinh Dầu Bưởi Giúp Giảm Gãy Rụng và Làm Mềm Tóc (chai 310ml),Cocoon,Dầu gội đầu,234900.0,4.61,Pharmacity_VN,VND,234900.0
ORD00079,C0091,Trần Quốc Châu,31,Nam,TP. Hồ Chí Minh,P17507,2,130000,2026-01-25,COD,Bàn Chải Đánh Răng COLGATE SlimSoft Flex Clean,Colgate,Bàn chải đánh răng,65000.0,4.72,Pharmacity_VN,VND,65000.0
ORD00080,C0109,Phạm Ngọc Duyên,33,Nữ,Hà Nội,P18066,1,59000,2026-01-25,COD,Kem Đánh Răng COLGATE Cho Trẻ Em 6-9 Tuổi Hương Dâu Bạc Hà (Tuýp 80g),Colgate,Kem đánh răng,59000.0,4.66,Pharmacity_VN,VND,59000.0
ORD00081,C0278,Trần Thu Thảo,24,Nữ,TP. Hồ Chí Minh,P03305,1,103000,2026-01-25,Thẻ ngân hàng,Bọt Cạo Râu GILLETTE FOAMY METHOL Hương Bạc Hà (175g),Gillette,Dao cạo râu & Bọt cạo râu,103000.0,4.63,Pharmacity_VN,VND,103000.0
ORD00082,C0143,Dương Hữu Trung,18,Nam,Hà Nội,P10952,1,39500,2026-01-25,Ví điện tử,Bàn Chải Đánh Răng SENSODYNE Multi Care Dành Cho Răng Nhạy Cảm,Sensodyne (GSK OTC),Bàn chải đánh răng,39500.0,4.67,Pharmacity_VN,VND,39500.0
ORD00083,C0022,Đặng Mỹ Duyên,28,Nữ,TP. Hồ Chí Minh,P18838,1,147000,2026-01-26,COD,Sáp khử mùi Old Spice Fresh (85g),Old Spice,Khử mùi cho nam,147000.0,4.93,Pharmacity_VN,VND,147000.0
ORD00084,C0197,Đặng Thị Mai,21,Nữ,Hải Phòng,P30702,1,45000,2026-01-26,Tiền mặt,Kotex BVS Nam Việt Quốc SMC 24cm 8M,Kotex,Băng vệ sinh,45000.0,4.61,Pharmacity_VN,VND,45000.0
ORD00085,C0093,Mai Thu Vi,23,Nữ,Hà Nội,P08280,1,22000,2026-01-26,COD,Băng vệ sinh ban đêm Diana Super Night 29cm (4 miếng/gói),Diana,Băng vệ sinh,22000.0,4.56,Pharmacity_VN,VND,22000.0
ORD00086,C0199,Dương Thị Thảo,31,Nữ,TP. Hồ Chí Minh,P12848,1,189660,2026-01-26,Thẻ ngân hàng,Tã quần mỏng thoáng size L cho người lớn Caryn (14 miếng/gói),Caryn,Tã dán,189660.0,4.86,Pharmacity_VN,VND,189660.0
ORD00087,C0304,Mai Mỹ Hồng,36,Nữ,TP. Hồ Chí Minh,P01562,1,88200,2026-01-27,Thẻ ngân hàng,Sữa Dưỡng Da Toàn Thân VASELINE HEALTHY BRIGHT SPF24 PA++ giúp làm sáng và giúp chống nắng cho da 200ml,Vaseline,Dưỡng thể & massage,88200.0,4.97,Pharmacity_VN,VND,88200.0
ORD00088,C0042,Phạm Minh Phúc,32,Nam,TP. Hồ Chí Minh,P30259,2,178000,2026-01-27,COD,Xịt rửa tay PURE FRESH hương Peppermint & Vani (30ml),Pure Fresh,Nước rửa tay,89000.0,4.64,Pharmacity_VN,VND,89000.0
ORD00089,C0023,Vũ Văn Hưng,31,Nam,TP. Hồ Chí Minh,P11518,4,217600,2026-01-28,Ví điện tử,Dầu xả PANTENE Pro-V Hair Fall Control Ngăn Rụng Tóc (chai 150ml),Pantene,Dầu xả,54400.0,4.77,Pharmacity_VN,VND,54400.0
ORD00090,C0276,Phạm Quốc Minh,35,Nam,Đà Nẵng,P11350,1,31000,2026-01-28,COD,Pharmacity Bàn chải đánh răng cho răng nhạy cảm Sensitive,Pharmacity,Bàn chải đánh răng,31000.0,4.72,Pharmacity_VN,VND,31000.0
ORD00091,C0249,Bùi Mỹ Duyên,48,Nữ,TP. Hồ Chí Minh,P04801,2,20000,2026-01-28,Ví điện tử,Băng Vệ Sinh Kháng Khuẩn Hàng Ngày DIANA SENSI (8 Miếng),Diana,Băng vệ sinh,10000.0,4.99,Pharmacity_VN,VND,10000.0
ORD00092,C0347,Dương Ngọc Lan,18,Nữ,TP. Hồ Chí Minh,P18203,1,46000,2026-01-28,Tiền mặt,Băng vệ sinh hàng ngày siêu mỏng dịu mát từ thảo dược Kotex (Gói 40 miếng),Kotex,Băng vệ sinh,46000.0,4.83,Pharmacity_VN,VND,46000.0
ORD00093,C0033,Phạm Ngọc Ánh,30,Nữ,Hà Nội,P03649,2,135880,2026-01-29,COD,Lăn Khử Mùi X-MEN FOR BOSS INTENSE (Chai 50ml),X Men,Khử mùi cho nam,67940.0,4.57,Pharmacity_VN,VND,67940.0
ORD00094,C0249,Bùi Mỹ Duyên,48,Nữ,TP. Hồ Chí Minh,P03251,1,26000,2026-01-29,Ví điện tử,Băng Vệ Sinh DIANA Siêu Thấm Siêu Mỏng Cánh (8 Miếng),Diana,Băng vệ sinh,26000.0,4.85,Pharmacity_VN,VND,26000.0
ORD00095,C0186,Lê Văn Bảo,37,Nam,Hà Nội,P20503,1,73000,2026-01-30,Thẻ ngân hàng,Sáp Vuốt Tóc Gatsby Styling Pomade Retro Matte 75gr,Gatsby,Chăm sóc tóc cho nam,73000.0,4.77,Pharmacity_VN,VND,73000.0
ORD00096,C0219,Trần Quốc Quang,25,Nam,TP. Hồ Chí Minh,P14242,1,63000,2026-01-30,Ví điện tử,"Kem đánh răng COLGATE Optic White Exfoliating Mineral giúp răng trắng sáng, sạch mảng bám (100g)",Colgate,Kem đánh răng,63000.0,4.79,Pharmacity_VN,VND,63000.0
ORD00097,C0197,Đặng Thị Mai,21,Nữ,Hải Phòng,P11365,1,56250,2026-01-30,Tiền mặt,Bộ Đôi Bàn Chải Đánh Răng COLGATE SlimSoft Than Hoạt Tính,Colgate,Bàn chải đánh răng,56250.0,4.99,Pharmacity_VN,VND,56250.0
ORD00098,C0140,Nguyễn Quốc Vũ,18,Nam,TP. Hồ Chí Minh,P30403,2,225700,2026-01-30,Ví điện tử,Dầu Gội Xmen For Boss Pro Hair Sạch Gàu & Giảm Gãy Rụng 350g,X Men,Chăm sóc tóc cho nam,112850.0,4.59,Pharmacity_VN,VND,112850.0
ORD00099,C0130,Trần Mỹ Mai,25,Nữ,Hải Phòng,P25734,1,209000,2026-01-30,Tiền mặt,Kem Ủ Tóc FINO Premium Touch Phục Hồi Hư Tổn hũ (230g),Fino,Dưỡng tóc,209000.0,4.8,Pharmacity_VN,VND,209000.0
ORD00100,C0253,Nguyễn Minh Huy,51,Nam,Hà Nội,P20092,2,115200,2026-01-31,Tiền mặt,Bàn Chải Đánh Răng SENSODYNE Sensitive & Gum Soft Lông Tơ Mềm Mại,Sensodyne (GSK OTC),Bàn chải đánh răng,57600.0,4.99,Pharmacity_VN,VND,57600.0
ORD00101,C0111,Trần Ngọc Yến,18,Nữ,Đà Nẵng,P30897,1,77600,2026-01-31,Thẻ ngân hàng,Oxy Sửa Rửa Mặt Nam kiềm dầu Oil Acne Wash,Oxy,Chăm sóc da mặt cho nam,77600.0,4.78,Pharmacity_VN,VND,77600.0
ORD00102,C0151,Phạm Ngọc Thảo,33,Nữ,Cần Thơ,P11374,2,95200,2026-02-01,Ví điện tử,Băng vệ sinh Diana siêu thấm siêu mỏng cánh (Gói 20 miếng),Diana,Băng vệ sinh,47600.0,4.55,Pharmacity_VN,VND,47600.0
ORD00103,C0212,Mai Mỹ Lan,41,Nữ,Đà Nẵng,P27882,1,47000,2026-02-01,COD,Băng vệ sinh Kotex bảo vệ toàn diện cho ngày nhiều và đêm 28cm (14 miếng),Kotex,Băng vệ sinh,47000.0,4.5,Pharmacity_VN,VND,47000.0
ORD00104,C0007,Nguyễn Thị Hương,46,Nữ,Đà Nẵng,P23563,1,215000,2026-02-01,Ví điện tử,Dầu Gội TSUBAKI Dưỡng Tóc Bóng Mượt (chai 490ml),Tsubaki,Dầu gội đầu,215000.0,4.7,Pharmacity_VN,VND,215000.0
ORD00105,C0345,Trần Quốc Huy,25,Nam,TP. Hồ Chí Minh,P30092,1,40940,2026-02-03,COD,Dung dịch vệ sinh phụ nữ Dạ Hương Chăm sóc toàn diện 100ml,Da Huong,Dung dịch vệ sinh phụ nữ,40940.0,4.73,Pharmacity_VN,VND,40940.0
ORD00106,C0272,Bùi Văn Nhiên,18,Nam,Hà Nội,P03875,2,180600,2026-02-03,Thẻ ngân hàng,Xịt Khử Mùi Cho Nam NIVEA MEN Ngăn Vệt Ố Vàng Invisible Black&White (150ml),Nivea,Khử mùi cho nam,90300.0,4.88,Pharmacity_VN,VND,90300.0
ORD00107,C0250,Mai Quốc Tú,34,Nam,Đà Nẵng,P10412,4,76000,2026-02-04,Ví điện tử,Bàn chải đánh răng trẻ em từ 2 đến 6 tuổi P/S siêu mềm,P/S,Bàn chải đánh răng,19000.0,4.88,Pharmacity_VN,VND,19000.0
ORD00108,C0281,Phạm Thu Dương,31,Nữ,Hải Phòng,P26099,3,336000,2026-02-04,Tiền mặt,Sáp ngăn mùi cho nam Nivea Cool Kick (Chai 50ml),Nivea,Khử mùi cho nam,112000.0,4.52,Pharmacity_VN,VND,112000.0
ORD00109,C0111,Trần Ngọc Yến,18,Nữ,Đà Nẵng,P29095,1,39000,2026-02-04,Tiền mặt,Pharmacity Chỉ nha khoa (Cuộn 50m),Pharmacity,Tăm chỉ nha khoa,39000.0,4.65,Pharmacity_VN,VND,39000.0
ORD00110,C0223,Phạm Thị Ánh,37,Nữ,Hà Nội,P10977,1,352000,2026-02-04,Thẻ ngân hàng,Dầu dưỡng giúp mờ sẹo & giảm rạn da Bio-Oil (125ml),Bio Oil,Dưỡng thể & massage,352000.0,4.65,Pharmacity_VN,VND,352000.0
ORD00111,C0069,Vũ Quốc Tùng,34,Nam,Cần Thơ,P02195,4,86400,2026-02-05,Thẻ ngân hàng,Nước Rửa Tay GREEN CROSS Hương Trà Xanh (chai 100ml),Green Cross,Nước rửa tay,21600.0,4.95,Pharmacity_VN,VND,21600.0
ORD00112,C0159,Nguyễn Minh Minh,18,Nam,TP. Hồ Chí Minh,P11334,3,86400,2026-02-05,Thẻ ngân hàng,Kem tẩy lông cho da thường Cléo (25g),Cleo,Hỗ trợ tẩy lông,28800.0,4.6,Pharmacity_VN,VND,28800.0
ORD00113,C0277,Dương Minh Phúc,32,Nam,Hà Nội,P10953,3,141000,2026-02-05,COD,Bàn Chải Đánh Răng SENSODYNE Repair & Protect,Sensodyne (GSK OTC),Bàn chải đánh răng,47000.0,4.97,Pharmacity_VN,VND,47000.0
ORD00114,C0085,Đặng Quốc Châu,22,Nam,TP. Hồ Chí Minh,P18994,1,215000,2026-02-05,COD,Dầu Gội TSUBAKI Phục Hồi Ngăn Rụng Tóc (Chai 490ml),Tsubaki,Dầu gội đầu,215000.0,4.89,Pharmacity_VN,VND,215000.0
ORD00115,C0032,Vũ Thu Hương,49,Nữ,TP. Hồ Chí Minh,P28072,2,118000,2026-02-06,Ví điện tử,"Kem dưỡng da chân Pharmacity Softening Foot Cream làm mềm mịn, giảm nứt nẻ gót chân ( Tuýp 50g)",Pharmacity,Dưỡng thể & massage,59000.0,4.9,Pharmacity_VN,VND,59000.0
ORD00116,C0250,Mai Quốc Tú,34,Nam,Đà Nẵng,P30109,4,1120000,2026-02-07,COD,Dung dịch vệ sinh Saforelle Ultra Mild Cleansing Foam (Ultra Douce) 250ml,Saforelle,Dung dịch vệ sinh phụ nữ,280000.0,4.85,Pharmacity_VN,VND,280000.0
ORD00117,C0131,Phạm Hữu Trung,18,Nam,TP. Hồ Chí Minh,P19284,1,175000,2026-02-07,Tiền mặt,Dung Dịch Vệ Sinh Saforelle Soin Lavant Ultra Hydratant  (chai 100ml),Saforelle,Dung dịch vệ sinh phụ nữ,175000.0,4.51,Pharmacity_VN,VND,175000.0
ORD00118,C0162,Trần Mỹ Dương,38,Nữ,Đà Nẵng,P10953,1,47000,2026-02-07,Thẻ ngân hàng,Bàn Chải Đánh Răng SENSODYNE Repair & Protect,Sensodyne (GSK OTC),Bàn chải đánh răng,47000.0,4.97,Pharmacity_VN,VND,47000.0
ORD00119,C0156,Nguyễn Hữu Nhiên,23,Nam,Hà Nội,P07555,3,117000,2026-02-07,Tiền mặt,Kem Đánh Răng CLOSE UP White Attraction Diamond Trắng Sáng (tuýp 100g),Close up,Kem đánh răng,39000.0,4.92,Pharmacity_VN,VND,39000.0
ORD00120,C0157,Dương Quốc Minh,49,Nam,TP. Hồ Chí Minh,P03864,1,92000,2026-02-07,Tiền mặt,Lăn Ngăn Mùi Cho Nam NIVEA MEN Cool Kick (Chai 50ml),Nivea,Khử mùi cho nam,92000.0,4.96,Pharmacity_VN,VND,92000.0
ORD00121,C0328,Bùi Ngọc Chi,38,Nữ,Hà Nội,P23014,3,113400,2026-02-08,COD,Bàn Chải Đánh Răng P/S White Detox Kháng Khuẩn,P/S,Bàn chải đánh răng,37800.0,4.93,Pharmacity_VN,VND,37800.0
ORD00122,C0087,Đặng Mỹ Xuân,39,Nữ,Hà Nội,P14041,1,61000,2026-02-08,Tiền mặt,Băng vệ sinh siêu mỏng mát lạnh Diana Sensi Cool Fresh (Gói 20 miếng),Diana,Băng vệ sinh,61000.0,4.99,Pharmacity_VN,VND,61000.0
ORD00123,C0316,Mai Thị Hương,30,Nữ,TP. Hồ Chí Minh,P25487,1,140250,2026-02-08,Thẻ ngân hàng,Nước Súc Miệng LISTERINE Total Care Sensitive Cho Răng Nhạy Cảm (Chai 750ml),Listerine,Nước súc miệng,140250.0,4.5,Pharmacity_VN,VND,140250.0
ORD00124,C0168,Trần Thu Hồng,49,Nữ,TP. Hồ Chí Minh,P13640,5,180000,2026-02-08,Ví điện tử,Băng vệ sinh Kotex Siêu ban đêm 35cm (8 miếng/ gói),Kotex,Băng vệ sinh,36000.0,4.97,Pharmacity_VN,VND,36000.0
ORD00125,C0209,Trần Văn Hoàng,35,Nam,Đà Nẵng,P22138,1,64000,2026-02-08,Ví điện tử,Kem Đánh Răng COLGATE Muối Himalaya Sáng Khỏe (tuýp 180g),Colgate,Kem đánh răng,64000.0,4.55,Pharmacity_VN,VND,64000.0
ORD00126,C0012,Bùi Mỹ Mai,25,Nữ,Hà Nội,P12966,2,369000,2026-02-09,Thẻ ngân hàng,Sữa Tắm LIFEBUOY Matcha & Khổ Qua giúp kháng khuẩn cho da (800g),Lifebuoy,Sữa tắm,184500.0,4.98,Pharmacity_VN,VND,184500.0
ORD00127,C0158,Mai Thu Lan,35,Nữ,TP. Hồ Chí Minh,P03305,1,103000,2026-02-09,Thẻ ngân hàng,Bọt Cạo Râu GILLETTE FOAMY METHOL Hương Bạc Hà (175g),Gillette,Dao cạo râu & Bọt cạo râu,103000.0,4.63,Pharmacity_VN,VND,103000.0
ORD00128,C0234,Dương Mỹ Linh,23,Nữ,Hà Nội,P28162,2,398000,2026-02-10,Tiền mặt,Sữa tắm dược liệu Thuần Mộc (Chai 300ml),Thuan Moc,Sữa tắm,199000.0,4.6,Pharmacity_VN,VND,199000.0
ORD00129,C0220,Mai Minh Huy,31,Nam,TP. Hồ Chí Minh,P10952,2,79000,2026-02-10,COD,Bàn Chải Đánh Răng SENSODYNE Multi Care Dành Cho Răng Nhạy Cảm,Sensodyne (GSK OTC),Bàn chải đánh răng,39500.0,4.67,Pharmacity_VN,VND,39500.0
ORD00130,C0080,Hoàng Văn Trung,18,Nam,TP. Hồ Chí Minh,P28944,4,378000,2026-02-10,COD,Dầu gội thảo mộc giảm gàu Herbal Wellness by Pharmacity chai 450ml,Herbal Wellness,Dầu gội đầu,94500.0,4.71,Pharmacity_VN,VND,94500.0
ORD00131,C0260,Vũ Thu Vân,38,Nữ,TP. Hồ Chí Minh,P22140,2,67080,2026-02-10,COD,Chỉ Nha Khoa JOMI Hỗ Trợ Làm Sạch Mảng Bám Trong Kẽ Răng (cuộn 50m),Jomi,Tăm chỉ nha khoa,33540.0,4.93,Pharmacity_VN,VND,33540.0
ORD00132,C0067,Bùi Quốc Trọng,29,Nam,TP. Hồ Chí Minh,P04214,1,106000,2026-02-10,Tiền mặt,Dung Dịch Vệ Sinh Phụ Nữ Lactacyd Soft & Silky (250ml),Sanofi CHC (Lactacyd brand),Dung dịch vệ sinh phụ nữ,106000.0,4.57,Pharmacity_VN,VND,106000.0
ORD00133,C0212,Mai Mỹ Lan,41,Nữ,Đà Nẵng,P29689,3,447000,2026-02-10,Ví điện tử,Kem Nhuộm Tóc Garnier Màu 3 Nâu Đen (50g+50ml+5g/Hộp),Garnier,Nhuộm tóc,149000.0,4.93,Pharmacity_VN,VND,149000.0
ORD00134,C0053,Lê Minh Anh,23,Nam,TP. Hồ Chí Minh,P16878,1,18000,2026-02-11,Ví điện tử,Nước hoa Feliz Perfume Provence (Màu hồng),Feliz Provence,Dưỡng thể & massage,18000.0,4.85,Pharmacity_VN,VND,18000.0
ORD00135,C0157,Dương Quốc Minh,49,Nam,TP. Hồ Chí Minh,P03306,2,164800,2026-02-11,Tiền mặt,Bọt Cạo Râu GILLETTE FOAMY LEMON LIME Hương Chanh (175g),Gillette,Dao cạo râu & Bọt cạo râu,82400.0,4.62,Pharmacity_VN,VND,82400.0
ORD00136,C0127,Trần Minh Hưng,20,Nam,TP. Hồ Chí Minh,P13420,3,183000,2026-02-11,Ví điện tử,Sáp dưỡng ẩm Vaseline Pure Petroleum Jelly Original (50ml),Vaseline,Dưỡng thể & massage,61000.0,4.77,Pharmacity_VN,VND,61000.0
ORD00137,C0108,Hoàng Hữu Tùng,32,Nam,Hà Nội,P12977,1,147200,2026-02-11,COD,Sáp khử mùi Old Spice Fiji With Palm Tree Anti-Perspirant & Deodorant (Chai 73g),Old Spice,Khử mùi cho nam,147200.0,4.63,Pharmacity_VN,VND,147200.0
ORD00138,C0109,Phạm Ngọc Duyên,33,Nữ,Hà Nội,P12633,1,21500,2026-02-11,Tiền mặt,Kem Đánh Răng P/S Trẻ Em Từ 2-6 Tuổi Hương Dâu và Trái Cây (tuýp 45g),P/S,Kem đánh răng,21500.0,4.89,Pharmacity_VN,VND,21500.0
ORD00139,C0259,Đặng Quốc Tú,34,Nam,TP. Hồ Chí Minh,P10953,5,235000,2026-02-11,Ví điện tử,Bàn Chải Đánh Răng SENSODYNE Repair & Protect,Sensodyne (GSK OTC),Bàn chải đánh răng,47000.0,4.97,Pharmacity_VN,VND,47000.0
ORD00140,C0246,Nguyễn Mỹ Hương,27,Nữ,Cần Thơ,P21168,2,490000,2026-02-11,Ví điện tử,Dầu Gội OGX Thick & Full Bổ Sung Biotin Collagen Cho Tóc (chai 385ml),OGX,Dầu gội đầu,245000.0,4.75,Pharmacity_VN,VND,245000.0
ORD00141,C0201,Bùi Thu Ánh,34,Nữ,TP. Hồ Chí Minh,P27321,1,111000,2026-02-12,Ví điện tử,Dung dịch vệ sinh phụ nữ hàng ngày DottorPrimo Emergyn Fresh 100ml,Dottorprimo,Dung dịch vệ sinh phụ nữ,111000.0,4.94,Pharmacity_VN,VND,111000.0
ORD00142,C0282,Vũ Hữu Quang,37,Nam,TP. Hồ Chí Minh,P17762,3,75000,2026-02-12,Ví điện tử,Băng vệ sinh hàng ngày Kotex Cool (20 miếng),Kotex,Băng vệ sinh,25000.0,4.52,Pharmacity_VN,VND,25000.0
ORD00143,C0142,Bùi Mỹ Chi,43,Nữ,TP. Hồ Chí Minh,P11349,4,148000,2026-02-12,Tiền mặt,Pharmacity Bàn chải đánh răng cho răng siêu nhạy cảm Extra Sensitive,Pharmacity,Bàn chải đánh răng,37000.0,4.72,Pharmacity_VN,VND,37000.0
ORD00144,C0303,Dương Thu Duyên,37,Nữ,Hải Phòng,P03492,3,135150,2026-02-12,COD,Bàn Chải Đánh Răng COLGATE SlimSoft Charcoal Siêu Mềm Mảnh,Colgate,Bàn chải đánh răng,45050.0,4.79,Pharmacity_VN,VND,45050.0
ORD00145,C0205,Lê Thu Yến,18,Nữ,Cần Thơ,P21171,2,50000,2026-02-12,Ví điện tử,Serum Dưỡng Tóc ELLIPS Phục Hồi Hư Tổn Pro Keratin Hair Repair (vỉ 6 viên),Ellips,Dưỡng tóc,25000.0,4.7,Pharmacity_VN,VND,25000.0
ORD00146,C0222,Lê Ngọc Xuân,18,Nữ,Đà Nẵng,P17508,1,81000,2026-02-13,Tiền mặt,Bộ Đôi Bàn Chải Đánh Răng COLGATE SlimSoft Advanced Siêu Mềm Mảnh,Colgate,Bàn chải đánh răng,81000.0,4.95,Pharmacity_VN,VND,81000.0
ORD00147,C0229,Phạm Minh Anh,23,Nam,TP. Hồ Chí Minh,P30052,5,175000,2026-02-13,Tiền mặt,Pharmacity Tăm chỉ nha khoa (Gói 90 cây),Pharmacity,Tăm chỉ nha khoa,35000.0,4.51,Pharmacity_VN,VND,35000.0
ORD00148,C0015,Lê Ngọc Yến,18,Nữ,TP. Hồ Chí Minh,P00429,1,71000,2026-02-13,Tiền mặt,Nước Súc Miệng LISTERINE Cool Mint Hơi Thở Thơm Mát (Chai 250ml),Listerine,Nước súc miệng,71000.0,4.95,Pharmacity_VN,VND,71000.0
ORD00149,C0055,Mai Thị Vân,40,Nữ,Cần Thơ,P18076,1,49000,2026-02-14,COD,Bộ Đôi Bàn Chải Đánh Răng SENSODYNE Sensitive Extra Soft Ê Chăm Sóc Răng  Buốt và Êm Dịu Nướu,Sensodyne (GSK OTC),Bàn chải đánh răng,49000.0,4.52,Pharmacity_VN,VND,49000.0
ORD00150,C0123,Trần Thị Hương,44,Nữ,TP. Hồ Chí Minh,P18076,1,49000,2026-02-15,Thẻ ngân hàng,Bộ Đôi Bàn Chải Đánh Răng SENSODYNE Sensitive Extra Soft Ê Chăm Sóc Răng  Buốt và Êm Dịu Nướu,Sensodyne (GSK OTC),Bàn chải đánh răng,49000.0,4.52,Pharmacity_VN,VND,49000.0
ORD00151,C0322,Mai Thu Chi,36,Nữ,Hà Nội,P30705,1,62500,2026-02-15,Thẻ ngân hàng,LoveBody Sữa tắm Oải Hương Mật Ong (Chai 550ml),LoveBody,Sữa tắm,62500.0,4.71,Pharmacity_VN,VND,62500.0
ORD00152,C0124,Bùi Mỹ Linh,18,Nữ,Hải Phòng,P12848,3,568980,2026-02-16,COD,Tã quần mỏng thoáng size L cho người lớn Caryn (14 miếng/gói),Caryn,Tã dán,189660.0,4.86,Pharmacity_VN,VND,189660.0
ORD00153,C0325,Bùi Văn Thành,20,Nam,TP. Hồ Chí Minh,P07542,2,294000,2026-02-16,Ví điện tử,Sữa tắm dưỡng ẩm Johnson's pH 5.5  với dầu hạnh nhân (750ml),Johnson,Sữa tắm,147000.0,4.99,Pharmacity_VN,VND,147000.0
ORD00154,C0094,Lê Hữu Hoàng,27,Nam,Đà Nẵng,P28567,3,549000,2026-02-16,Ví điện tử,Dầu gội dược liệu Nguyên Xuân xanh cho tóc hư tổn (Chai 450ml/520g),Nguyen Xuan,Dầu gội đầu,183000.0,4.99,Pharmacity_VN,VND,183000.0
ORD00155,C0175,Vũ Thị Chi,33,Nữ,TP. Hồ Chí Minh,P09561,4,180000,2026-02-16,COD,Băng vệ sinh ban ngày siêu mỏng cánh Laurier Super Slimguard 22.5cm (10 miếng/gói),Laurier,Băng vệ sinh,45000.0,4.97,Pharmacity_VN,VND,45000.0
ORD00156,C0175,Vũ Thị Chi,33,Nữ,TP. Hồ Chí Minh,P28567,2,366000,2026-02-16,Thẻ ngân hàng,Dầu gội dược liệu Nguyên Xuân xanh cho tóc hư tổn (Chai 450ml/520g),Nguyen Xuan,Dầu gội đầu,183000.0,4.99,Pharmacity_VN,VND,183000.0
ORD00157,C0262,Bùi Thu Linh,29,Nữ,Đà Nẵng,P18993,1,215000,2026-02-16,COD,Dầu Xả TSUBAKI Phục Hồi Ngăn Rụng Tóc (Chai 490ml),Tsubaki,Dầu xả,215000.0,4.86,Pharmacity_VN,VND,215000.0
ORD00158,C0290,Dương Văn Thành,24,Nam,Hà Nội,P03296,1,21000,2026-02-17,Thẻ ngân hàng,Dao Cạo Râu Cán Vàng GILLETTE SUPER THIN (2 Cây/Gói),Gillette,Dao cạo râu & Bọt cạo râu,21000.0,4.69,Pharmacity_VN,VND,21000.0
ORD00159,C0074,Lê Văn Bảo,46,Nam,Đà Nẵng,P30258,1,89000,2026-02-17,Tiền mặt,Xịt rửa tay PURE FRESH hương Cherry Blossom (30ml),Pure Fresh,Nước rửa tay,89000.0,4.95,Pharmacity_VN,VND,89000.0
ORD00160,C0030,Trần Thu Ngọc,27,Nữ,Hà Nội,P22140,2,67080,2026-02-18,Ví điện tử,Chỉ Nha Khoa JOMI Hỗ Trợ Làm Sạch Mảng Bám Trong Kẽ Răng (cuộn 50m),Jomi,Tăm chỉ nha khoa,33540.0,4.93,Pharmacity_VN,VND,33540.0
ORD00161,C0226,Nguyễn Ngọc Lan,41,Nữ,Hà Nội,P21161,3,516000,2026-02-18,Ví điện tử,Sữa Tắm LIFEBUOY Bảo Vệ Vượt Trội 10 Giúp Bảo Vệ Khỏi Vi Khuẩn Gây Bệnh (chai 800g),Lifebuoy,Sữa tắm,172000.0,4.85,Pharmacity_VN,VND,172000.0
ORD00162,C0317,Lê Quốc Hoàng,37,Nam,TP. Hồ Chí Minh,P28945,1,94500,2026-02-18,Ví điện tử,Dầu gội thảo mộc giảm rụng tóc Herbal Wellness by Pharmacity chai 450ml,Herbal Wellness,Dầu gội đầu,94500.0,4.99,Pharmacity_VN,VND,94500.0
ORD00163,C0320,Trần Mỹ Hồng,29,Nữ,TP. Hồ Chí Minh,P04801,1,10000,2026-02-18,Thẻ ngân hàng,Băng Vệ Sinh Kháng Khuẩn Hàng Ngày DIANA SENSI (8 Miếng),Diana,Băng vệ sinh,10000.0,4.99,Pharmacity_VN,VND,10000.0
ORD00164,C0333,Mai Ngọc Vi,31,Nữ,Đà Nẵng,P01267,1,56700,2026-02-18,Thẻ ngân hàng,Dầu Gội SELSUN Anti Dandruff Giảm Gàu và Giảm Ngứa Da Đầu (Chai 50ml),Selsun,Dầu gội đầu,56700.0,4.84,Pharmacity_VN,VND,56700.0
ORD00165,C0151,Phạm Ngọc Thảo,33,Nữ,Cần Thơ,P30403,1,112850,2026-02-18,Ví điện tử,Dầu Gội Xmen For Boss Pro Hair Sạch Gàu & Giảm Gãy Rụng 350g,X Men,Chăm sóc tóc cho nam,112850.0,4.59,Pharmacity_VN,VND,112850.0
ORD00166,C0240,Vũ Thu Linh,39,Nữ,TP. Hồ Chí Minh,P29767,5,445000,2026-02-18,COD,Dung dịch rửa tay khô sát khuẩn TH.A 500ml,TH-A,Nước rửa tay,89000.0,4.63,Pharmacity_VN,VND,89000.0
ORD00167,C0061,Dương Thị Hương,25,Nữ,Hà Nội,P29715,2,270000,2026-02-18,Ví điện tử,Feliz Sữa tắm hương Vanilla (Chai 1 lít),Pharmacity,Sữa tắm,135000.0,4.97,Pharmacity_VN,VND,135000.0
ORD00168,C0238,Đặng Minh Anh,32,Nam,TP. Hồ Chí Minh,P14148,2,98560,2026-02-18,Ví điện tử,Kem Đánh Răng Dược Liệu NGỌC CHÂU Truyền Thống tuýp 100g,Ngoc Chau,Kem đánh răng,49280.0,4.96,Pharmacity_VN,VND,49280.0
ORD00169,C0015,Lê Ngọc Yến,18,Nữ,TP. Hồ Chí Minh,P15979,2,216000,2026-02-19,Thẻ ngân hàng,Kem Đánh Răng SENSODYNE Rapid Action Giúp Giảm Ê Buốt Nhanh (Tuýp 100g),Sensodyne (GSK OTC),Kem đánh răng,108000.0,4.62,Pharmacity_VN,VND,108000.0
ORD00170,C0013,Dương Văn Nhiên,32,Nam,TP. Hồ Chí Minh,P28114,3,87000,2026-02-19,COD,Sữa tắm thảo dược gừng nghệ Cỏ Cây Hoa Lá (Túi 30g),Cocayhoala,Sữa tắm,29000.0,4.59,Pharmacity_VN,VND,29000.0
ORD00171,C0265,Phạm Thu Hồng,27,Nữ,Hà Nội,P23089,3,461700,2026-02-19,Tiền mặt,Nước Súc Miệng LISTERINE Gum Care Giúp Nướu Chắc Khỏe (Chai 750ml),Listerine,Nước súc miệng,153900.0,4.85,Pharmacity_VN,VND,153900.0
ORD00172,C0200,Nguyễn Thị Hương,19,Nữ,TP. Hồ Chí Minh,P17487,4,110000,2026-02-19,COD,Băng vệ sinh siêu mỏng không cánh Diana Cool Fresh 23cm (8 miếng),Diana,Băng vệ sinh,27500.0,4.8,Pharmacity_VN,VND,27500.0
ORD00173,C0079,Vũ Quốc Minh,31,Nam,Cần Thơ,P26099,3,336000,2026-02-19,Ví điện tử,Sáp ngăn mùi cho nam Nivea Cool Kick (Chai 50ml),Nivea,Khử mùi cho nam,112000.0,4.52,Pharmacity_VN,VND,112000.0
ORD00174,C0016,Bùi Thu Linh,24,Nữ,Hà Nội,P17495,1,69520,2026-02-20,COD,Lăn khử mùi X-Men For Boss Luxury (50ml),X Men,Khử mùi cho nam,69520.0,4.61,Pharmacity_VN,VND,69520.0
ORD00175,C0175,Vũ Thị Chi,33,Nữ,TP. Hồ Chí Minh,P03868,1,76000,2026-02-20,COD,Lăn Khử Mùi NIVEA MEN DRY IMPACT (Chai 50ml),Nivea,Khử mùi cho nam,76000.0,4.78,Pharmacity_VN,VND,76000.0
ORD00176,C0291,Phạm Minh Hoàng,28,Nam,Đà Nẵng,P21165,1,119700,2026-02-20,COD,Tẩy Da Chết COCOON Giúp Làm Sạch Da Chết Cơ Thể (hũ 200ml),Cocoon,Tẩy tế bào chết toàn thân,119700.0,4.82,Pharmacity_VN,VND,119700.0
ORD00177,C0306,Lê Văn Châu,31,Nam,Hà Nội,P27758,1,34000,2026-02-20,Thẻ ngân hàng,Pharmacity Nước rửa tay bảo vệ tối ưu (Chai 200ml),Pharmacity,Nước rửa tay,34000.0,4.79,Pharmacity_VN,VND,34000.0
ORD00178,C0260,Vũ Thu Vân,38,Nữ,TP. Hồ Chí Minh,P30052,1,35000,2026-02-21,COD,Pharmacity Tăm chỉ nha khoa (Gói 90 cây),Pharmacity,Tăm chỉ nha khoa,35000.0,4.51,Pharmacity_VN,VND,35000.0
ORD00179,C0214,Nguyễn Quốc Khoa,37,Nam,Hải Phòng,P03870,1,118000,2026-02-21,COD,Xịt Ngăn Mùi Cho Nam NIVEA MEN Silver Protect Dynamic Power (Chai 150ml),Nivea,Khử mùi cho nam,118000.0,4.83,Pharmacity_VN,VND,118000.0
ORD00180,C0021,Trần Thu Linh,45,Nữ,Hà Nội,P27326,1,243000,2026-02-22,Ví điện tử,Tresemme DX Vao Nep Muot Ma 620g,Tresemme,Dầu xả,243000.0,4.98,Pharmacity_VN,VND,243000.0
ORD00181,C0234,Dương Mỹ Linh,23,Nữ,Hà Nội,P17552,5,320000,2026-02-23,Thẻ ngân hàng,Nước Rửa Tay LIFEBUOY Chăm Sóc Da (túi 400g),Lifebuoy,Nước rửa tay,64000.0,4.71,Pharmacity_VN,VND,64000.0
ORD00182,C0275,Dương Hữu Bảo,20,Nam,Hà Nội,P22141,1,30375,2026-02-24,Ví điện tử,Tăm Chỉ Kẽ Răng JOMI Hỗ Trợ Làm Sạch Mảng Bám Trong Kẻ Răng (gói 80 cái),Jomi,Tăm chỉ nha khoa,30375.0,4.88,Pharmacity_VN,VND,30375.0
ORD00183,C0315,Đặng Ngọc Xuân,43,Nữ,Hải Phòng,P18975,2,490000,2026-02-24,Tiền mặt,Dao cạo March3+ Gillette (Hộp 1 cán dao + 2 lưỡi dao),Gillette,Dao cạo râu & Bọt cạo râu,245000.0,4.78,Pharmacity_VN,VND,245000.0
ORD00184,C0101,Phạm Minh Khoa,18,Nam,TP. Hồ Chí Minh,P17486,2,52000,2026-02-24,Ví điện tử,Băng vệ sinh siêu thấm Diana Cool Fresh mỏng không cánh 23cm (Gói 8 miếng),Diana,Băng vệ sinh,26000.0,4.51,Pharmacity_VN,VND,26000.0
ORD00185,C0096,Lê Quốc Anh,18,Nam,TP. Hồ Chí Minh,P11371,1,41860,2026-02-25,Tiền mặt,Kem đánh răng CLOSE UP than hoạt tính Detox (Tuýp 180g),Close up,Kem đánh răng,41860.0,4.7,Pharmacity_VN,VND,41860.0
ORD00186,C0008,Phạm Văn Quang,38,Nam,Hà Nội,P17488,1,19200,2026-02-26,Ví điện tử,Băng vệ sinh ban đêm có cánh Diana Sensi Cool Night Fresh 29cm (4 Miếng),Diana,Băng vệ sinh,19200.0,4.67,Pharmacity_VN,VND,19200.0
ORD00187,C0164,Trần Thị Xuân,22,Nữ,TP. Hồ Chí Minh,P14296,2,120000,2026-02-26,Tiền mặt,Nước Súc Miệng THÁI DƯƠNG Valentine (chai 500ml),Thai Duong,Nước súc miệng,60000.0,4.94,Pharmacity_VN,VND,60000.0
ORD00188,C0094,Lê Hữu Hoàng,27,Nam,Đà Nẵng,P30897,5,388000,2026-02-26,Tiền mặt,Oxy Sửa Rửa Mặt Nam kiềm dầu Oil Acne Wash,Oxy,Chăm sóc da mặt cho nam,77600.0,4.78,Pharmacity_VN,VND,77600.0
ORD00189,C0032,Vũ Thu Hương,49,Nữ,TP. Hồ Chí Minh,P03491,1,40000,2026-02-27,Ví điện tử,Bàn Chải Đánh Răng COLGATE Batman Cho Bé Trai,Colgate,Bàn chải đánh răng,40000.0,4.59,Pharmacity_VN,VND,40000.0
ORD00190,C0082,Lê Văn Tùng,34,Nam,Hà Nội,P28161,1,199000,2026-02-27,COD,Dầu gội dược liệu Thuần Mộc (Chai 300ml),Thuan Moc,Dầu gội đầu,199000.0,4.83,Pharmacity_VN,VND,199000.0
ORD00191,C0169,Hoàng Hữu Nhiên,28,Nam,TP. Hồ Chí Minh,P28161,1,199000,2026-02-28,Tiền mặt,Dầu gội dược liệu Thuần Mộc (Chai 300ml),Thuan Moc,Dầu gội đầu,199000.0,4.83,Pharmacity_VN,VND,199000.0
ORD00192,C0057,Hoàng Minh Huy,22,Nam,TP. Hồ Chí Minh,P17554,1,187000,2026-02-28,Thẻ ngân hàng,Nước Súc Miệng LISTERINE Green Tea Cho Răng Chắc Khỏe (Chai 750ml),Listerine,Nước súc miệng,187000.0,4.94,Pharmacity_VN,VND,187000.0
ORD00193,C0267,Lê Thu Duyên,46,Nữ,Hà Nội,P10405,1,45900,2026-02-28,COD,Kem Đánh Răng CLOSE UP Thơm Mát Bất Tận Tinh Thể Băng Tuyết tuýp 230g,Close up,Kem đánh răng,45900.0,4.65,Pharmacity_VN,VND,45900.0
ORD00194,C0312,Dương Hữu Vũ,41,Nam,TP. Hồ Chí Minh,P10956,1,45000,2026-03-01,Tiền mặt,Băng vệ sinh siêu mỏng cánh Sofy Skin Comfort Ultra Thin 26cm (8 miếng/gói),Sofy,Băng vệ sinh,45000.0,4.95,Pharmacity_VN,VND,45000.0
ORD00195,C0114,Nguyễn Quốc Dũng,55,Nam,Cần Thơ,P12846,1,159000,2026-03-01,Ví điện tử,Tã dán siêu thấm cho người lớn Caryn size XL (Gói 10 miếng),Caryn,Tã dán,159000.0,4.98,Pharmacity_VN,VND,159000.0
ORD00196,C0172,Đặng Thị Mai,22,Nữ,Hà Nội,P17624,1,189000,2026-03-01,COD,Dầu gội PANTENE Pro-V Hair Fall Control Ngăn Rụng Tóc (chai 650ml),Pantene,Dầu gội đầu,189000.0,4.85,Pharmacity_VN,VND,189000.0
ORD00197,C0020,Trần Hữu Thành,18,Nam,Đà Nẵng,P10405,3,137700,2026-03-01,COD,Kem Đánh Răng CLOSE UP Thơm Mát Bất Tận Tinh Thể Băng Tuyết tuýp 230g,Close up,Kem đánh răng,45900.0,4.65,Pharmacity_VN,VND,45900.0
ORD00198,C0061,Dương Thị Hương,25,Nữ,Hà Nội,P00387,2,146200,2026-03-01,Thẻ ngân hàng,Kem Rửa Mặt OXY DEEP WASH Sạch Sâu 100g,Oxy,Chăm sóc da mặt cho nam,73100.0,4.5,Pharmacity_VN,VND,73100.0
ORD00199,C0346,Lê Thị Ánh,32,Nữ,Hà Nội,P24704,1,191900,2026-03-02,Tiền mặt,Dầu Gội CLEAR 48 Giờ Sạch Gàu Ngứa (chai 630g),Clear,Dầu gội đầu,191900.0,4.61,Pharmacity_VN,VND,191900.0
ORD00200,C0330,Vũ Thị Vi,36,Nữ,Hải Phòng,P11482,1,159000,2026-03-02,Thẻ ngân hàng,Sữa dưỡng thể dưỡng sáng da ban đêm Nivea (350ml),Nivea,Dưỡng thể & massage,159000.0,4.51,Pharmacity_VN,VND,159000.0
ORD00201,C0157,Dương Quốc Minh,49,Nam,TP. Hồ Chí Minh,P00429,1,71000,2026-03-02,COD,Nước Súc Miệng LISTERINE Cool Mint Hơi Thở Thơm Mát (Chai 250ml),Listerine,Nước súc miệng,71000.0,4.95,Pharmacity_VN,VND,71000.0
ORD00202,C0261,Vũ Mỹ Dương,21,Nữ,TP. Hồ Chí Minh,P15467,5,114750,2026-03-02,Thẻ ngân hàng,Dầu Gội MATRIX Gội Là Đen hộp 10 gói,MATRIX,Dầu gội đầu,22950.0,4.72,Pharmacity_VN,VND,22950.0
ORD00203,C0010,Nguyễn Minh Tùng,35,Nam,Hải Phòng,P27321,2,222000,2026-03-03,Ví điện tử,Dung dịch vệ sinh phụ nữ hàng ngày DottorPrimo Emergyn Fresh 100ml,Dottorprimo,Dung dịch vệ sinh phụ nữ,111000.0,4.94,Pharmacity_VN,VND,111000.0
ORD00204,C0301,Mai Ngọc Vân,22,Nữ,TP. Hồ Chí Minh,P01267,3,170100,2026-03-03,Thẻ ngân hàng,Dầu Gội SELSUN Anti Dandruff Giảm Gàu và Giảm Ngứa Da Đầu (Chai 50ml),Selsun,Dầu gội đầu,56700.0,4.84,Pharmacity_VN,VND,56700.0
ORD00205,C0277,Dương Minh Phúc,32,Nam,Hà Nội,P29767,2,178000,2026-03-03,Thẻ ngân hàng,Dung dịch rửa tay khô sát khuẩn TH.A 500ml,TH-A,Nước rửa tay,89000.0,4.63,Pharmacity_VN,VND,89000.0
ORD00206,C0014,Vũ Quốc Nam,18,Nam,Hà Nội,P30108,4,688000,2026-03-03,Ví điện tử,Dung dịch vệ sinh Saforelle Fresh Cleansing care (Fraicheur) 100ml,Saforelle,Dung dịch vệ sinh phụ nữ,172000.0,4.54,Pharmacity_VN,VND,172000.0
ORD00207,C0190,Mai Văn Khoa,18,Nam,Hải Phòng,P21701,3,114000,2026-03-04,Ví điện tử,Băng vệ sinh ban đêm dạng quần Kotex size M/L (Gói 2 miếng),Kotex,Băng vệ sinh,38000.0,4.83,Pharmacity_VN,VND,38000.0
ORD00208,C0204,Lê Văn Anh,41,Nam,TP. Hồ Chí Minh,P04630,4,416000,2026-03-04,Tiền mặt,Dầu Gội THORAKAO Hoa Bưởi Mềm Mại và Óng Mượt (chai 400ml),Thorakao,Dầu gội đầu,104000.0,4.82,Pharmacity_VN,VND,104000.0
ORD00209,C0336,Vũ Thị Hồng,29,Nữ,TP. Hồ Chí Minh,P28567,2,366000,2026-03-04,Tiền mặt,Dầu gội dược liệu Nguyên Xuân xanh cho tóc hư tổn (Chai 450ml/520g),Nguyen Xuan,Dầu gội đầu,183000.0,4.99,Pharmacity_VN,VND,183000.0
ORD00210,C0267,Lê Thu Duyên,46,Nữ,Hà Nội,P26099,1,112000,2026-03-04,Ví điện tử,Sáp ngăn mùi cho nam Nivea Cool Kick (Chai 50ml),Nivea,Khử mùi cho nam,112000.0,4.52,Pharmacity_VN,VND,112000.0
ORD00211,C0052,Bùi Văn Bảo,26,Nam,TP. Hồ Chí Minh,P18080,3,171000,2026-03-04,Ví điện tử,Nước Súc Miệng Trẻ Em LISTERINE Vị Không Cay (Chai 250ml),Listerine,Nước súc miệng,57000.0,4.72,Pharmacity_VN,VND,57000.0
ORD00212,C0110,Phạm Mỹ Ngọc,29,Nữ,TP. Hồ Chí Minh,P28114,2,58000,2026-03-05,Thẻ ngân hàng,Sữa tắm thảo dược gừng nghệ Cỏ Cây Hoa Lá (Túi 30g),Cocayhoala,Sữa tắm,29000.0,4.59,Pharmacity_VN,VND,29000.0
ORD00213,C0247,Hoàng Hữu Huy,25,Nam,Cần Thơ,P03877,3,255000,2026-03-06,Thẻ ngân hàng,"Sữa Rửa Mặt Cho Nam NIVEA MEN Anti-Acne Oil Control Mud Foam giúp làm sạch, giảm mụn (Tuýp 100g)",Nivea,Chăm sóc da mặt cho nam,85000.0,4.82,Pharmacity_VN,VND,85000.0
ORD00214,C0136,Trần Mỹ Chi,45,Nữ,TP. Hồ Chí Minh,P16878,1,18000,2026-03-06,Thẻ ngân hàng,Nước hoa Feliz Perfume Provence (Màu hồng),Feliz Provence,Dưỡng thể & massage,18000.0,4.85,Pharmacity_VN,VND,18000.0
ORD00215,C0235,Vũ Hữu Quang,51,Nam,TP. Hồ Chí Minh,P21162,4,560000,2026-03-06,Ví điện tử,Sữa Tắm HATOMUGI Hỗ Trợ Làm Sáng Da (chai 800ml),Hatomugi,Sữa tắm,140000.0,4.63,Pharmacity_VN,VND,140000.0
ORD00216,C0158,Mai Thu Lan,35,Nữ,TP. Hồ Chí Minh,P10412,3,57000,2026-03-06,Thẻ ngân hàng,Bàn chải đánh răng trẻ em từ 2 đến 6 tuổi P/S siêu mềm,P/S,Bàn chải đánh răng,19000.0,4.88,Pharmacity_VN,VND,19000.0
ORD00217,C0201,Bùi Thu Ánh,34,Nữ,TP. Hồ Chí Minh,P28070,1,125000,2026-03-07,Tiền mặt,"Dầu gội Pharmacity Argan Oil phục hồi, giảm khô tóc (Chai 490ml)",Pharmacity,Dầu gội đầu,125000.0,4.75,Pharmacity_VN,VND,125000.0
ORD00218,C0337,Dương Quốc Nam,22,Nam,TP. Hồ Chí Minh,P21582,5,930000,2026-03-07,COD,Dung dịch vệ sinh phụ nữ cao cấp hằng ngày Femfresh Daily Intimate Wash (250ml),Femfresh,Dung dịch vệ sinh phụ nữ,186000.0,4.82,Pharmacity_VN,VND,186000.0
ORD00219,C0336,Vũ Thị Hồng,29,Nữ,TP. Hồ Chí Minh,P03866,2,184000,2026-03-07,COD,Lăn ngăn mùi NIVEA MEN SILVER PROTECT (Chai 50ml),Nivea,Khử mùi cho nam,92000.0,4.6,Pharmacity_VN,VND,92000.0
ORD00220,C0297,Nguyễn Quốc Tùng,39,Nam,TP. Hồ Chí Minh,P10956,4,180000,2026-03-07,COD,Băng vệ sinh siêu mỏng cánh Sofy Skin Comfort Ultra Thin 26cm (8 miếng/gói),Sofy,Băng vệ sinh,45000.0,4.95,Pharmacity_VN,VND,45000.0
ORD00221,C0061,Dương Thị Hương,25,Nữ,Hà Nội,P25459,1,58000,2026-03-07,Ví điện tử,Băng vệ sinh Sensi Supernight 29cm (Gói 12 miếng),Diana,Băng vệ sinh,58000.0,4.68,Pharmacity_VN,VND,58000.0
ORD00222,C0251,Bùi Văn Nhiên,18,Nam,TP. Hồ Chí Minh,P25084,1,12000,2026-03-07,COD,Băng vệ sinh ban ngày siêu mỏng không cánh Kotex Gardenia Deo+ 23cm (8 miếng),Kotex,Băng vệ sinh,12000.0,4.71,Pharmacity_VN,VND,12000.0
ORD00223,C0233,Phạm Ngọc Mai,30,Nữ,TP. Hồ Chí Minh,P29978,2,435000,2026-03-08,Ví điện tử,Sữa Tắm Anok Dưỡng Ẩm Smoothing & Hydrating 300ml/Chai,Anok,Sữa tắm,217500.0,4.73,Pharmacity_VN,VND,217500.0
ORD00224,C0140,Nguyễn Quốc Vũ,18,Nam,TP. Hồ Chí Minh,P25943,2,54000,2026-03-08,Thẻ ngân hàng,Băng vệ sinh Diana than hoạt tính siêu thấm siêu mỏng cánh (Gói 8 miếng),Diana,Băng vệ sinh,27000.0,4.88,Pharmacity_VN,VND,27000.0
ORD00225,C0177,Nguyễn Hữu Bảo,30,Nam,TP. Hồ Chí Minh,P29978,1,217500,2026-03-08,Thẻ ngân hàng,Sữa Tắm Anok Dưỡng Ẩm Smoothing & Hydrating 300ml/Chai,Anok,Sữa tắm,217500.0,4.73,Pharmacity_VN,VND,217500.0
ORD00226,C0197,Đặng Thị Mai,21,Nữ,Hải Phòng,P04720,1,21000,2026-03-08,Tiền mặt,Băng Vệ Sinh Hằng Ngày KOTEX Hương Tự Nhiên (20 Miếng),Kotex,Băng vệ sinh,21000.0,4.93,Pharmacity_VN,VND,21000.0
ORD00227,C0096,Lê Quốc Anh,18,Nam,TP. Hồ Chí Minh,P26253,1,12500,2026-03-09,COD,Băng vệ sinh Kotex Max Cool BVS cho ngày và đêm (Gói 6 miếng x 28cm),Kotex,Băng vệ sinh,12500.0,4.62,Pharmacity_VN,VND,12500.0
ORD00228,C0034,Trần Ngọc Hồng,19,Nữ,Hà Nội,P17617,1,45000,2026-03-09,Thẻ ngân hàng,Dầu Gội Dược Liệu NGUYÊN XUÂN Nâu Dành Cho Tóc Thường (Chai 200ml),Nguyen Xuan,Dầu gội đầu,45000.0,4.83,Pharmacity_VN,VND,45000.0
ORD00229,C0340,Lê Minh Bảo,24,Nam,TP. Hồ Chí Minh,P06300,1,64000,2026-03-09,Ví điện tử,Dao Cạo Râu 2 Lưỡi SCHICK EXECTA 2 SYSTEM,Schick,Dao cạo râu & Bọt cạo râu,64000.0,4.67,Pharmacity_VN,VND,64000.0
ORD00230,C0272,Bùi Văn Nhiên,18,Nam,Hà Nội,P16681,4,314400,2026-03-09,COD,Xịt Ngăn Mùi NIVEA Whitening Deep Trắng Da Chuyên Sâu (chai 150ml),Nivea,Xịt khử mùi,78600.0,4.63,Pharmacity_VN,VND,78600.0
ORD00231,C0219,Trần Quốc Quang,25,Nam,TP. Hồ Chí Minh,P25083,3,37500,2026-03-09,COD,Băng vệ sinh ban ngày siêu mỏng cánh Kotex Gardenia Deo+ 23cm (8 miếng),Kotex,Băng vệ sinh,12500.0,4.96,Pharmacity_VN,VND,12500.0
ORD00232,C0032,Vũ Thu Hương,49,Nữ,TP. Hồ Chí Minh,P01143,1,53550,2026-03-10,Ví điện tử,Kem đánh răng hương bạc hà the mát Sensodyne (100g),Sensodyne (GSK OTC),Kem đánh răng,53550.0,4.86,Pharmacity_VN,VND,53550.0
ORD00233,C0077,Lê Ngọc Vân,31,Nữ,Hà Nội,P10808,3,405000,2026-03-10,COD,Dung dịch vệ sinh phụ nữ Crevil intim waschlotion (100ml),Crevil,Dung dịch vệ sinh phụ nữ,135000.0,4.76,Pharmacity_VN,VND,135000.0
ORD00234,C0155,Đặng Minh Hưng,33,Nam,TP. Hồ Chí Minh,P13777,4,72000,2026-03-10,COD,Bàn chải đánh răng trẻ em Pharmacity,Pharmacity,Bàn chải đánh răng,18000.0,4.86,Pharmacity_VN,VND,18000.0
ORD00235,C0071,Mai Quốc Anh,34,Nam,TP. Hồ Chí Minh,P08276,2,41000,2026-03-10,Ví điện tử,Băng vệ sinh kháng khuẩn hàng ngày Diana Sensi (20 miếng/gói),Diana,Băng vệ sinh,20500.0,4.58,Pharmacity_VN,VND,20500.0
ORD00236,C0120,Dương Hữu Quang,38,Nam,TP. Hồ Chí Minh,P08277,4,84240,2026-03-10,Ví điện tử,Băng vệ sinh siêu thấm mỏng cánh Diana Super Ultra Slim 0.1 (8 miếng/gói),Diana,Băng vệ sinh,21060.0,4.83,Pharmacity_VN,VND,21060.0
ORD00237,C0204,Lê Văn Anh,41,Nam,TP. Hồ Chí Minh,P19173,2,123200,2026-03-11,Tiền mặt,Bột Hỗ Trợ Tẩy Trắng Răng EUCRYL Toothpowder hũ 50g,Eucryl,Sản phẩm chăm sóc răng miệng khác,61600.0,4.67,Pharmacity_VN,VND,61600.0
ORD00238,C0340,Lê Minh Bảo,24,Nam,TP. Hồ Chí Minh,P04214,3,318000,2026-03-11,Tiền mặt,Dung Dịch Vệ Sinh Phụ Nữ Lactacyd Soft & Silky (250ml),Sanofi CHC (Lactacyd brand),Dung dịch vệ sinh phụ nữ,106000.0,4.57,Pharmacity_VN,VND,106000.0
ORD00239,C0083,Mai Mỹ Xuân,45,Nữ,TP. Hồ Chí Minh,P03819,1,55800,2026-03-11,COD,Dầu Xả SELSUN Dành Cho Tóc Gàu (chai 100ml),Selsun,Dầu xả,55800.0,4.82,Pharmacity_VN,VND,55800.0
ORD00240,C0251,Bùi Văn Nhiên,18,Nam,TP. Hồ Chí Minh,P14248,3,162000,2026-03-11,COD,Kem Đánh Răng P/S Than Hoạt Tính (tuýp 230g),P/S,Kem đánh răng,54000.0,4.58,Pharmacity_VN,VND,54000.0
ORD00241,C0332,Bùi Hữu Tùng,21,Nam,Hà Nội,P17512,1,20640,2026-03-11,Tiền mặt,Băng vệ sinh Kotex Max Cool Siêu mỏng không cánh (gói 8 miếng),Kotex,Băng vệ sinh,20640.0,4.89,Pharmacity_VN,VND,20640.0
ORD00242,C0341,Lê Thị Duyên,22,Nữ,TP. Hồ Chí Minh,P27884,2,236800,2026-03-12,COD,Sữa dưỡng thể ban ngày Vaseline Flawless Bright (Túyp 300ml),Vaseline,Dưỡng thể & massage,118400.0,4.7,Pharmacity_VN,VND,118400.0
ORD00243,C0151,Phạm Ngọc Thảo,33,Nữ,Cần Thơ,P00387,2,146200,2026-03-12,COD,Kem Rửa Mặt OXY DEEP WASH Sạch Sâu 100g,Oxy,Chăm sóc da mặt cho nam,73100.0,4.5,Pharmacity_VN,VND,73100.0
ORD00244,C0164,Trần Thị Xuân,22,Nữ,TP. Hồ Chí Minh,P17557,2,103000,2026-03-13,COD,Bàn Chải Đánh Răng CLOSE UP Precision Clean (hộp 1 cái),Close up,Bàn chải đánh răng,51500.0,4.64,Pharmacity_VN,VND,51500.0
ORD00245,C0030,Trần Thu Ngọc,27,Nữ,Hà Nội,P06631,4,70400,2026-03-13,COD,Băng Vệ Sinh Hàng Ngày LAURIER Không Hương (20 Miếng),Laurier,Băng vệ sinh,17600.0,4.92,Pharmacity_VN,VND,17600.0
ORD00246,C0299,Dương Quốc Hoàng,38,Nam,TP. Hồ Chí Minh,P17551,2,128000,2026-03-13,Tiền mặt,Nước Rửa Tay LIFEBUOY Bảo Vệ Vượt Trội 10 (túi 400g),Lifebuoy,Nước rửa tay,64000.0,4.78,Pharmacity_VN,VND,64000.0
ORD00247,C0056,Vũ Ngọc Yến,39,Nữ,Cần Thơ,P18032,2,50000,2026-03-13,Ví điện tử,Băng vệ sinh Kotex Max Cool siêu mỏng cánh (gói 8 miếng),Kotex,Băng vệ sinh,25000.0,4.8,Pharmacity_VN,VND,25000.0
ORD00248,C0188,Vũ Minh Trọng,29,Nam,Hà Nội,P29186,5,355000,2026-03-13,COD,Băng vệ sinh dạng quần Diana Comfy Night Size M-L (5 Chiếc/Gói),Diana,Băng vệ sinh,71000.0,4.6,Pharmacity_VN,VND,71000.0
ORD00249,C0084,Nguyễn Ngọc Duyên,25,Nữ,Hải Phòng,P03868,2,152000,2026-03-14,COD,Lăn Khử Mùi NIVEA MEN DRY IMPACT (Chai 50ml),Nivea,Khử mùi cho nam,76000.0,4.78,Pharmacity_VN,VND,76000.0
ORD00250,C0051,Phạm Hữu Châu,33,Nam,TP. Hồ Chí Minh,P11372,3,81000,2026-03-14,Ví điện tử,Băng vệ sinh Diana Sensi siêu mỏng không cánh (Gói 8 miếng),Diana,Băng vệ sinh,27000.0,4.87,Pharmacity_VN,VND,27000.0
ORD00251,C0046,Nguyễn Quốc Quang,23,Nam,Hà Nội,P17487,1,27500,2026-03-14,Ví điện tử,Băng vệ sinh siêu mỏng không cánh Diana Cool Fresh 23cm (8 miếng),Diana,Băng vệ sinh,27500.0,4.8,Pharmacity_VN,VND,27500.0
ORD00252,C0297,Nguyễn Quốc Tùng,39,Nam,TP. Hồ Chí Minh,P08879,4,112000,2026-03-14,Tiền mặt,Băng vệ sinh siêu mỏng cánh mát lạnh Diana Sensi Cool Fresh (8 miếng/gói),Diana,Băng vệ sinh,28000.0,4.77,Pharmacity_VN,VND,28000.0
ORD00253,C0198,Vũ Minh Minh,32,Nam,Cần Thơ,P12846,1,159000,2026-03-14,Thẻ ngân hàng,Tã dán siêu thấm cho người lớn Caryn size XL (Gói 10 miếng),Caryn,Tã dán,159000.0,4.98,Pharmacity_VN,VND,159000.0
ORD00254,C0007,Nguyễn Thị Hương,46,Nữ,Đà Nẵng,P25083,1,12500,2026-03-14,Ví điện tử,Băng vệ sinh ban ngày siêu mỏng cánh Kotex Gardenia Deo+ 23cm (8 miếng),Kotex,Băng vệ sinh,12500.0,4.96,Pharmacity_VN,VND,12500.0
ORD00255,C0102,Bùi Ngọc Dương,26,Nữ,TP. Hồ Chí Minh,P23144,3,174000,2026-03-15,Thẻ ngân hàng,Băng vệ sinh siêu mỏng không cánh Diana Sensi Cool Fresh (Gói 20 miếng),Diana,Băng vệ sinh,58000.0,4.74,Pharmacity_VN,VND,58000.0
ORD00256,C0209,Trần Văn Hoàng,35,Nam,Đà Nẵng,P04630,4,416000,2026-03-15,Tiền mặt,Dầu Gội THORAKAO Hoa Bưởi Mềm Mại và Óng Mượt (chai 400ml),Thorakao,Dầu gội đầu,104000.0,4.82,Pharmacity_VN,VND,104000.0
ORD00257,C0121,Dương Mỹ Vi,38,Nữ,Hà Nội,P03296,3,63000,2026-03-15,Ví điện tử,Dao Cạo Râu Cán Vàng GILLETTE SUPER THIN (2 Cây/Gói),Gillette,Dao cạo râu & Bọt cạo râu,21000.0,4.69,Pharmacity_VN,VND,21000.0
ORD00258,C0163,Phạm Minh Thành,42,Nam,TP. Hồ Chí Minh,P19284,3,525000,2026-03-16,Tiền mặt,Dung Dịch Vệ Sinh Saforelle Soin Lavant Ultra Hydratant  (chai 100ml),Saforelle,Dung dịch vệ sinh phụ nữ,175000.0,4.51,Pharmacity_VN,VND,175000.0
ORD00259,C0308,Phạm Mỹ Ánh,24,Nữ,TP. Hồ Chí Minh,P26598,3,293250,2026-03-16,Tiền mặt,Bộ Đôi Bàn Chải Đánh Răng COLGATE Gum Expert,Colgate,Bàn chải đánh răng,97750.0,4.74,Pharmacity_VN,VND,97750.0
ORD00260,C0185,Đặng Hữu Khoa,28,Nam,Cần Thơ,P04801,2,20000,2026-03-16,Tiền mặt,Băng Vệ Sinh Kháng Khuẩn Hàng Ngày DIANA SENSI (8 Miếng),Diana,Băng vệ sinh,10000.0,4.99,Pharmacity_VN,VND,10000.0
ORD00261,C0029,Hoàng Mỹ Mai,24,Nữ,Cần Thơ,P08280,1,22000,2026-03-16,COD,Băng vệ sinh ban đêm Diana Super Night 29cm (4 miếng/gói),Diana,Băng vệ sinh,22000.0,4.56,Pharmacity_VN,VND,22000.0
ORD00262,C0350,Phạm Quốc Bảo,28,Nam,TP. Hồ Chí Minh,P07595,3,377400,2026-03-17,COD,Sữa tắm nước hoa cao cấp X-men For Boss Intense Perfumed Shower Gel (Chai 380g),X Men,Sản phẩm tắm & dưỡng thể cho nam,125800.0,4.74,Pharmacity_VN,VND,125800.0
ORD00263,C0085,Đặng Quốc Châu,22,Nam,TP. Hồ Chí Minh,P18620,1,67500,2026-03-17,Thẻ ngân hàng,Sữa tắm hương Hoa hồng Feliz Body Wash Rose (Chai 1 lít),Feliz,Sữa tắm,67500.0,4.54,Pharmacity_VN,VND,67500.0
ORD00264,C0253,Nguyễn Minh Huy,51,Nam,Hà Nội,P26443,2,180000,2026-03-17,Thẻ ngân hàng,Bộ Đôi Bàn Chải Đánh Răng COLGATE Cushion Clean Charcoal,Colgate,Bàn chải đánh răng,90000.0,4.55,Pharmacity_VN,VND,90000.0
ORD00265,C0198,Vũ Minh Minh,32,Nam,Cần Thơ,P06631,3,52800,2026-03-17,Ví điện tử,Băng Vệ Sinh Hàng Ngày LAURIER Không Hương (20 Miếng),Laurier,Băng vệ sinh,17600.0,4.92,Pharmacity_VN,VND,17600.0
ORD00266,C0079,Vũ Quốc Minh,31,Nam,Cần Thơ,P29975,1,270000,2026-03-17,Tiền mặt,Dầu Gội Anok Giúp Giảm Rụng Tóc Anti Hair Loss 400ml/Chai,Anok,Dầu gội đầu,270000.0,4.8,Pharmacity_VN,VND,270000.0
ORD00267,C0013,Dương Văn Nhiên,32,Nam,TP. Hồ Chí Minh,P12638,3,81000,2026-03-17,Thẻ ngân hàng,Băng vệ sinh ban đêm siêu thoáng Diana Sensi Cool Fresh 35cm (3 miếng/gói),Diana,Băng vệ sinh,27000.0,4.57,Pharmacity_VN,VND,27000.0
ORD00268,C0210,Mai Mỹ Ngọc,69,Nữ,Hải Phòng,P19173,1,61600,2026-03-17,Tiền mặt,Bột Hỗ Trợ Tẩy Trắng Răng EUCRYL Toothpowder hũ 50g,Eucryl,Sản phẩm chăm sóc răng miệng khác,61600.0,4.67,Pharmacity_VN,VND,61600.0
ORD00269,C0174,Lê Ngọc Dương,33,Nữ,TP. Hồ Chí Minh,P27325,3,60000,2026-03-18,Ví điện tử,Băng vệ sinh thiên nhiên ban đêm có cánh Molped (35cm x 3 miếng),Molped,Băng vệ sinh,20000.0,4.9,Pharmacity_VN,VND,20000.0
ORD00270,C0162,Trần Mỹ Dương,38,Nữ,Đà Nẵng,P07598,1,124500,2026-03-18,Tiền mặt,Xịt khử mùi toàn thân X-men For Boss Intense Perfumed Deo Spray (Chai 150ml),X Men,Khử mùi cho nam,124500.0,4.97,Pharmacity_VN,VND,124500.0
ORD00271,C0333,Mai Ngọc Vi,31,Nữ,Đà Nẵng,P10403,1,45900,2026-03-18,Ví điện tử,Kem Đánh Răng CLOSE UP Bạc Hà The Mát (tuýp 230g),Close up,Kem đánh răng,45900.0,4.74,Pharmacity_VN,VND,45900.0
ORD00272,C0063,Trần Ngọc Lan,19,Nữ,Hà Nội,P20092,2,115200,2026-03-19,Thẻ ngân hàng,Bàn Chải Đánh Răng SENSODYNE Sensitive & Gum Soft Lông Tơ Mềm Mại,Sensodyne (GSK OTC),Bàn chải đánh răng,57600.0,4.99,Pharmacity_VN,VND,57600.0
ORD00273,C0119,Hoàng Thị Duyên,41,Nữ,Hà Nội,P03635,5,410000,2026-03-19,Ví điện tử,Nước Súc Miệng LISTERINE Green Tea Cho Răng Chắc Khỏe (Chai 250ml),Listerine,Nước súc miệng,82000.0,4.82,Pharmacity_VN,VND,82000.0
ORD00274,C0055,Mai Thị Vân,40,Nữ,Cần Thơ,P17486,4,104000,2026-03-19,Tiền mặt,Băng vệ sinh siêu thấm Diana Cool Fresh mỏng không cánh 23cm (Gói 8 miếng),Diana,Băng vệ sinh,26000.0,4.51,Pharmacity_VN,VND,26000.0
ORD00275,C0098,Hoàng Thu Hồng,33,Nữ,Cần Thơ,P10956,2,90000,2026-03-20,Ví điện tử,Băng vệ sinh siêu mỏng cánh Sofy Skin Comfort Ultra Thin 26cm (8 miếng/gói),Sofy,Băng vệ sinh,45000.0,4.95,Pharmacity_VN,VND,45000.0
ORD00276,C0033,Phạm Ngọc Ánh,30,Nữ,Hà Nội,P23129,1,221400,2026-03-20,Ví điện tử,Gel vệ sinh phụ nữ X2 Nano nghệ Cocayhoala (Chai 150ml),Cocayhoala,Dung dịch vệ sinh phụ nữ,221400.0,4.54,Pharmacity_VN,VND,221400.0
ORD00277,C0099,Phạm Mỹ Xuân,30,Nữ,TP. Hồ Chí Minh,P29186,1,71000,2026-03-20,Ví điện tử,Băng vệ sinh dạng quần Diana Comfy Night Size M-L (5 Chiếc/Gói),Diana,Băng vệ sinh,71000.0,4.6,Pharmacity_VN,VND,71000.0
ORD00278,C0275,Dương Hữu Bảo,20,Nam,Hà Nội,P18993,1,215000,2026-03-20,Ví điện tử,Dầu Xả TSUBAKI Phục Hồi Ngăn Rụng Tóc (Chai 490ml),Tsubaki,Dầu xả,215000.0,4.86,Pharmacity_VN,VND,215000.0
ORD00279,C0140,Nguyễn Quốc Vũ,18,Nam,TP. Hồ Chí Minh,P12848,2,379320,2026-03-21,COD,Tã quần mỏng thoáng size L cho người lớn Caryn (14 miếng/gói),Caryn,Tã dán,189660.0,4.86,Pharmacity_VN,VND,189660.0
ORD00280,C0112,Nguyễn Hữu Quang,30,Nam,TP. Hồ Chí Minh,P29694,2,578000,2026-03-22,Tiền mặt,Dầu gội L'ORÉAL PARIS ngăn ngừa và giảm gãy rụng tóc 440ml/chai,L'oreal,Dầu gội đầu,289000.0,4.66,Pharmacity_VN,VND,289000.0
ORD00281,C0193,Trần Quốc Tùng,32,Nam,Hải Phòng,P21165,1,119700,2026-03-22,Tiền mặt,Tẩy Da Chết COCOON Giúp Làm Sạch Da Chết Cơ Thể (hũ 200ml),Cocoon,Tẩy tế bào chết toàn thân,119700.0,4.82,Pharmacity_VN,VND,119700.0
ORD00282,C0180,Mai Thị Mai,57,Nữ,Hà Nội,P22880,1,152000,2026-03-23,Tiền mặt,Dầu Gội Dược Liệu THÁI DƯƠNG 7 Plus Dưỡng Tóc (chai 250ml),Thai Duong,Dầu gội đầu,152000.0,4.64,Pharmacity_VN,VND,152000.0
ORD00283,C0186,Lê Văn Bảo,37,Nam,Hà Nội,P18080,1,57000,2026-03-23,COD,Nước Súc Miệng Trẻ Em LISTERINE Vị Không Cay (Chai 250ml),Listerine,Nước súc miệng,57000.0,4.72,Pharmacity_VN,VND,57000.0
ORD00284,C0179,Trần Quốc Vũ,27,Nam,Hà Nội,P27757,2,150000,2026-03-23,Ví điện tử,Pharmacity Nước rửa tay chăm sóc toàn diện (Chai 500ml),Pharmacity,Nước rửa tay,75000.0,4.72,Pharmacity_VN,VND,75000.0
ORD00285,C0127,Trần Minh Hưng,20,Nam,TP. Hồ Chí Minh,P28071,1,84000,2026-03-23,Tiền mặt,"Pharmacity Dầu xả Argan Oil mềm mượt, giảm hư tổn (Chai 200ml)",Pharmacity,Dầu xả,84000.0,4.6,Pharmacity_VN,VND,84000.0
ORD00286,C0046,Nguyễn Quốc Quang,23,Nam,Hà Nội,P12629,4,260000,2026-03-23,Tiền mặt,Bàn Chải Đánh Răng COLGATE SlimSoft Flex Clean Charcoal,Colgate,Bàn chải đánh răng,65000.0,4.83,Pharmacity_VN,VND,65000.0
ORD00287,C0047,Nguyễn Quốc Dũng,25,Nam,Hà Nội,P14248,1,54000,2026-03-23,Ví điện tử,Kem Đánh Răng P/S Than Hoạt Tính (tuýp 230g),P/S,Kem đánh răng,54000.0,4.58,Pharmacity_VN,VND,54000.0
ORD00288,C0239,Trần Thu Vi,23,Nữ,Hà Nội,P22141,1,30375,2026-03-24,Ví điện tử,Tăm Chỉ Kẽ Răng JOMI Hỗ Trợ Làm Sạch Mảng Bám Trong Kẻ Răng (gói 80 cái),Jomi,Tăm chỉ nha khoa,30375.0,4.88,Pharmacity_VN,VND,30375.0
ORD00289,C0222,Lê Ngọc Xuân,18,Nữ,Đà Nẵng,P17557,3,154500,2026-03-24,COD,Bàn Chải Đánh Răng CLOSE UP Precision Clean (hộp 1 cái),Close up,Bàn chải đánh răng,51500.0,4.64,Pharmacity_VN,VND,51500.0
ORD00290,C0202,Vũ Mỹ Ngọc,36,Nữ,TP. Hồ Chí Minh,P09749,2,136000,2026-03-25,COD,Băng vệ sinh Sofy Soft Tampon mềm mại (9 miếng/hộp),Sofy,Băng vệ sinh,68000.0,4.97,Pharmacity_VN,VND,68000.0
ORD00291,C0113,Trần Thị Xuân,31,Nữ,Hải Phòng,P27325,1,20000,2026-03-25,COD,Băng vệ sinh thiên nhiên ban đêm có cánh Molped (35cm x 3 miếng),Molped,Băng vệ sinh,20000.0,4.9,Pharmacity_VN,VND,20000.0
ORD00292,C0203,Nguyễn Thu Linh,41,Nữ,Hà Nội,P07569,3,60000,2026-03-25,COD,Bàn Chải Đánh Răng P/S Lông Tơ Mềm Mại,P/S,Bàn chải đánh răng,20000.0,4.57,Pharmacity_VN,VND,20000.0
ORD00293,C0035,Vũ Quốc Bảo,38,Nam,TP. Hồ Chí Minh,P06300,1,64000,2026-03-25,COD,Dao Cạo Râu 2 Lưỡi SCHICK EXECTA 2 SYSTEM,Schick,Dao cạo râu & Bọt cạo râu,64000.0,4.67,Pharmacity_VN,VND,64000.0
ORD00294,C0124,Bùi Mỹ Linh,18,Nữ,Hải Phòng,OL00415,1,55000,2026-03-25,Ví điện tử,"Combo 5 Chai Nước muối sinh lý Pharmacity Natri Clorid 0,9% (500ml)",nan,Nước súc miệng,55000.0,4.56,Pharmacity_VN,VND,55000.0
ORD00295,C0321,Bùi Mỹ Linh,31,Nữ,Cần Thơ,P30409,2,290000,2026-03-25,COD,Sáp Khử Mùi Xmen For Boss Intense Xanh 80g,X Men,Khử mùi cho nam,145000.0,4.89,Pharmacity_VN,VND,145000.0
ORD00296,C0194,Lê Ngọc Thảo,18,Nữ,Hà Nội,P03249,1,27500,2026-03-25,Tiền mặt,Băng Vệ Sinh DIANA Siêu Thấm Cánh (8 Miếng),Diana,Băng vệ sinh,27500.0,4.76,Pharmacity_VN,VND,27500.0
ORD00297,C0195,Vũ Văn Trọng,32,Nam,Hà Nội,P30257,1,89000,2026-03-26,Tiền mặt,Xịt rửa tay PURE FRESH hương Melon (30ml),Pure Fresh,Nước rửa tay,89000.0,4.76,Pharmacity_VN,VND,89000.0
ORD00298,C0204,Lê Văn Anh,41,Nam,TP. Hồ Chí Minh,P03870,3,354000,2026-03-26,COD,Xịt Ngăn Mùi Cho Nam NIVEA MEN Silver Protect Dynamic Power (Chai 150ml),Nivea,Khử mùi cho nam,118000.0,4.83,Pharmacity_VN,VND,118000.0
ORD00299,C0129,Đặng Mỹ Vi,31,Nữ,TP. Hồ Chí Minh,P18994,2,430000,2026-03-26,Ví điện tử,Dầu Gội TSUBAKI Phục Hồi Ngăn Rụng Tóc (Chai 490ml),Tsubaki,Dầu gội đầu,215000.0,4.89,Pharmacity_VN,VND,215000.0
ORD00300,C0226,Nguyễn Ngọc Lan,41,Nữ,Hà Nội,P01267,3,170100,2026-03-27,Thẻ ngân hàng,Dầu Gội SELSUN Anti Dandruff Giảm Gàu và Giảm Ngứa Da Đầu (Chai 50ml),Selsun,Dầu gội đầu,56700.0,4.84,Pharmacity_VN,VND,56700.0
ORD00301,C0316,Mai Thị Hương,30,Nữ,TP. Hồ Chí Minh,P30109,1,280000,2026-03-27,COD,Dung dịch vệ sinh Saforelle Ultra Mild Cleansing Foam (Ultra Douce) 250ml,Saforelle,Dung dịch vệ sinh phụ nữ,280000.0,4.85,Pharmacity_VN,VND,280000.0
ORD00302,C0184,Trần Minh Quang,35,Nam,Hà Nội,P03927,2,56000,2026-03-27,Tiền mặt,Tăm chỉ nha khoa Okamura (50 cây/gói),Okamura,Tăm chỉ nha khoa,28000.0,4.51,Pharmacity_VN,VND,28000.0
ORD00303,C0256,Phạm Ngọc Linh,25,Nữ,Hà Nội,P10521,1,211000,2026-03-27,Thẻ ngân hàng,Dầu dưỡng giúp cải thiện tình trạng bên ngoài của sẹo & rạn da Bio-Oil (60ml),Bio Oil,Dưỡng thể & massage,211000.0,4.73,Pharmacity_VN,VND,211000.0
ORD00304,C0158,Mai Thu Lan,35,Nữ,TP. Hồ Chí Minh,P30705,1,62500,2026-03-27,Thẻ ngân hàng,LoveBody Sữa tắm Oải Hương Mật Ong (Chai 550ml),LoveBody,Sữa tắm,62500.0,4.71,Pharmacity_VN,VND,62500.0
ORD00305,C0081,Lê Ngọc Linh,28,Nữ,Hải Phòng,P27326,2,486000,2026-03-27,Tiền mặt,Tresemme DX Vao Nep Muot Ma 620g,Tresemme,Dầu xả,243000.0,4.98,Pharmacity_VN,VND,243000.0
ORD00306,C0040,Trần Thị Duyên,32,Nữ,Hà Nội,P29621,2,388500,2026-03-27,COD,Kem Đánh Răng Marvis Amarelli Licorice Vị Cam Thảo & Than tre hỗ trợ khử ố vàng & trắng răng (85ml),Marvis,Kem đánh răng,194250.0,4.73,Pharmacity_VN,VND,194250.0
ORD00307,C0334,Hoàng Văn Quang,23,Nam,TP. Hồ Chí Minh,P11374,4,190400,2026-03-28,COD,Băng vệ sinh Diana siêu thấm siêu mỏng cánh (Gói 20 miếng),Diana,Băng vệ sinh,47600.0,4.55,Pharmacity_VN,VND,47600.0
ORD00308,C0337,Dương Quốc Nam,22,Nam,TP. Hồ Chí Minh,P30403,5,564250,2026-03-28,Thẻ ngân hàng,Dầu Gội Xmen For Boss Pro Hair Sạch Gàu & Giảm Gãy Rụng 350g,X Men,Chăm sóc tóc cho nam,112850.0,4.59,Pharmacity_VN,VND,112850.0
ORD00309,C0221,Hoàng Thu Yến,53,Nữ,Đà Nẵng,P03635,1,82000,2026-03-28,Ví điện tử,Nước Súc Miệng LISTERINE Green Tea Cho Răng Chắc Khỏe (Chai 250ml),Listerine,Nước súc miệng,82000.0,4.82,Pharmacity_VN,VND,82000.0
ORD00310,C0178,Hoàng Hữu Nhiên,45,Nam,Hà Nội,P09561,2,90000,2026-03-28,COD,Băng vệ sinh ban ngày siêu mỏng cánh Laurier Super Slimguard 22.5cm (10 miếng/gói),Laurier,Băng vệ sinh,45000.0,4.97,Pharmacity_VN,VND,45000.0
ORD00311,C0186,Lê Văn Bảo,37,Nam,Hà Nội,P04869,1,72000,2026-03-29,Thẻ ngân hàng,Dung Dịch Vệ Sinh Phụ Nữ Lactacyd Soft & Silky (150ml),Sanofi CHC (Lactacyd brand),Dung dịch vệ sinh phụ nữ,72000.0,4.97,Pharmacity_VN,VND,72000.0
ORD00312,C0227,Đặng Mỹ Vi,31,Nữ,TP. Hồ Chí Minh,P00248,2,120000,2026-03-30,Tiền mặt,Dầu Gội Dược Liệu THÁI DƯƠNG 3 Hương Hoa Giảm Gàu (chai 200ml),Thai Duong,Dầu gội đầu,60000.0,4.82,Pharmacity_VN,VND,60000.0
ORD00313,C0252,Phạm Thị Thảo,39,Nữ,Hà Nội,P21582,2,372000,2026-03-30,Ví điện tử,Dung dịch vệ sinh phụ nữ cao cấp hằng ngày Femfresh Daily Intimate Wash (250ml),Femfresh,Dung dịch vệ sinh phụ nữ,186000.0,4.82,Pharmacity_VN,VND,186000.0
ORD00314,C0045,Phạm Minh Dũng,18,Nam,Hà Nội,P29618,1,195300,2026-03-30,COD,Kem Đánh Răng Marvis Smokers Whitening Mint Vị Bạc Hà hỗ trợ khử ố vàng răng cho người hút thuốc lá (85ml),Marvis,Kem đánh răng,195300.0,4.69,Pharmacity_VN,VND,195300.0
ORD00315,C0001,Trần Thu Ngọc,35,Nữ,TP. Hồ Chí Minh,P29592,1,18000,2026-03-30,Ví điện tử,"Pharmacity Nước muối sinh lý Natri Clorid 0,9% Hương chanh (Chai 500ml)",Pharmacity,Nước súc miệng,18000.0,4.77,Pharmacity_VN,VND,18000.0
ORD00316,C0318,Phạm Ngọc Hồng,27,Nữ,Hải Phòng,P21165,1,119700,2026-03-31,Ví điện tử,Tẩy Da Chết COCOON Giúp Làm Sạch Da Chết Cơ Thể (hũ 200ml),Cocoon,Tẩy tế bào chết toàn thân,119700.0,4.82,Pharmacity_VN,VND,119700.0
ORD00317,C0142,Bùi Mỹ Chi,43,Nữ,TP. Hồ Chí Minh,P17959,4,1080400,2026-03-31,Thẻ ngân hàng,Lăn Khử Mùi ETIAXIL Dành Cho Da Siêu Nhạy Cảm (chai 15ml),Etiaxil,Lăn khử mùi,270100.0,4.94,Pharmacity_VN,VND,270100.0
ORD00318,C0204,Lê Văn Anh,41,Nam,TP. Hồ Chí Minh,P18303,3,201000,2026-03-31,Thẻ ngân hàng,Kem Đánh Răng P/S Sensitive Giảm Ê Buốt và Trắng Răng (tuýp 100g),P/S,Kem đánh răng,67000.0,4.71,Pharmacity_VN,VND,67000.0
ORD00319,C0051,Phạm Hữu Châu,33,Nam,TP. Hồ Chí Minh,P21701,2,76000,2026-03-31,Thẻ ngân hàng,Băng vệ sinh ban đêm dạng quần Kotex size M/L (Gói 2 miếng),Kotex,Băng vệ sinh,38000.0,4.83,Pharmacity_VN,VND,38000.0
ORD00320,C0038,Phạm Thu Dương,18,Nữ,Cần Thơ,P18838,1,147000,2026-03-31,Thẻ ngân hàng,Sáp khử mùi Old Spice Fresh (85g),Old Spice,Khử mùi cho nam,147000.0,4.93,Pharmacity_VN,VND,147000.0
ORD00321,C0050,Hoàng Quốc Dũng,18,Nam,TP. Hồ Chí Minh,P25084,1,12000,2026-03-31,Tiền mặt,Băng vệ sinh ban ngày siêu mỏng không cánh Kotex Gardenia Deo+ 23cm (8 miếng),Kotex,Băng vệ sinh,12000.0,4.71,Pharmacity_VN,VND,12000.0
ORD00322,C0339,Bùi Mỹ Yến,34,Nữ,Hà Nội,P29767,1,89000,2026-03-31,Ví điện tử,Dung dịch rửa tay khô sát khuẩn TH.A 500ml,TH-A,Nước rửa tay,89000.0,4.63,Pharmacity_VN,VND,89000.0
ORD00323,C0180,Mai Thị Mai,57,Nữ,Hà Nội,P02195,1,21600,2026-04-01,Ví điện tử,Nước Rửa Tay GREEN CROSS Hương Trà Xanh (chai 100ml),Green Cross,Nước rửa tay,21600.0,4.95,Pharmacity_VN,VND,21600.0
ORD00324,C0254,Nguyễn Ngọc Vân,40,Nữ,TP. Hồ Chí Minh,P07424,1,143650,2026-04-02,Tiền mặt,"Sữa Tắm PURITE Rose Hương Hoa Hồng giúp giữ ẩm da, sáng da (chai 500ml)",Purite,Sữa tắm,143650.0,4.74,Pharmacity_VN,VND,143650.0
ORD00325,C0217,Đặng Mỹ Mai,22,Nữ,Cần Thơ,P27850,1,40000,2026-04-02,Thẻ ngân hàng,Sữa Vệ Sinh Phụ Nữ Shema Lá Đôi Xanh (200ml),Shema Baby,Dung dịch vệ sinh phụ nữ,40000.0,4.61,Pharmacity_VN,VND,40000.0
ORD00326,C0227,Đặng Mỹ Vi,31,Nữ,TP. Hồ Chí Minh,P11369,2,180000,2026-04-02,COD,Bộ Chăm Sóc Răng Miệng Du Lịch COLGATE,Colgate,Bàn chải đánh răng,90000.0,4.53,Pharmacity_VN,VND,90000.0
ORD00327,C0177,Nguyễn Hữu Bảo,30,Nam,TP. Hồ Chí Minh,P24071,3,93000,2026-04-03,Thẻ ngân hàng,Nước Súc Miệng Fujiwa Ion Muối Hương Bạc Hà (Chai 680 ml),Fujiwa,Nước súc miệng,31000.0,4.61,Pharmacity_VN,VND,31000.0
ORD00328,C0018,Phạm Mỹ Vi,33,Nữ,Hà Nội,P03491,2,80000,2026-04-03,Ví điện tử,Bàn Chải Đánh Răng COLGATE Batman Cho Bé Trai,Colgate,Bàn chải đánh răng,40000.0,4.59,Pharmacity_VN,VND,40000.0
ORD00329,C0018,Phạm Mỹ Vi,33,Nữ,Hà Nội,P23129,1,221400,2026-04-03,COD,Gel vệ sinh phụ nữ X2 Nano nghệ Cocayhoala (Chai 150ml),Cocayhoala,Dung dịch vệ sinh phụ nữ,221400.0,4.54,Pharmacity_VN,VND,221400.0
ORD00330,C0219,Trần Quốc Quang,25,Nam,TP. Hồ Chí Minh,P22888,1,122000,2026-04-03,COD,"Dầu Gội Dược Liệu NGUYÊN XUÂN Dành Cho Tóc Dầu, Bết (chai 250ml/260g)",Nguyen Xuan,Dầu gội đầu,122000.0,4.6,Pharmacity_VN,VND,122000.0
ORD00331,C0027,Mai Minh Khoa,18,Nam,TP. Hồ Chí Minh,P17617,2,90000,2026-04-05,Ví điện tử,Dầu Gội Dược Liệu NGUYÊN XUÂN Nâu Dành Cho Tóc Thường (Chai 200ml),Nguyen Xuan,Dầu gội đầu,45000.0,4.83,Pharmacity_VN,VND,45000.0
ORD00332,C0346,Lê Thị Ánh,32,Nữ,Hà Nội,P30408,1,174000,2026-04-05,COD,Sáp Khử Mùi Xmen For Boss Luxury Trắng 70g,X Men,Khử mùi cho nam,174000.0,4.61,Pharmacity_VN,VND,174000.0
ORD00333,C0228,Bùi Mỹ Vi,19,Nữ,Đà Nẵng,P10953,1,47000,2026-04-06,Ví điện tử,Bàn Chải Đánh Răng SENSODYNE Repair & Protect,Sensodyne (GSK OTC),Bàn chải đánh răng,47000.0,4.97,Pharmacity_VN,VND,47000.0
ORD00334,C0230,Lê Thị Vi,37,Nữ,TP. Hồ Chí Minh,P04630,1,104000,2026-04-07,COD,Dầu Gội THORAKAO Hoa Bưởi Mềm Mại và Óng Mượt (chai 400ml),Thorakao,Dầu gội đầu,104000.0,4.82,Pharmacity_VN,VND,104000.0
ORD00335,C0168,Trần Thu Hồng,49,Nữ,TP. Hồ Chí Minh,P20089,3,90000,2026-04-07,COD,"Bàn Chải Kẻ Răng OKAMURA Asahi Hình L Loại Bỏ Thức Ăn Thừa, Mảng Bám (Túi 6 cái)",Okamura,Tăm chỉ nha khoa,30000.0,4.57,Pharmacity_VN,VND,30000.0
ORD00336,C0235,Vũ Hữu Quang,51,Nam,TP. Hồ Chí Minh,P03250,2,51000,2026-04-07,COD,Băng Vệ Sinh DIANA Siêu Thấm Không Cánh (8 Miếng),Diana,Băng vệ sinh,25500.0,4.94,Pharmacity_VN,VND,25500.0
ORD00337,C0350,Phạm Quốc Bảo,28,Nam,TP. Hồ Chí Minh,P25487,5,701250,2026-04-08,Thẻ ngân hàng,Nước Súc Miệng LISTERINE Total Care Sensitive Cho Răng Nhạy Cảm (Chai 750ml),Listerine,Nước súc miệng,140250.0,4.5,Pharmacity_VN,VND,140250.0
ORD00338,C0018,Phạm Mỹ Vi,33,Nữ,Hà Nội,P20503,1,73000,2026-04-08,Thẻ ngân hàng,Sáp Vuốt Tóc Gatsby Styling Pomade Retro Matte 75gr,Gatsby,Chăm sóc tóc cho nam,73000.0,4.77,Pharmacity_VN,VND,73000.0
ORD00339,C0333,Mai Ngọc Vi,31,Nữ,Đà Nẵng,P30896,3,232800,2026-04-08,Thẻ ngân hàng,Oxy Gel Rửa Mặt Nam dịu nhẹ Hydrating Wash 100g,Oxy,Chăm sóc da mặt cho nam,77600.0,4.79,Pharmacity_VN,VND,77600.0
ORD00340,C0250,Mai Quốc Tú,34,Nam,Đà Nẵng,P00244,1,60000,2026-04-08,Tiền mặt,Dầu Gội Dược Liệu THÁI DƯƠNG 3 Hương Lá Sạch Gàu Mềm Mượt (200ml),Thai Duong,Dầu gội đầu,60000.0,4.76,Pharmacity_VN,VND,60000.0
ORD00341,C0343,Bùi Minh Nhiên,32,Nam,Hà Nội,P29621,2,388500,2026-04-09,Ví điện tử,Kem Đánh Răng Marvis Amarelli Licorice Vị Cam Thảo & Than tre hỗ trợ khử ố vàng & trắng răng (85ml),Marvis,Kem đánh răng,194250.0,4.73,Pharmacity_VN,VND,194250.0
ORD00342,C0227,Đặng Mỹ Vi,31,Nữ,TP. Hồ Chí Minh,P28945,1,94500,2026-04-09,Ví điện tử,Dầu gội thảo mộc giảm rụng tóc Herbal Wellness by Pharmacity chai 450ml,Herbal Wellness,Dầu gội đầu,94500.0,4.99,Pharmacity_VN,VND,94500.0
ORD00343,C0307,Dương Quốc Anh,43,Nam,TP. Hồ Chí Minh,P23563,2,430000,2026-04-09,Ví điện tử,Dầu Gội TSUBAKI Dưỡng Tóc Bóng Mượt (chai 490ml),Tsubaki,Dầu gội đầu,215000.0,4.7,Pharmacity_VN,VND,215000.0
ORD00344,C0056,Vũ Ngọc Yến,39,Nữ,Cần Thơ,P04694,1,27000,2026-04-10,Thẻ ngân hàng,Băng Vệ Sinh DIANA SENSI  Siêu Mỏng Cánh (8 Miếng),Diana,Băng vệ sinh,27000.0,4.54,Pharmacity_VN,VND,27000.0
ORD00345,C0006,Bùi Thu Ngọc,28,Nữ,TP. Hồ Chí Minh,P25943,1,27000,2026-04-10,COD,Băng vệ sinh Diana than hoạt tính siêu thấm siêu mỏng cánh (Gói 8 miếng),Diana,Băng vệ sinh,27000.0,4.88,Pharmacity_VN,VND,27000.0
ORD00346,C0078,Trần Ngọc Ánh,27,Nữ,TP. Hồ Chí Minh,P24604,4,179220,2026-04-10,Thẻ ngân hàng,Kem đánh răng P/S trà xanh (Tuýp 230g),P/S,Kem đánh răng,44805.0,4.76,Pharmacity_VN,VND,44805.0
ORD00347,C0212,Mai Mỹ Lan,41,Nữ,Đà Nẵng,P18126,1,102000,2026-04-10,COD,Dung Dịch Vệ Sinh Phụ Nữ Lactacyd Odor Fresh (250ml),Sanofi CHC (Lactacyd brand),Dung dịch vệ sinh phụ nữ,102000.0,4.62,Pharmacity_VN,VND,102000.0
ORD00348,C0238,Đặng Minh Anh,32,Nam,TP. Hồ Chí Minh,P03875,2,180600,2026-04-11,Tiền mặt,Xịt Khử Mùi Cho Nam NIVEA MEN Ngăn Vệt Ố Vàng Invisible Black&White (150ml),Nivea,Khử mùi cho nam,90300.0,4.88,Pharmacity_VN,VND,90300.0
ORD00349,C0038,Phạm Thu Dương,18,Nữ,Cần Thơ,P30966,3,120000,2026-04-11,Thẻ ngân hàng,Kotex BVS Mặt Bông Cotton SMC 24cm 8M,Kotex,Băng vệ sinh,40000.0,4.53,Pharmacity_VN,VND,40000.0
ORD00350,C0141,Phạm Ngọc Lan,32,Nữ,Đà Nẵng,P25106,1,84000,2026-04-11,COD,Nước Súc Miệng LISTERINE Total Care Sensitive Cho Răng Nhạy Cảm (Chai 250ml),Listerine,Nước súc miệng,84000.0,4.94,Pharmacity_VN,VND,84000.0
ORD00351,C0338,Bùi Mỹ Linh,27,Nữ,Đà Nẵng,P30259,2,178000,2026-04-11,COD,Xịt rửa tay PURE FRESH hương Peppermint & Vani (30ml),Pure Fresh,Nước rửa tay,89000.0,4.64,Pharmacity_VN,VND,89000.0
ORD00352,C0269,Bùi Thị Vân,26,Nữ,Hà Nội,P22141,1,30375,2026-04-11,COD,Tăm Chỉ Kẽ Răng JOMI Hỗ Trợ Làm Sạch Mảng Bám Trong Kẻ Răng (gói 80 cái),Jomi,Tăm chỉ nha khoa,30375.0,4.88,Pharmacity_VN,VND,30375.0
ORD00353,C0242,Mai Ngọc Linh,29,Nữ,Hải Phòng,P03715,2,156000,2026-04-11,Ví điện tử,Sữa Tắm Gội 2in1 ROMANO CLASSIC (150ml),Romano,Sản phẩm tắm & dưỡng thể cho nam,78000.0,4.62,Pharmacity_VN,VND,78000.0
ORD00354,C0070,Nguyễn Quốc Tú,24,Nam,Hà Nội,P30705,2,125000,2026-04-12,Ví điện tử,LoveBody Sữa tắm Oải Hương Mật Ong (Chai 550ml),LoveBody,Sữa tắm,62500.0,4.71,Pharmacity_VN,VND,62500.0
ORD00355,C0155,Đặng Minh Hưng,33,Nam,TP. Hồ Chí Minh,P17555,1,191000,2026-04-12,COD,Nước Súc Miệng LISTERINE Tartar Protection Giảm Mảng Bám (Chai 750ml),Listerine,Nước súc miệng,191000.0,4.93,Pharmacity_VN,VND,191000.0
ORD00356,C0322,Mai Thu Chi,36,Nữ,Hà Nội,P12629,4,260000,2026-04-12,COD,Bàn Chải Đánh Răng COLGATE SlimSoft Flex Clean Charcoal,Colgate,Bàn chải đánh răng,65000.0,4.83,Pharmacity_VN,VND,65000.0
ORD00357,C0221,Hoàng Thu Yến,53,Nữ,Đà Nẵng,P17538,2,40000,2026-04-12,Ví điện tử,Xà Phòng Tắm LIFEBUOY Matcha và Khổ Qua Bảo Vệ Khỏi Vi Khuẩn (90g),Lifebuoy,Xà bông cục,20000.0,4.95,Pharmacity_VN,VND,20000.0
ORD00358,C0269,Bùi Thị Vân,26,Nữ,Hà Nội,P17527,1,90950,2026-04-12,COD,Kem Đánh Răng SENSODYNE Gentle Whitening Trắng Sáng (tuýp 160g),Sensodyne (GSK OTC),Kem đánh răng,90950.0,4.79,Pharmacity_VN,VND,90950.0
ORD00359,C0231,Trần Quốc Thành,23,Nam,TP. Hồ Chí Minh,P30409,4,580000,2026-04-12,COD,Sáp Khử Mùi Xmen For Boss Intense Xanh 80g,X Men,Khử mùi cho nam,145000.0,4.89,Pharmacity_VN,VND,145000.0
ORD00360,C0049,Trần Ngọc Mai,33,Nữ,Đà Nẵng,P01562,1,88200,2026-04-12,Tiền mặt,Sữa Dưỡng Da Toàn Thân VASELINE HEALTHY BRIGHT SPF24 PA++ giúp làm sáng và giúp chống nắng cho da 200ml,Vaseline,Dưỡng thể & massage,88200.0,4.97,Pharmacity_VN,VND,88200.0
ORD00361,C0152,Phạm Thị Ngọc,33,Nữ,Hà Nội,P26598,2,195500,2026-04-13,Ví điện tử,Bộ Đôi Bàn Chải Đánh Răng COLGATE Gum Expert,Colgate,Bàn chải đánh răng,97750.0,4.74,Pharmacity_VN,VND,97750.0
ORD00362,C0149,Bùi Hữu Tùng,35,Nam,Hải Phòng,P16878,1,18000,2026-04-13,COD,Nước hoa Feliz Perfume Provence (Màu hồng),Feliz Provence,Dưỡng thể & massage,18000.0,4.85,Pharmacity_VN,VND,18000.0
ORD00363,C0251,Bùi Văn Nhiên,18,Nam,TP. Hồ Chí Minh,P03306,1,82400,2026-04-14,Thẻ ngân hàng,Bọt Cạo Râu GILLETTE FOAMY LEMON LIME Hương Chanh (175g),Gillette,Dao cạo râu & Bọt cạo râu,82400.0,4.62,Pharmacity_VN,VND,82400.0
ORD00364,C0215,Đặng Ngọc Xuân,27,Nữ,Đà Nẵng,P03723,1,110000,2026-04-14,COD,Xịt Khử Mùi Toàn Thân ROMANO CLASSIC (150ml),Romano,Khử mùi cho nam,110000.0,4.64,Pharmacity_VN,VND,110000.0
ORD00365,C0141,Phạm Ngọc Lan,32,Nữ,Đà Nẵng,P17618,3,281520,2026-04-14,COD,Dầu Gội Dược Liệu NGUYÊN XUÂN Xanh Dành Cho Tóc Khô Xơ và Hư Tổn (chai 250ml/260g),Nguyen Xuan,Dầu gội đầu,93840.0,4.89,Pharmacity_VN,VND,93840.0
ORD00366,C0192,Vũ Quốc Tú,39,Nam,TP. Hồ Chí Minh,P03870,1,118000,2026-04-15,Tiền mặt,Xịt Ngăn Mùi Cho Nam NIVEA MEN Silver Protect Dynamic Power (Chai 150ml),Nivea,Khử mùi cho nam,118000.0,4.83,Pharmacity_VN,VND,118000.0
ORD00367,C0028,Hoàng Minh Quang,34,Nam,Đà Nẵng,P08277,3,63180,2026-04-15,Thẻ ngân hàng,Băng vệ sinh siêu thấm mỏng cánh Diana Super Ultra Slim 0.1 (8 miếng/gói),Diana,Băng vệ sinh,21060.0,4.83,Pharmacity_VN,VND,21060.0
ORD00368,C0089,Nguyễn Quốc Quang,25,Nam,Hà Nội,P12843,1,44000,2026-04-15,Tiền mặt,Băng vệ sinh ban đêm dạng quần Diana Super Night Size S-M (2 chiếc/gói),Diana,Băng vệ sinh,44000.0,4.85,Pharmacity_VN,VND,44000.0
ORD00369,C0016,Bùi Thu Linh,24,Nữ,Hà Nội,P21170,1,25000,2026-04-16,Thẻ ngân hàng,Serum Dưỡng Tóc ELLIPS Pro Keratin Smooth & Silky Mềm Mượt Tóc (Vỉ 6 viên),Ellips,Dưỡng tóc,25000.0,4.75,Pharmacity_VN,VND,25000.0
ORD00370,C0331,Bùi Ngọc Ánh,30,Nữ,Hải Phòng,P17786,2,798400,2026-04-16,COD,Cốc nguyệt san siêu mềm BeU Cup,Beucup,Băng vệ sinh,399200.0,4.68,Pharmacity_VN,VND,399200.0
ORD00371,C0344,Hoàng Minh Nam,25,Nam,TP. Hồ Chí Minh,P23563,2,430000,2026-04-16,Ví điện tử,Dầu Gội TSUBAKI Dưỡng Tóc Bóng Mượt (chai 490ml),Tsubaki,Dầu gội đầu,215000.0,4.7,Pharmacity_VN,VND,215000.0
ORD00372,C0320,Trần Mỹ Hồng,29,Nữ,TP. Hồ Chí Minh,P17507,2,130000,2026-04-16,Tiền mặt,Bàn Chải Đánh Răng COLGATE SlimSoft Flex Clean,Colgate,Bàn chải đánh răng,65000.0,4.72,Pharmacity_VN,VND,65000.0
ORD00373,C0102,Bùi Ngọc Dương,26,Nữ,TP. Hồ Chí Minh,P18208,3,249000,2026-04-16,COD,Băng vệ sinh ban đêm siêu thấm có cánh Diana Supernight 35cm (Gói 12 miếng),Diana,Băng vệ sinh,83000.0,4.96,Pharmacity_VN,VND,83000.0
ORD00374,C0213,Bùi Ngọc Lan,40,Nữ,Cần Thơ,P27883,1,118400,2026-04-17,COD,Vaseline Sữa dưỡng thể ban đêm Dewy Radiance Tuýp 300ml,Vaseline,Dưỡng thể & massage,118400.0,4.73,Pharmacity_VN,VND,118400.0
ORD00375,C0100,Mai Thị Vi,28,Nữ,Đà Nẵng,P26443,3,270000,2026-04-17,Tiền mặt,Bộ Đôi Bàn Chải Đánh Răng COLGATE Cushion Clean Charcoal,Colgate,Bàn chải đánh răng,90000.0,4.55,Pharmacity_VN,VND,90000.0
ORD00376,C0345,Trần Quốc Huy,25,Nam,TP. Hồ Chí Minh,P30705,2,125000,2026-04-17,Ví điện tử,LoveBody Sữa tắm Oải Hương Mật Ong (Chai 550ml),LoveBody,Sữa tắm,62500.0,4.71,Pharmacity_VN,VND,62500.0
ORD00377,C0046,Nguyễn Quốc Quang,23,Nam,Hà Nội,P08889,1,71000,2026-04-17,Thẻ ngân hàng,"Nước Súc Miệng LISTERINE Cool Mint Zero Hơi Thở Thơm Mát, Không Cay (Chai 250ml)",Listerine,Nước súc miệng,71000.0,4.82,Pharmacity_VN,VND,71000.0
ORD00378,C0285,Phạm Thu Chi,51,Nữ,TP. Hồ Chí Minh,P28567,2,366000,2026-04-17,Thẻ ngân hàng,Dầu gội dược liệu Nguyên Xuân xanh cho tóc hư tổn (Chai 450ml/520g),Nguyen Xuan,Dầu gội đầu,183000.0,4.99,Pharmacity_VN,VND,183000.0
ORD00379,C0267,Lê Thu Duyên,46,Nữ,Hà Nội,P21170,3,75000,2026-04-18,Ví điện tử,Serum Dưỡng Tóc ELLIPS Pro Keratin Smooth & Silky Mềm Mượt Tóc (Vỉ 6 viên),Ellips,Dưỡng tóc,25000.0,4.75,Pharmacity_VN,VND,25000.0
ORD00380,C0210,Mai Mỹ Ngọc,69,Nữ,Hải Phòng,P03877,2,170000,2026-04-18,Tiền mặt,"Sữa Rửa Mặt Cho Nam NIVEA MEN Anti-Acne Oil Control Mud Foam giúp làm sạch, giảm mụn (Tuýp 100g)",Nivea,Chăm sóc da mặt cho nam,85000.0,4.82,Pharmacity_VN,VND,85000.0
ORD00381,C0289,Phạm Văn Thành,33,Nam,Hà Nội,P16681,2,157200,2026-04-18,Thẻ ngân hàng,Xịt Ngăn Mùi NIVEA Whitening Deep Trắng Da Chuyên Sâu (chai 150ml),Nivea,Xịt khử mùi,78600.0,4.63,Pharmacity_VN,VND,78600.0
ORD00382,C0055,Mai Thị Vân,40,Nữ,Cần Thơ,P03308,2,68400,2026-04-18,COD,Lưỡi Dao Cạo Râu VECTOR GILLETTE (2 Lưỡi/Vỉ),Gillette,Dao cạo râu & Bọt cạo râu,34200.0,5.0,Pharmacity_VN,VND,34200.0
ORD00383,C0314,Vũ Văn Dũng,38,Nam,Hà Nội,P21172,3,75000,2026-04-18,Thẻ ngân hàng,Serum Dưỡng Tóc ELLIPS Dành Cho Tóc Nhuộm Nutri Color (vỉ 6 viên),Ellips,Dưỡng tóc,25000.0,4.63,Pharmacity_VN,VND,25000.0
ORD00384,C0310,Mai Thị Chi,28,Nữ,Hải Phòng,P30409,1,145000,2026-04-19,Thẻ ngân hàng,Sáp Khử Mùi Xmen For Boss Intense Xanh 80g,X Men,Khử mùi cho nam,145000.0,4.89,Pharmacity_VN,VND,145000.0
ORD00385,C0072,Đặng Ngọc Hương,45,Nữ,Hà Nội,P08280,1,22000,2026-04-19,COD,Băng vệ sinh ban đêm Diana Super Night 29cm (4 miếng/gói),Diana,Băng vệ sinh,22000.0,4.56,Pharmacity_VN,VND,22000.0
ORD00386,C0206,Dương Văn Tùng,21,Nam,TP. Hồ Chí Minh,P10521,1,211000,2026-04-19,Tiền mặt,Dầu dưỡng giúp cải thiện tình trạng bên ngoài của sẹo & rạn da Bio-Oil (60ml),Bio Oil,Dưỡng thể & massage,211000.0,4.73,Pharmacity_VN,VND,211000.0
ORD00387,C0131,Phạm Hữu Trung,18,Nam,TP. Hồ Chí Minh,P25944,1,27000,2026-04-19,COD,Băng vệ sinh Diana than hoạt tính Sensi siêu mỏng cánh (Gói 8 miếng),Diana,Băng vệ sinh,27000.0,4.99,Pharmacity_VN,VND,27000.0
ORD00388,C0033,Phạm Ngọc Ánh,30,Nữ,Hà Nội,P09749,1,68000,2026-04-19,Thẻ ngân hàng,Băng vệ sinh Sofy Soft Tampon mềm mại (9 miếng/hộp),Sofy,Băng vệ sinh,68000.0,4.97,Pharmacity_VN,VND,68000.0
ORD00389,C0098,Hoàng Thu Hồng,33,Nữ,Cần Thơ,P23086,2,190000,2026-04-19,Tiền mặt,Kem Đánh Răng SENSODYNE Cool Gel Mát Lạnh (tuýp 160g),Sensodyne (GSK OTC),Kem đánh răng,95000.0,4.87,Pharmacity_VN,VND,95000.0
ORD00390,C0030,Trần Thu Ngọc,27,Nữ,Hà Nội,P03374,2,143520,2026-04-20,COD,Nước Rửa Tay LIFEBUOY Bảo Vệ Vượt Trội giúp loại bỏ vi khuẩn (chai 450g),Lifebuoy,Nước rửa tay,71760.0,4.97,Pharmacity_VN,VND,71760.0
ORD00391,C0147,Bùi Thị Thảo,18,Nữ,Hà Nội,P29713,1,135000,2026-04-20,Thẻ ngân hàng,Feliz  Sữa tắm chiết xuất sữa dê (Chai 1 lít),Pharmacity,Sữa tắm,135000.0,4.91,Pharmacity_VN,VND,135000.0
ORD00392,C0106,Phạm Thị Hương,34,Nữ,Hà Nội,P03832,1,97000,2026-04-20,Thẻ ngân hàng,Lăn Khử Mùi NIVEA Ngọc Trai Quyến Rũ (chai 50ml),Nivea,Lăn khử mùi,97000.0,4.88,Pharmacity_VN,VND,97000.0
ORD00393,C0026,Bùi Văn Vũ,31,Nam,Hà Nội,P04079,1,33500,2026-04-20,Ví điện tử,Xịt Rửa Tay GREEN CROSS Hương Trà Xanh (chai 70ml),Green Cross,Nước rửa tay,33500.0,4.99,Pharmacity_VN,VND,33500.0
ORD00394,C0146,Bùi Văn Nam,38,Nam,TP. Hồ Chí Minh,P18209,1,59000,2026-04-21,Thẻ ngân hàng,Băng vệ sinh ban đêm siêu thấm cánh Diana Supernight 29cm (12 miếng),Diana,Băng vệ sinh,59000.0,4.95,Pharmacity_VN,VND,59000.0
ORD00395,C0161,Trần Minh Trọng,20,Nam,Đà Nẵng,P18205,1,28900,2026-04-21,Tiền mặt,Băng vệ sinh hàng ngày kháng khuẩn Diana Sensi 15.5cm (Gói 40 miếng),Diana,Băng vệ sinh,28900.0,4.6,Pharmacity_VN,VND,28900.0
ORD00396,C0173,Vũ Ngọc Hồng,29,Nữ,Hà Nội,P03819,1,55800,2026-04-21,Tiền mặt,Dầu Xả SELSUN Dành Cho Tóc Gàu (chai 100ml),Selsun,Dầu xả,55800.0,4.82,Pharmacity_VN,VND,55800.0
ORD00397,C0043,Dương Hữu Thành,29,Nam,TP. Hồ Chí Minh,P03374,1,71760,2026-04-22,Thẻ ngân hàng,Nước Rửa Tay LIFEBUOY Bảo Vệ Vượt Trội giúp loại bỏ vi khuẩn (chai 450g),Lifebuoy,Nước rửa tay,71760.0,4.97,Pharmacity_VN,VND,71760.0
ORD00398,C0259,Đặng Quốc Tú,34,Nam,TP. Hồ Chí Minh,P01143,2,107100,2026-04-22,COD,Kem đánh răng hương bạc hà the mát Sensodyne (100g),Sensodyne (GSK OTC),Kem đánh răng,53550.0,4.86,Pharmacity_VN,VND,53550.0
ORD00399,C0054,Lê Thu Mai,36,Nữ,Đà Nẵng,P10076,4,369000,2026-04-22,Ví điện tử,Xịt Thơm Miệng DENTIPLUS Hiệu Quả Gấp Đôi chai (25ml),Dentiplus,Sản phẩm chăm sóc răng miệng khác,92250.0,4.83,Pharmacity_VN,VND,92250.0
ORD00400,C0131,Phạm Hữu Trung,18,Nam,TP. Hồ Chí Minh,P20101,4,144000,2026-04-23,COD,Pharmacity Natural Care Sữa Tắm Chiết Xuất Tràm Trà Và Hương Thảo (Chai 550ml),Pharmacity,Sữa tắm,36000.0,4.73,Pharmacity_VN,VND,36000.0
ORD00401,C0136,Trần Mỹ Chi,45,Nữ,TP. Hồ Chí Minh,OL00014,3,356400,2026-04-23,Thẻ ngân hàng,Combo trắng răng Eucryl Bạc Hà,Eucryl,Kem đánh răng,118800.0,4.86,Pharmacity_VN,VND,118800.0
ORD00402,C0153,Hoàng Minh Tùng,23,Nam,Hà Nội,P29691,1,149000,2026-04-23,Thẻ ngân hàng,Kem Nhuộm Tóc Garnier Màu 7.3 Nâu Ánh Vàng (50g + 50ml + 5g/Hộp),Garnier,Nhuộm tóc,149000.0,4.59,Pharmacity_VN,VND,149000.0
ORD00403,C0048,Bùi Quốc Anh,41,Nam,Hà Nội,P04214,2,212000,2026-04-23,COD,Dung Dịch Vệ Sinh Phụ Nữ Lactacyd Soft & Silky (250ml),Sanofi CHC (Lactacyd brand),Dung dịch vệ sinh phụ nữ,106000.0,4.57,Pharmacity_VN,VND,106000.0
ORD00404,C0072,Đặng Ngọc Hương,45,Nữ,Hà Nội,P15244,1,104000,2026-04-23,COD,"Dầu Gội THORAKAO Bồ Kết Giúp Bóng Mượt, Đen Tóc và Sạch Gàu (Chai 400ml)",Thorakao,Dầu gội đầu,104000.0,4.78,Pharmacity_VN,VND,104000.0
ORD00405,C0196,Phạm Ngọc Yến,34,Nữ,TP. Hồ Chí Minh,P21166,2,247500,2026-04-23,Thẻ ngân hàng,Nước Dưỡng Tóc COCOON Tinh Dầu Bưởi Giúp Giảm Gãy Rụng và Làm Mềm Tóc (chai 140ml),Cocoon,Dưỡng tóc,123750.0,4.51,Pharmacity_VN,VND,123750.0
ORD00406,C0324,Phạm Thu Ánh,51,Nữ,Cần Thơ,P17557,1,51500,2026-04-24,Ví điện tử,Bàn Chải Đánh Răng CLOSE UP Precision Clean (hộp 1 cái),Close up,Bàn chải đánh răng,51500.0,4.64,Pharmacity_VN,VND,51500.0
ORD00407,C0027,Mai Minh Khoa,18,Nam,TP. Hồ Chí Minh,P08734,1,108000,2026-04-24,COD,Kem Đánh Răng SENSODYNE Repair & Protect Whitening (tuýp 100g),Sensodyne (GSK OTC),Kem đánh răng,108000.0,4.91,Pharmacity_VN,VND,108000.0
ORD00408,C0180,Mai Thị Mai,57,Nữ,Hà Nội,P18999,3,583200,2026-04-24,COD,Dầu Gội TRESEMME Salon Rebond Giúp Giảm Gãy Rụng (chai 640g),Tresemme,Dầu gội đầu,194400.0,4.7,Pharmacity_VN,VND,194400.0
ORD00409,C0127,Trần Minh Hưng,20,Nam,TP. Hồ Chí Minh,P15244,2,208000,2026-04-24,COD,"Dầu Gội THORAKAO Bồ Kết Giúp Bóng Mượt, Đen Tóc và Sạch Gàu (Chai 400ml)",Thorakao,Dầu gội đầu,104000.0,4.78,Pharmacity_VN,VND,104000.0
ORD00410,C0129,Đặng Mỹ Vi,31,Nữ,TP. Hồ Chí Minh,P26099,1,112000,2026-04-25,Tiền mặt,Sáp ngăn mùi cho nam Nivea Cool Kick (Chai 50ml),Nivea,Khử mùi cho nam,112000.0,4.52,Pharmacity_VN,VND,112000.0
ORD00411,C0140,Nguyễn Quốc Vũ,18,Nam,TP. Hồ Chí Minh,P27856,1,139000,2026-04-25,Ví điện tử,"Sữa tắm Pharmacity Làm Sạch, Kháng Khuẩn – Dưỡng ẩm da (Chai 850ml)",Pharmacity,Sữa tắm,139000.0,4.85,Pharmacity_VN,VND,139000.0
ORD00412,C0216,Nguyễn Thu Xuân,38,Nữ,TP. Hồ Chí Minh,P18993,1,215000,2026-04-26,Tiền mặt,Dầu Xả TSUBAKI Phục Hồi Ngăn Rụng Tóc (Chai 490ml),Tsubaki,Dầu xả,215000.0,4.86,Pharmacity_VN,VND,215000.0
ORD00413,C0101,Phạm Minh Khoa,18,Nam,TP. Hồ Chí Minh,P28074,1,40000,2026-04-26,Thẻ ngân hàng,Sữa tắm chứa hạt Peach & Peony Pharmacity (Chai 400g),Pharmacity,Sữa tắm,40000.0,4.86,Pharmacity_VN,VND,40000.0
ORD00414,C0206,Dương Văn Tùng,21,Nam,TP. Hồ Chí Minh,P27884,2,236800,2026-04-26,Ví điện tử,Sữa dưỡng thể ban ngày Vaseline Flawless Bright (Túyp 300ml),Vaseline,Dưỡng thể & massage,118400.0,4.7,Pharmacity_VN,VND,118400.0
ORD00415,C0007,Nguyễn Thị Hương,46,Nữ,Đà Nẵng,P03877,1,85000,2026-04-26,Ví điện tử,"Sữa Rửa Mặt Cho Nam NIVEA MEN Anti-Acne Oil Control Mud Foam giúp làm sạch, giảm mụn (Tuýp 100g)",Nivea,Chăm sóc da mặt cho nam,85000.0,4.82,Pharmacity_VN,VND,85000.0
ORD00416,C0340,Lê Minh Bảo,24,Nam,TP. Hồ Chí Minh,P00596,1,84150,2026-04-27,Ví điện tử,Dầu Gội SELSUN Anti Dandruff Giảm Gàu và Giảm Ngứa Da Đầu (Chai 100ml),Selsun,Dầu gội đầu,84150.0,4.91,Pharmacity_VN,VND,84150.0
ORD00417,C0252,Phạm Thị Thảo,39,Nữ,Hà Nội,P09749,3,204000,2026-04-27,Tiền mặt,Băng vệ sinh Sofy Soft Tampon mềm mại (9 miếng/hộp),Sofy,Băng vệ sinh,68000.0,4.97,Pharmacity_VN,VND,68000.0
ORD00418,C0161,Trần Minh Trọng,20,Nam,Đà Nẵng,P30408,1,174000,2026-04-27,Ví điện tử,Sáp Khử Mùi Xmen For Boss Luxury Trắng 70g,X Men,Khử mùi cho nam,174000.0,4.61,Pharmacity_VN,VND,174000.0
ORD00419,C0170,Mai Văn Dũng,22,Nam,Hà Nội,P23056,2,550000,2026-04-27,Tiền mặt,Nước súc miệng ngừa viêm nướu Kin B5 (Chai 500ml),Kin B5,Nước súc miệng,275000.0,4.51,Pharmacity_VN,VND,275000.0
ORD00420,C0278,Trần Thu Thảo,24,Nữ,TP. Hồ Chí Minh,P12836,1,37000,2026-04-27,Tiền mặt,Quần lót miễn giặt cho nữ Travel-Mate size L (5 cái/gói),Travel-Mate,Sản phẩm vệ sinh khác,37000.0,4.99,Pharmacity_VN,VND,37000.0
ORD00421,C0047,Nguyễn Quốc Dũng,25,Nam,Hà Nội,P00890,3,708000,2026-04-27,Tiền mặt,Dung Dịch Vệ Sinh Saforelle Soin Lavant Doux Apaisant (chai 250ml),Saforelle,Dung dịch vệ sinh phụ nữ,236000.0,4.74,Pharmacity_VN,VND,236000.0
ORD00422,C0327,Nguyễn Hữu Nhiên,42,Nam,Đà Nẵng,P27323,4,88000,2026-04-27,COD,Băng vệ sinh Molped tự nhiên siêu bảo vệ siêu thấm mỏng cánh (23 cm x 8 Miếng),Molped,Băng vệ sinh,22000.0,4.85,Pharmacity_VN,VND,22000.0
ORD00423,C0111,Trần Ngọc Yến,18,Nữ,Đà Nẵng,P03864,1,92000,2026-04-27,Thẻ ngân hàng,Lăn Ngăn Mùi Cho Nam NIVEA MEN Cool Kick (Chai 50ml),Nivea,Khử mùi cho nam,92000.0,4.96,Pharmacity_VN,VND,92000.0
ORD00424,C0076,Vũ Quốc Minh,38,Nam,TP. Hồ Chí Minh,P01143,1,53550,2026-04-28,COD,Kem đánh răng hương bạc hà the mát Sensodyne (100g),Sensodyne (GSK OTC),Kem đánh răng,53550.0,4.86,Pharmacity_VN,VND,53550.0
ORD00425,C0153,Hoàng Minh Tùng,23,Nam,Hà Nội,P18993,3,645000,2026-04-28,Ví điện tử,Dầu Xả TSUBAKI Phục Hồi Ngăn Rụng Tóc (Chai 490ml),Tsubaki,Dầu xả,215000.0,4.86,Pharmacity_VN,VND,215000.0
ORD00426,C0243,Nguyễn Thị Hương,35,Nữ,Hải Phòng,P29619,2,390600,2026-04-28,Tiền mặt,Kem Đánh Răng Marvis Whitening Mint Vị Bạc Hà hỗ trợ sạch mảng bám & trắng răng tự nhiên (85ml),Marvis,Kem đánh răng,195300.0,4.89,Pharmacity_VN,VND,195300.0
ORD00427,C0260,Vũ Thu Vân,38,Nữ,TP. Hồ Chí Minh,P02195,2,43200,2026-04-28,Tiền mặt,Nước Rửa Tay GREEN CROSS Hương Trà Xanh (chai 100ml),Green Cross,Nước rửa tay,21600.0,4.95,Pharmacity_VN,VND,21600.0
ORD00428,C0099,Phạm Mỹ Xuân,30,Nữ,TP. Hồ Chí Minh,P29595,4,72000,2026-04-28,COD,"Pharmacity Nước muối sinh lý Natri Clorid 0,9% Hương bạc hà (Chai 500ml)",Pharmacity,Nước súc miệng,18000.0,4.77,Pharmacity_VN,VND,18000.0
ORD00429,C0182,Lê Mỹ Xuân,21,Nữ,Hà Nội,P28807,3,204000,2026-04-28,COD,Pharmacity Dung dịch vệ sinh phụ nữ dạng bọt hương thơm tươi mát (Chai 100ml),Pharmacity,Dung dịch vệ sinh phụ nữ,68000.0,4.83,Pharmacity_VN,VND,68000.0
ORD00430,C0225,Lê Quốc Huy,25,Nam,TP. Hồ Chí Minh,P18999,1,194400,2026-04-28,Ví điện tử,Dầu Gội TRESEMME Salon Rebond Giúp Giảm Gãy Rụng (chai 640g),Tresemme,Dầu gội đầu,194400.0,4.7,Pharmacity_VN,VND,194400.0
ORD00431,C0278,Trần Thu Thảo,24,Nữ,TP. Hồ Chí Minh,P12629,1,65000,2026-04-29,Tiền mặt,Bàn Chải Đánh Răng COLGATE SlimSoft Flex Clean Charcoal,Colgate,Bàn chải đánh răng,65000.0,4.83,Pharmacity_VN,VND,65000.0
ORD00432,C0064,Lê Mỹ Vi,18,Nữ,Hà Nội,P07620,3,165000,2026-04-29,Ví điện tử,Kem dưỡng ẩm da NIVEA CRÈME (30ml),Nivea,Dưỡng thể & massage,55000.0,4.74,Pharmacity_VN,VND,55000.0
ORD00433,C0106,Phạm Thị Hương,34,Nữ,Hà Nội,P17762,1,25000,2026-04-29,COD,Băng vệ sinh hàng ngày Kotex Cool (20 miếng),Kotex,Băng vệ sinh,25000.0,4.52,Pharmacity_VN,VND,25000.0
ORD00434,C0042,Phạm Minh Phúc,32,Nam,TP. Hồ Chí Minh,P22141,5,151875,2026-04-29,Ví điện tử,Tăm Chỉ Kẽ Răng JOMI Hỗ Trợ Làm Sạch Mảng Bám Trong Kẻ Răng (gói 80 cái),Jomi,Tăm chỉ nha khoa,30375.0,4.88,Pharmacity_VN,VND,30375.0
ORD00435,C0123,Trần Thị Hương,44,Nữ,TP. Hồ Chí Minh,P37398,3,102000,2026-04-30,Tiền mặt,Băng vệ sinh Diana dạng quần Double Fresh Size M-L (2 miếng),Diana,Băng vệ sinh,34000.0,4.73,Pharmacity_VN,VND,34000.0
ORD00436,C0243,Nguyễn Thị Hương,35,Nữ,Hải Phòng,P07609,1,49500,2026-04-30,Ví điện tử,Lăn Khử Mùi NIVEA Ngọc Trai Quyến Rũ (chai 25ml),Nivea,Lăn khử mùi,49500.0,4.75,Pharmacity_VN,VND,49500.0
ORD00437,C0125,Bùi Quốc Huy,36,Nam,Đà Nẵng,P09749,2,136000,2026-04-30,COD,Băng vệ sinh Sofy Soft Tampon mềm mại (9 miếng/hộp),Sofy,Băng vệ sinh,68000.0,4.97,Pharmacity_VN,VND,68000.0
ORD00438,C0042,Phạm Minh Phúc,32,Nam,TP. Hồ Chí Minh,P01267,2,113400,2026-04-30,Thẻ ngân hàng,Dầu Gội SELSUN Anti Dandruff Giảm Gàu và Giảm Ngứa Da Đầu (Chai 50ml),Selsun,Dầu gội đầu,56700.0,4.84,Pharmacity_VN,VND,56700.0
ORD00439,C0309,Vũ Thị Vi,35,Nữ,Hải Phòng,P03250,3,76500,2026-05-01,COD,Băng Vệ Sinh DIANA Siêu Thấm Không Cánh (8 Miếng),Diana,Băng vệ sinh,25500.0,4.94,Pharmacity_VN,VND,25500.0
ORD00440,C0239,Trần Thu Vi,23,Nữ,Hà Nội,P17506,1,48000,2026-05-01,COD,Băng vệ Laurier Fresh & Free siêu mỏng cánh siêu thấm tối đa (Gói 20 miếng),Laurier,Băng vệ sinh,48000.0,4.96,Pharmacity_VN,VND,48000.0
ORD00441,C0238,Đặng Minh Anh,32,Nam,TP. Hồ Chí Minh,P21701,1,38000,2026-05-01,Ví điện tử,Băng vệ sinh ban đêm dạng quần Kotex size M/L (Gói 2 miếng),Kotex,Băng vệ sinh,38000.0,4.83,Pharmacity_VN,VND,38000.0
ORD00442,C0085,Đặng Quốc Châu,22,Nam,TP. Hồ Chí Minh,P24704,1,191900,2026-05-01,Tiền mặt,Dầu Gội CLEAR 48 Giờ Sạch Gàu Ngứa (chai 630g),Clear,Dầu gội đầu,191900.0,4.61,Pharmacity_VN,VND,191900.0
ORD00443,C0166,Hoàng Văn Trọng,34,Nam,TP. Hồ Chí Minh,P25490,1,119000,2026-05-01,Tiền mặt,Sữa rửa mặt làm sạch nhờn Uno 130g,Uno,Chăm sóc da mặt cho nam,119000.0,4.57,Pharmacity_VN,VND,119000.0
ORD00444,C0286,Hoàng Thị Ánh,18,Nữ,TP. Hồ Chí Minh,P07598,1,124500,2026-05-02,Thẻ ngân hàng,Xịt khử mùi toàn thân X-men For Boss Intense Perfumed Deo Spray (Chai 150ml),X Men,Khử mùi cho nam,124500.0,4.97,Pharmacity_VN,VND,124500.0
ORD00445,C0238,Đặng Minh Anh,32,Nam,TP. Hồ Chí Minh,P23014,1,37800,2026-05-02,Thẻ ngân hàng,Bàn Chải Đánh Răng P/S White Detox Kháng Khuẩn,P/S,Bàn chải đánh răng,37800.0,4.93,Pharmacity_VN,VND,37800.0
ORD00446,C0282,Vũ Hữu Quang,37,Nam,TP. Hồ Chí Minh,P00248,2,120000,2026-05-04,Ví điện tử,Dầu Gội Dược Liệu THÁI DƯƠNG 3 Hương Hoa Giảm Gàu (chai 200ml),Thai Duong,Dầu gội đầu,60000.0,4.82,Pharmacity_VN,VND,60000.0
ORD00447,C0226,Nguyễn Ngọc Lan,41,Nữ,Hà Nội,P17555,1,191000,2026-05-04,Thẻ ngân hàng,Nước Súc Miệng LISTERINE Tartar Protection Giảm Mảng Bám (Chai 750ml),Listerine,Nước súc miệng,191000.0,4.93,Pharmacity_VN,VND,191000.0
ORD00448,C0243,Nguyễn Thị Hương,35,Nữ,Hải Phòng,P08276,2,41000,2026-05-04,Thẻ ngân hàng,Băng vệ sinh kháng khuẩn hàng ngày Diana Sensi (20 miếng/gói),Diana,Băng vệ sinh,20500.0,4.58,Pharmacity_VN,VND,20500.0
ORD00449,C0348,Nguyễn Minh Anh,18,Nam,Hà Nội,P10956,2,90000,2026-05-04,COD,Băng vệ sinh siêu mỏng cánh Sofy Skin Comfort Ultra Thin 26cm (8 miếng/gói),Sofy,Băng vệ sinh,45000.0,4.95,Pharmacity_VN,VND,45000.0
ORD00450,C0181,Mai Ngọc Thảo,36,Nữ,TP. Hồ Chí Minh,P26443,1,90000,2026-05-04,COD,Bộ Đôi Bàn Chải Đánh Răng COLGATE Cushion Clean Charcoal,Colgate,Bàn chải đánh răng,90000.0,4.55,Pharmacity_VN,VND,90000.0
ORD00451,C0097,Mai Ngọc Ánh,33,Nữ,Đà Nẵng,P27851,2,80000,2026-05-04,Tiền mặt,Sữa Vệ Sinh Phụ Nữ Shema Lá Đôi Hồng (200ml),Shema Baby,Dung dịch vệ sinh phụ nữ,40000.0,4.69,Pharmacity_VN,VND,40000.0
ORD00452,C0120,Dương Hữu Quang,38,Nam,TP. Hồ Chí Minh,P12633,2,43000,2026-05-05,Thẻ ngân hàng,Kem Đánh Răng P/S Trẻ Em Từ 2-6 Tuổi Hương Dâu và Trái Cây (tuýp 45g),P/S,Kem đánh răng,21500.0,4.89,Pharmacity_VN,VND,21500.0
ORD00453,C0265,Phạm Thu Hồng,27,Nữ,Hà Nội,P18975,1,245000,2026-05-05,COD,Dao cạo March3+ Gillette (Hộp 1 cán dao + 2 lưỡi dao),Gillette,Dao cạo râu & Bọt cạo râu,245000.0,4.78,Pharmacity_VN,VND,245000.0
ORD00454,C0324,Phạm Thu Ánh,51,Nữ,Cần Thơ,P07424,1,143650,2026-05-05,Ví điện tử,"Sữa Tắm PURITE Rose Hương Hoa Hồng giúp giữ ẩm da, sáng da (chai 500ml)",Purite,Sữa tắm,143650.0,4.74,Pharmacity_VN,VND,143650.0
ORD00455,C0024,Dương Minh Tùng,18,Nam,Hà Nội,P03870,2,236000,2026-05-05,COD,Xịt Ngăn Mùi Cho Nam NIVEA MEN Silver Protect Dynamic Power (Chai 150ml),Nivea,Khử mùi cho nam,118000.0,4.83,Pharmacity_VN,VND,118000.0
ORD00456,C0035,Vũ Quốc Bảo,38,Nam,TP. Hồ Chí Minh,P03249,1,27500,2026-05-06,Tiền mặt,Băng Vệ Sinh DIANA Siêu Thấm Cánh (8 Miếng),Diana,Băng vệ sinh,27500.0,4.76,Pharmacity_VN,VND,27500.0
ORD00457,C0317,Lê Quốc Hoàng,37,Nam,TP. Hồ Chí Minh,P03374,2,143520,2026-05-06,Ví điện tử,Nước Rửa Tay LIFEBUOY Bảo Vệ Vượt Trội giúp loại bỏ vi khuẩn (chai 450g),Lifebuoy,Nước rửa tay,71760.0,4.97,Pharmacity_VN,VND,71760.0
ORD00458,C0290,Dương Văn Thành,24,Nam,Hà Nội,P27882,2,94000,2026-05-07,Tiền mặt,Băng vệ sinh Kotex bảo vệ toàn diện cho ngày nhiều và đêm 28cm (14 miếng),Kotex,Băng vệ sinh,47000.0,4.5,Pharmacity_VN,VND,47000.0
ORD00459,C0231,Trần Quốc Thành,23,Nam,TP. Hồ Chí Minh,P07609,3,148500,2026-05-07,Ví điện tử,Lăn Khử Mùi NIVEA Ngọc Trai Quyến Rũ (chai 25ml),Nivea,Lăn khử mùi,49500.0,4.75,Pharmacity_VN,VND,49500.0
ORD00460,C0127,Trần Minh Hưng,20,Nam,TP. Hồ Chí Minh,P10076,3,276750,2026-05-07,COD,Xịt Thơm Miệng DENTIPLUS Hiệu Quả Gấp Đôi chai (25ml),Dentiplus,Sản phẩm chăm sóc răng miệng khác,92250.0,4.83,Pharmacity_VN,VND,92250.0
ORD00461,C0056,Vũ Ngọc Yến,39,Nữ,Cần Thơ,P20092,3,172800,2026-05-07,Tiền mặt,Bàn Chải Đánh Răng SENSODYNE Sensitive & Gum Soft Lông Tơ Mềm Mại,Sensodyne (GSK OTC),Bàn chải đánh răng,57600.0,4.99,Pharmacity_VN,VND,57600.0
ORD00462,C0053,Lê Minh Anh,23,Nam,TP. Hồ Chí Minh,P10969,3,214200,2026-05-07,COD,Sữa rửa mặt than đen hoạt tính cho nam Nivea Men Deep Britening Oil Clear Mud Foam (100g),Nivea,Chăm sóc da mặt cho nam,71400.0,4.75,Pharmacity_VN,VND,71400.0
ORD00463,C0045,Phạm Minh Dũng,18,Nam,Hà Nội,P27321,1,111000,2026-05-08,Thẻ ngân hàng,Dung dịch vệ sinh phụ nữ hàng ngày DottorPrimo Emergyn Fresh 100ml,Dottorprimo,Dung dịch vệ sinh phụ nữ,111000.0,4.94,Pharmacity_VN,VND,111000.0
ORD00464,C0039,Vũ Mỹ Yến,18,Nữ,Hải Phòng,P20102,1,36000,2026-05-08,Tiền mặt,Pharmacity Natural Care Sữa Tắm Chiết Xuất Mâm Xôi Và Cam Thảo (Chai 550ml),Pharmacity,Sữa tắm,36000.0,4.93,Pharmacity_VN,VND,36000.0
ORD00465,C0071,Mai Quốc Anh,34,Nam,TP. Hồ Chí Minh,P03925,3,99000,2026-05-08,Thẻ ngân hàng,Dụng Cụ Cạo Lưỡi OKAMURA Giúp Làm Sạch Mảng Bám Trên Lưỡi,Okamura,Sản phẩm chăm sóc răng miệng khác,33000.0,4.58,Pharmacity_VN,VND,33000.0
ORD00466,C0064,Lê Mỹ Vi,18,Nữ,Hà Nội,P18077,2,190000,2026-05-08,COD,Kem Đánh Răng SENSODYNE Fresh Mint Hương Bạc Hà (tuýp 160g),Sensodyne (GSK OTC),Kem đánh răng,95000.0,4.53,Pharmacity_VN,VND,95000.0
ORD00467,C0069,Vũ Quốc Tùng,34,Nam,Cần Thơ,P17508,1,81000,2026-05-09,Ví điện tử,Bộ Đôi Bàn Chải Đánh Răng COLGATE SlimSoft Advanced Siêu Mềm Mảnh,Colgate,Bàn chải đánh răng,81000.0,4.95,Pharmacity_VN,VND,81000.0
ORD00468,C0291,Phạm Minh Hoàng,28,Nam,Đà Nẵng,P11374,2,95200,2026-05-09,Ví điện tử,Băng vệ sinh Diana siêu thấm siêu mỏng cánh (Gói 20 miếng),Diana,Băng vệ sinh,47600.0,4.55,Pharmacity_VN,VND,47600.0
ORD00469,C0331,Bùi Ngọc Ánh,30,Nữ,Hải Phòng,P29594,2,22000,2026-05-09,Tiền mặt,"Pharmacity Nước muối sinh lý Natri Clorid 0,9% (Chai 500ml)",Pharmacity,Nước súc miệng,11000.0,4.94,Pharmacity_VN,VND,11000.0
ORD00470,C0121,Dương Mỹ Vi,38,Nữ,Hà Nội,P30109,3,840000,2026-05-09,Ví điện tử,Dung dịch vệ sinh Saforelle Ultra Mild Cleansing Foam (Ultra Douce) 250ml,Saforelle,Dung dịch vệ sinh phụ nữ,280000.0,4.85,Pharmacity_VN,VND,280000.0
ORD00471,C0046,Nguyễn Quốc Quang,23,Nam,Hà Nội,P17519,3,631200,2026-05-09,Tiền mặt,Dầu gội Head & Shoulders Anti-Dandruff Shampoo Sub Zero Sensation (Chai 800ml),Head & Shoulders,Dầu gội đầu,210400.0,4.77,Pharmacity_VN,VND,210400.0
ORD00472,C0051,Phạm Hữu Châu,33,Nam,TP. Hồ Chí Minh,P24604,1,44805,2026-05-09,Ví điện tử,Kem đánh răng P/S trà xanh (Tuýp 230g),P/S,Kem đánh răng,44805.0,4.76,Pharmacity_VN,VND,44805.0
ORD00473,C0211,Đặng Minh Nhiên,36,Nam,Hải Phòng,P12848,4,758640,2026-05-10,Thẻ ngân hàng,Tã quần mỏng thoáng size L cho người lớn Caryn (14 miếng/gói),Caryn,Tã dán,189660.0,4.86,Pharmacity_VN,VND,189660.0
ORD00474,C0129,Đặng Mỹ Vi,31,Nữ,TP. Hồ Chí Minh,P14248,1,54000,2026-05-10,Thẻ ngân hàng,Kem Đánh Răng P/S Than Hoạt Tính (tuýp 230g),P/S,Kem đánh răng,54000.0,4.58,Pharmacity_VN,VND,54000.0
ORD00475,C0127,Trần Minh Hưng,20,Nam,TP. Hồ Chí Minh,P03732,1,60000,2026-05-10,COD,Gel Tạo Kiểu Tóc ROMANO CLASSIC Giữ Nếp Lâu (150g),Romano,Chăm sóc tóc cho nam,60000.0,4.55,Pharmacity_VN,VND,60000.0
ORD00476,C0115,Trần Mỹ Vân,28,Nữ,Hải Phòng,P03819,3,167400,2026-05-10,Tiền mặt,Dầu Xả SELSUN Dành Cho Tóc Gàu (chai 100ml),Selsun,Dầu xả,55800.0,4.82,Pharmacity_VN,VND,55800.0
ORD00477,C0083,Mai Mỹ Xuân,45,Nữ,TP. Hồ Chí Minh,P22275,1,172000,2026-05-10,Thẻ ngân hàng,Sữa Tắm LIFEBUOY Chăm Sóc Da Giúp Bảo Vệ Khỏi Vi Khuẩn Gây Bệnh (chai 800ml),Lifebuoy,Sữa tắm,172000.0,4.62,Pharmacity_VN,VND,172000.0
ORD00478,C0276,Phạm Quốc Minh,35,Nam,Đà Nẵng,P30409,4,580000,2026-05-10,Thẻ ngân hàng,Sáp Khử Mùi Xmen For Boss Intense Xanh 80g,X Men,Khử mùi cho nam,145000.0,4.89,Pharmacity_VN,VND,145000.0
ORD00479,C0116,Phạm Thu Thảo,33,Nữ,TP. Hồ Chí Minh,P10970,1,70000,2026-05-11,Thẻ ngân hàng,Lăn ngăn mùi than đen hoạt tính cho nam Nivea Men Deep Black Charcoal Dark Wood 72h (50ml),Nivea,Khử mùi cho nam,70000.0,4.87,Pharmacity_VN,VND,70000.0
ORD00480,C0062,Nguyễn Thị Ánh,28,Nữ,Hà Nội,P03868,1,76000,2026-05-11,COD,Lăn Khử Mùi NIVEA MEN DRY IMPACT (Chai 50ml),Nivea,Khử mùi cho nam,76000.0,4.78,Pharmacity_VN,VND,76000.0
ORD00481,C0266,Bùi Thu Dương,18,Nữ,TP. Hồ Chí Minh,P20106,2,105000,2026-05-11,Tiền mặt,Nước Súc Miệng P/S Pro Complete Bảo Vệ Răng Miệng Tối Ưu (chai 500ml),P/S,Nước súc miệng,52500.0,4.94,Pharmacity_VN,VND,52500.0
ORD00482,C0219,Trần Quốc Quang,25,Nam,TP. Hồ Chí Minh,P10808,2,270000,2026-05-12,Tiền mặt,Dung dịch vệ sinh phụ nữ Crevil intim waschlotion (100ml),Crevil,Dung dịch vệ sinh phụ nữ,135000.0,4.76,Pharmacity_VN,VND,135000.0
ORD00483,C0306,Lê Văn Châu,31,Nam,Hà Nội,P03829,1,115000,2026-05-12,COD,Xịt Ngăn Mùi NIVEA Ngọc Trai Quyến Rũ (chai 150ml),Nivea,Xịt khử mùi,115000.0,4.72,Pharmacity_VN,VND,115000.0
ORD00484,C0349,Bùi Ngọc Linh,23,Nữ,Hà Nội,P01562,1,88200,2026-05-12,COD,Sữa Dưỡng Da Toàn Thân VASELINE HEALTHY BRIGHT SPF24 PA++ giúp làm sáng và giúp chống nắng cho da 200ml,Vaseline,Dưỡng thể & massage,88200.0,4.97,Pharmacity_VN,VND,88200.0
ORD00485,C0059,Đặng Hữu Quang,33,Nam,Hà Nội,P00326,1,18000,2026-05-12,Thẻ ngân hàng,Bột Khử Mùi TRAPHA Hỗ Trợ Khử Mùi (chai 30g),Trapha,Sáp khử mùi,18000.0,4.66,Pharmacity_VN,VND,18000.0
ORD00486,C0345,Trần Quốc Huy,25,Nam,TP. Hồ Chí Minh,P30109,4,1120000,2026-05-12,COD,Dung dịch vệ sinh Saforelle Ultra Mild Cleansing Foam (Ultra Douce) 250ml,Saforelle,Dung dịch vệ sinh phụ nữ,280000.0,4.85,Pharmacity_VN,VND,280000.0
ORD00487,C0269,Bùi Thị Vân,26,Nữ,Hà Nội,P25490,2,238000,2026-05-13,Thẻ ngân hàng,Sữa rửa mặt làm sạch nhờn Uno 130g,Uno,Chăm sóc da mặt cho nam,119000.0,4.57,Pharmacity_VN,VND,119000.0
ORD00488,C0346,Lê Thị Ánh,32,Nữ,Hà Nội,P16883,1,18000,2026-05-13,Thẻ ngân hàng,Nước hoa Feliz Perfume Provence (Màu tím),Feliz Provence,Dưỡng thể & massage,18000.0,4.74,Pharmacity_VN,VND,18000.0
ORD00489,C0176,Đặng Hữu Vũ,38,Nam,Hà Nội,P24607,2,84000,2026-05-13,Tiền mặt,Bộ Ba Bàn Chải Đánh Răng P/S Lông Tơ Mềm Mại,P/S,Bàn chải đánh răng,42000.0,4.86,Pharmacity_VN,VND,42000.0
ORD00490,C0133,Lê Ngọc Hồng,19,Nữ,Cần Thơ,P04450,1,120000,2026-05-13,COD,Dung Dịch Vệ Sinh Phụ Nữ Lactacyd Pro Sensitive (250ml),Sanofi CHC (Lactacyd brand),Dung dịch vệ sinh phụ nữ,120000.0,4.65,Pharmacity_VN,VND,120000.0
ORD00491,C0264,Mai Quốc Hoàng,20,Nam,TP. Hồ Chí Minh,P17958,2,540200,2026-05-14,COD,Lăn Khử Mùi ETIAXIL Dành Cho Da Nhạy Cảm (chai 15ml),Etiaxil,Lăn khử mùi,270100.0,4.69,Pharmacity_VN,VND,270100.0
ORD00492,C0057,Hoàng Minh Huy,22,Nam,TP. Hồ Chí Minh,P17520,4,825600,2026-05-14,COD,Dầu Gội HEAD & SHOULDERS Bạc Hà Mát Lạnh Giảm Gàu (chai 850ml),Head & Shoulders,Dầu gội đầu,206400.0,4.65,Pharmacity_VN,VND,206400.0
ORD00493,C0106,Phạm Thị Hương,34,Nữ,Hà Nội,P11334,1,28800,2026-05-14,Ví điện tử,Kem tẩy lông cho da thường Cléo (25g),Cleo,Hỗ trợ tẩy lông,28800.0,4.6,Pharmacity_VN,VND,28800.0
ORD00494,C0044,Vũ Quốc Tùng,27,Nam,TP. Hồ Chí Minh,P19807,1,71000,2026-05-15,Ví điện tử,Dung Dịch Vệ Sinh Phụ Nữ Lactacyd Pro Sensitive (150ml),Sanofi CHC (Lactacyd brand),Dung dịch vệ sinh phụ nữ,71000.0,4.71,Pharmacity_VN,VND,71000.0
ORD00495,C0213,Bùi Ngọc Lan,40,Nữ,Cần Thơ,P09121,1,122000,2026-05-16,COD,Xịt khử mùi mát lạnh cho nam Nivea Men Cool Kick (150ml),Nivea,Khử mùi cho nam,122000.0,4.9,Pharmacity_VN,VND,122000.0
ORD00496,C0342,Mai Hữu Nam,32,Nam,TP. Hồ Chí Minh,P10808,1,135000,2026-05-16,Thẻ ngân hàng,Dung dịch vệ sinh phụ nữ Crevil intim waschlotion (100ml),Crevil,Dung dịch vệ sinh phụ nữ,135000.0,4.76,Pharmacity_VN,VND,135000.0
ORD00497,C0136,Trần Mỹ Chi,45,Nữ,TP. Hồ Chí Minh,P18620,2,135000,2026-05-16,Thẻ ngân hàng,Sữa tắm hương Hoa hồng Feliz Body Wash Rose (Chai 1 lít),Feliz,Sữa tắm,67500.0,4.54,Pharmacity_VN,VND,67500.0
ORD00498,C0273,Hoàng Ngọc Dương,42,Nữ,Hà Nội,P17538,1,20000,2026-05-16,COD,Xà Phòng Tắm LIFEBUOY Matcha và Khổ Qua Bảo Vệ Khỏi Vi Khuẩn (90g),Lifebuoy,Xà bông cục,20000.0,4.95,Pharmacity_VN,VND,20000.0
ORD00499,C0037,Đặng Ngọc Linh,32,Nữ,Hà Nội,P30966,4,160000,2026-05-16,Ví điện tử,Kotex BVS Mặt Bông Cotton SMC 24cm 8M,Kotex,Băng vệ sinh,40000.0,4.53,Pharmacity_VN,VND,40000.0
ORD00500,C0102,Bùi Ngọc Dương,26,Nữ,TP. Hồ Chí Minh,P01547,1,32200,2026-05-16,Thẻ ngân hàng,Nước Rửa Tay LIFEBUOY Chăm Sóc Da (chai 177ml),Lifebuoy,Nước rửa tay,32200.0,4.78,Pharmacity_VN,VND,32200.0
ORD00501,C0216,Nguyễn Thu Xuân,38,Nữ,TP. Hồ Chí Minh,P17552,2,128000,2026-05-16,COD,Nước Rửa Tay LIFEBUOY Chăm Sóc Da (túi 400g),Lifebuoy,Nước rửa tay,64000.0,4.71,Pharmacity_VN,VND,64000.0
ORD00502,C0018,Phạm Mỹ Vi,33,Nữ,Hà Nội,P03715,1,78000,2026-05-16,COD,Sữa Tắm Gội 2in1 ROMANO CLASSIC (150ml),Romano,Sản phẩm tắm & dưỡng thể cho nam,78000.0,4.62,Pharmacity_VN,VND,78000.0
ORD00503,C0054,Lê Thu Mai,36,Nữ,Đà Nẵng,P17557,1,51500,2026-05-17,Thẻ ngân hàng,Bàn Chải Đánh Răng CLOSE UP Precision Clean (hộp 1 cái),Close up,Bàn chải đánh răng,51500.0,4.64,Pharmacity_VN,VND,51500.0
ORD00504,C0255,Mai Mỹ Dương,18,Nữ,Cần Thơ,P08889,2,142000,2026-05-17,Thẻ ngân hàng,"Nước Súc Miệng LISTERINE Cool Mint Zero Hơi Thở Thơm Mát, Không Cay (Chai 250ml)",Listerine,Nước súc miệng,71000.0,4.82,Pharmacity_VN,VND,71000.0
ORD00505,C0147,Bùi Thị Thảo,18,Nữ,Hà Nội,P18078,5,315000,2026-05-18,COD,Kem Đánh Răng ORAL CLEAN Trẻ Em Tom & Jerry Tutti Frutti (tuýp 75ml),Oral Clean,Kem đánh răng,63000.0,4.75,Pharmacity_VN,VND,63000.0
ORD00506,C0027,Mai Minh Khoa,18,Nam,TP. Hồ Chí Minh,P22673,2,624000,2026-05-18,COD,Sữa Tắm NEUTROGENA Rainbath Refreshing Shower & Bath Gel Tươi Mát Và Mịn Màng (473ml),Neutrogena,Sữa tắm,312000.0,4.75,Pharmacity_VN,VND,312000.0
ORD00507,C0154,Nguyễn Mỹ Yến,32,Nữ,Hà Nội,P30052,2,70000,2026-05-18,COD,Pharmacity Tăm chỉ nha khoa (Gói 90 cây),Pharmacity,Tăm chỉ nha khoa,35000.0,4.51,Pharmacity_VN,VND,35000.0
ORD00508,C0156,Nguyễn Hữu Nhiên,23,Nam,Hà Nội,P08353,1,84000,2026-05-18,COD,Kem tẩy lông cho da nhạy cảm Veet Silk & Fresh (50g),Veet,Hỗ trợ tẩy lông,84000.0,4.53,Pharmacity_VN,VND,84000.0
ORD00509,C0287,Trần Ngọc Chi,28,Nữ,Hải Phòng,P27856,1,139000,2026-05-18,Thẻ ngân hàng,"Sữa tắm Pharmacity Làm Sạch, Kháng Khuẩn – Dưỡng ẩm da (Chai 850ml)",Pharmacity,Sữa tắm,139000.0,4.85,Pharmacity_VN,VND,139000.0
ORD00510,C0196,Phạm Ngọc Yến,34,Nữ,TP. Hồ Chí Minh,P27757,2,150000,2026-05-19,Ví điện tử,Pharmacity Nước rửa tay chăm sóc toàn diện (Chai 500ml),Pharmacity,Nước rửa tay,75000.0,4.72,Pharmacity_VN,VND,75000.0
ORD00511,C0118,Mai Mỹ Lan,18,Nữ,Cần Thơ,P10408,1,32000,2026-05-19,COD,Bàn Chải Đánh Răng P/S Muối Đá Himalaya,P/S,Bàn chải đánh răng,32000.0,4.78,Pharmacity_VN,VND,32000.0
ORD00512,C0323,Bùi Mỹ Ngọc,22,Nữ,Hà Nội,P17556,3,513000,2026-05-20,Tiền mặt,"Nước Súc Miệng LISTERINE Cool Mint Zero Hơi Thở Thơm Mát, Không Cay (Chai 750ml)",Listerine,Nước súc miệng,171000.0,4.91,Pharmacity_VN,VND,171000.0
ORD00513,C0033,Phạm Ngọc Ánh,30,Nữ,Hà Nội,P10766,2,20000,2026-05-21,Ví điện tử,Nước Muối VĨNH PHÚC Natri Clorid 0.9% chai làm sạch răng miệng (500ml),Vinh Phuc,Nước súc miệng,10000.0,4.99,Pharmacity_VN,VND,10000.0
ORD00514,C0171,Vũ Thị Mai,21,Nữ,TP. Hồ Chí Minh,P22880,3,456000,2026-05-21,Thẻ ngân hàng,Dầu Gội Dược Liệu THÁI DƯƠNG 7 Plus Dưỡng Tóc (chai 250ml),Thai Duong,Dầu gội đầu,152000.0,4.64,Pharmacity_VN,VND,152000.0
ORD00515,C0003,Phạm Văn Hoàng,36,Nam,TP. Hồ Chí Minh,P25492,3,447000,2026-05-21,Ví điện tử,Sáp Vuốt Tóc Tạo Kiểu Giữ Nếp Tự Nhiên Wax UNO Hybrid Hard 80g,Uno,Chăm sóc tóc cho nam,149000.0,4.84,Pharmacity_VN,VND,149000.0
ORD00516,C0313,Vũ Minh Quang,38,Nam,TP. Hồ Chí Minh,P30966,2,80000,2026-05-21,COD,Kotex BVS Mặt Bông Cotton SMC 24cm 8M,Kotex,Băng vệ sinh,40000.0,4.53,Pharmacity_VN,VND,40000.0
ORD00517,C0110,Phạm Mỹ Ngọc,29,Nữ,TP. Hồ Chí Minh,P00596,3,252450,2026-05-21,Tiền mặt,Dầu Gội SELSUN Anti Dandruff Giảm Gàu và Giảm Ngứa Da Đầu (Chai 100ml),Selsun,Dầu gội đầu,84150.0,4.91,Pharmacity_VN,VND,84150.0
ORD00518,C0158,Mai Thu Lan,35,Nữ,TP. Hồ Chí Minh,P18076,2,98000,2026-05-22,Tiền mặt,Bộ Đôi Bàn Chải Đánh Răng SENSODYNE Sensitive Extra Soft Ê Chăm Sóc Răng  Buốt và Êm Dịu Nướu,Sensodyne (GSK OTC),Bàn chải đánh răng,49000.0,4.52,Pharmacity_VN,VND,49000.0
ORD00519,C0061,Dương Thị Hương,25,Nữ,Hà Nội,P24071,3,93000,2026-05-22,COD,Nước Súc Miệng Fujiwa Ion Muối Hương Bạc Hà (Chai 680 ml),Fujiwa,Nước súc miệng,31000.0,4.61,Pharmacity_VN,VND,31000.0
ORD00520,C0041,Lê Thu Vân,37,Nữ,Hà Nội,P17487,1,27500,2026-05-22,Tiền mặt,Băng vệ sinh siêu mỏng không cánh Diana Cool Fresh 23cm (8 miếng),Diana,Băng vệ sinh,27500.0,4.8,Pharmacity_VN,VND,27500.0
ORD00521,C0113,Trần Thị Xuân,31,Nữ,Hải Phòng,P18209,1,59000,2026-05-22,Ví điện tử,Băng vệ sinh ban đêm siêu thấm cánh Diana Supernight 29cm (12 miếng),Diana,Băng vệ sinh,59000.0,4.95,Pharmacity_VN,VND,59000.0
ORD00522,C0328,Bùi Ngọc Chi,38,Nữ,Hà Nội,P18999,1,194400,2026-05-22,Tiền mặt,Dầu Gội TRESEMME Salon Rebond Giúp Giảm Gãy Rụng (chai 640g),Tresemme,Dầu gội đầu,194400.0,4.7,Pharmacity_VN,VND,194400.0
ORD00523,C0322,Mai Thu Chi,36,Nữ,Hà Nội,P17557,2,103000,2026-05-22,Ví điện tử,Bàn Chải Đánh Răng CLOSE UP Precision Clean (hộp 1 cái),Close up,Bàn chải đánh răng,51500.0,4.64,Pharmacity_VN,VND,51500.0
ORD00524,C0283,Phạm Thu Lan,46,Nữ,TP. Hồ Chí Minh,P18209,1,59000,2026-05-22,Thẻ ngân hàng,Băng vệ sinh ban đêm siêu thấm cánh Diana Supernight 29cm (12 miếng),Diana,Băng vệ sinh,59000.0,4.95,Pharmacity_VN,VND,59000.0
ORD00525,C0272,Bùi Văn Nhiên,18,Nam,Hà Nội,P12977,2,294400,2026-05-23,Tiền mặt,Sáp khử mùi Old Spice Fiji With Palm Tree Anti-Perspirant & Deodorant (Chai 73g),Old Spice,Khử mùi cho nam,147200.0,4.63,Pharmacity_VN,VND,147200.0
ORD00526,C0216,Nguyễn Thu Xuân,38,Nữ,TP. Hồ Chí Minh,P30966,4,160000,2026-05-23,COD,Kotex BVS Mặt Bông Cotton SMC 24cm 8M,Kotex,Băng vệ sinh,40000.0,4.53,Pharmacity_VN,VND,40000.0
ORD00527,C0202,Vũ Mỹ Ngọc,36,Nữ,TP. Hồ Chí Minh,P23803,4,232000,2026-05-23,Thẻ ngân hàng,Băng vệ sinh Kotex Max Cool  siêu mỏng có cánh 23cm (20 miếng),Kotex,Băng vệ sinh,58000.0,4.8,Pharmacity_VN,VND,58000.0
ORD00528,C0238,Đặng Minh Anh,32,Nam,TP. Hồ Chí Minh,P23795,3,1148760,2026-05-23,Tiền mặt,Cốc Nguyệt San Inacup 100% Silicon Y Tế (Size B),Inacup,Băng vệ sinh,382920.0,4.67,Pharmacity_VN,VND,382920.0
ORD00529,C0134,Lê Thu Thảo,35,Nữ,TP. Hồ Chí Minh,P03491,3,120000,2026-05-23,Thẻ ngân hàng,Bàn Chải Đánh Răng COLGATE Batman Cho Bé Trai,Colgate,Bàn chải đánh răng,40000.0,4.59,Pharmacity_VN,VND,40000.0
ORD00530,C0142,Bùi Mỹ Chi,43,Nữ,TP. Hồ Chí Minh,P12836,1,37000,2026-05-23,COD,Quần lót miễn giặt cho nữ Travel-Mate size L (5 cái/gói),Travel-Mate,Sản phẩm vệ sinh khác,37000.0,4.99,Pharmacity_VN,VND,37000.0
ORD00531,C0208,Nguyễn Quốc Tú,35,Nam,Cần Thơ,P27756,2,150000,2026-05-23,COD,Nước rửa tay Pharmacity bảo vệ tối ưu (Chai 500ml) - New,Pharmacity,Nước rửa tay,75000.0,4.65,Pharmacity_VN,VND,75000.0
ORD00532,C0011,Phạm Minh Tùng,25,Nam,Hà Nội,P29227,1,119000,2026-05-23,COD,Dung Dịch Vệ Sinh Phụ Nữ Lactacyd Cool Sensation (250ml),Sanofi CHC (Lactacyd brand),Dung dịch vệ sinh phụ nữ,119000.0,4.96,Pharmacity_VN,VND,119000.0
ORD00533,C0043,Dương Hữu Thành,29,Nam,TP. Hồ Chí Minh,P29713,1,135000,2026-05-24,Tiền mặt,Feliz  Sữa tắm chiết xuất sữa dê (Chai 1 lít),Pharmacity,Sữa tắm,135000.0,4.91,Pharmacity_VN,VND,135000.0
ORD00534,C0027,Mai Minh Khoa,18,Nam,TP. Hồ Chí Minh,P20093,2,210000,2026-05-24,Ví điện tử,Bộ Đôi Bàn Chải Đánh Răng COLGATE Cushion Clean,Colgate,Bàn chải đánh răng,105000.0,4.66,Pharmacity_VN,VND,105000.0
ORD00535,C0217,Đặng Mỹ Mai,22,Nữ,Cần Thơ,P37331,1,75650,2026-05-24,Ví điện tử,Kem tẩy lông da nhạy cảm Cleo (50g),Cleo,Hỗ trợ tẩy lông,75650.0,4.77,Pharmacity_VN,VND,75650.0
ORD00536,C0211,Đặng Minh Nhiên,36,Nam,Hải Phòng,P25487,3,420750,2026-05-24,Thẻ ngân hàng,Nước Súc Miệng LISTERINE Total Care Sensitive Cho Răng Nhạy Cảm (Chai 750ml),Listerine,Nước súc miệng,140250.0,4.5,Pharmacity_VN,VND,140250.0
ORD00537,C0086,Nguyễn Minh Tú,25,Nam,Đà Nẵng,P19173,1,61600,2026-05-25,Ví điện tử,Bột Hỗ Trợ Tẩy Trắng Răng EUCRYL Toothpowder hũ 50g,Eucryl,Sản phẩm chăm sóc răng miệng khác,61600.0,4.67,Pharmacity_VN,VND,61600.0
ORD00538,C0124,Bùi Mỹ Linh,18,Nữ,Hải Phòng,P13420,2,122000,2026-05-25,COD,Sáp dưỡng ẩm Vaseline Pure Petroleum Jelly Original (50ml),Vaseline,Dưỡng thể & massage,61000.0,4.77,Pharmacity_VN,VND,61000.0
ORD00539,C0033,Phạm Ngọc Ánh,30,Nữ,Hà Nội,P21170,1,25000,2026-05-26,Thẻ ngân hàng,Serum Dưỡng Tóc ELLIPS Pro Keratin Smooth & Silky Mềm Mượt Tóc (Vỉ 6 viên),Ellips,Dưỡng tóc,25000.0,4.75,Pharmacity_VN,VND,25000.0
ORD00540,C0189,Mai Văn Nam,22,Nam,TP. Hồ Chí Minh,P28161,2,398000,2026-05-26,Thẻ ngân hàng,Dầu gội dược liệu Thuần Mộc (Chai 300ml),Thuan Moc,Dầu gội đầu,199000.0,4.83,Pharmacity_VN,VND,199000.0
ORD00541,C0019,Đặng Thị Hương,21,Nữ,Cần Thơ,P27855,1,139000,2026-05-26,Tiền mặt,"Sữa tắm Pharmacity Làm Sạch, Kháng Khuẩn – Chăm sóc da (Chai 850ml)",Pharmacity,Sữa tắm,139000.0,4.99,Pharmacity_VN,VND,139000.0
ORD00542,C0230,Lê Thị Vi,37,Nữ,TP. Hồ Chí Minh,P29714,3,405000,2026-05-26,Ví điện tử,Feliz Sữa tắm hương hoa hồng (Chai 1 lít),Pharmacity,Sữa tắm,135000.0,4.71,Pharmacity_VN,VND,135000.0
ORD00543,C0102,Bùi Ngọc Dương,26,Nữ,TP. Hồ Chí Minh,P03680,2,182000,2026-05-26,Thẻ ngân hàng,Lăn khử mùi Enchantuer Charming Enchantuer Deluxe Anti-Perspirant Deodorant Charming (50ml),Enchanteur,Lăn khử mùi,91000.0,4.58,Pharmacity_VN,VND,91000.0
ORD00544,C0142,Bùi Mỹ Chi,43,Nữ,TP. Hồ Chí Minh,P03374,2,143520,2026-05-26,Thẻ ngân hàng,Nước Rửa Tay LIFEBUOY Bảo Vệ Vượt Trội giúp loại bỏ vi khuẩn (chai 450g),Lifebuoy,Nước rửa tay,71760.0,4.97,Pharmacity_VN,VND,71760.0
ORD00545,C0151,Phạm Ngọc Thảo,33,Nữ,Cần Thơ,P13421,1,115000,2026-05-26,COD,Sáp dưỡng ẩm Vaseline Pure Petroleum Jelly Original (100ml),Vaseline,Dưỡng thể & massage,115000.0,4.81,Pharmacity_VN,VND,115000.0
ORD00546,C0156,Nguyễn Hữu Nhiên,23,Nam,Hà Nội,P03649,1,67940,2026-05-27,Ví điện tử,Lăn Khử Mùi X-MEN FOR BOSS INTENSE (Chai 50ml),X Men,Khử mùi cho nam,67940.0,4.57,Pharmacity_VN,VND,67940.0
ORD00547,C0107,Đặng Hữu Nam,49,Nam,Cần Thơ,P15466,1,27000,2026-05-27,COD,"Dầu Gội MATRIX Gội Là Nâu ngăn ngừa rụng tóc, không gây kích ứng da (hộp 10 gói)",MATRIX,Dầu gội đầu,27000.0,4.57,Pharmacity_VN,VND,27000.0
ORD00548,C0090,Hoàng Hữu Vũ,35,Nam,Hà Nội,P29716,1,135000,2026-05-27,Thẻ ngân hàng,Feliz Sữa tắm hương dưa lưới (Chai 1 lít),Pharmacity,Sữa tắm,135000.0,4.99,Pharmacity_VN,VND,135000.0
ORD00549,C0202,Vũ Mỹ Ngọc,36,Nữ,TP. Hồ Chí Minh,P11374,2,95200,2026-05-27,COD,Băng vệ sinh Diana siêu thấm siêu mỏng cánh (Gói 20 miếng),Diana,Băng vệ sinh,47600.0,4.55,Pharmacity_VN,VND,47600.0
ORD00550,C0234,Dương Mỹ Linh,23,Nữ,Hà Nội,P04720,1,21000,2026-05-27,Thẻ ngân hàng,Băng Vệ Sinh Hằng Ngày KOTEX Hương Tự Nhiên (20 Miếng),Kotex,Băng vệ sinh,21000.0,4.93,Pharmacity_VN,VND,21000.0
ORD00551,C0102,Bùi Ngọc Dương,26,Nữ,TP. Hồ Chí Minh,P07056,4,352800,2026-05-28,Tiền mặt,Sữa Dưỡng Thể VASELINE HEALTHY BRIGHT Sáng Da Tức Thì 200ml,Vaseline,Dưỡng thể & massage,88200.0,4.56,Pharmacity_VN,VND,88200.0
ORD00552,C0038,Phạm Thu Dương,18,Nữ,Cần Thơ,P18066,5,295000,2026-05-28,Thẻ ngân hàng,Kem Đánh Răng COLGATE Cho Trẻ Em 6-9 Tuổi Hương Dâu Bạc Hà (Tuýp 80g),Colgate,Kem đánh răng,59000.0,4.66,Pharmacity_VN,VND,59000.0
ORD00553,C0145,Nguyễn Quốc Phúc,33,Nam,TP. Hồ Chí Minh,P20106,1,52500,2026-05-28,Tiền mặt,Nước Súc Miệng P/S Pro Complete Bảo Vệ Răng Miệng Tối Ưu (chai 500ml),P/S,Nước súc miệng,52500.0,4.94,Pharmacity_VN,VND,52500.0
ORD00554,C0214,Nguyễn Quốc Khoa,37,Nam,Hải Phòng,P29620,1,194250,2026-05-28,Tiền mặt,Kem Đánh Răng Marvis Jasmin Mint Vị Hoa Nhài & Bạc Hà hỗ trợ sạch mảng bám & khử mùi hôi miệng (85ml),Marvis,Kem đánh răng,194250.0,4.87,Pharmacity_VN,VND,194250.0
ORD00555,C0221,Hoàng Thu Yến,53,Nữ,Đà Nẵng,P27756,2,150000,2026-05-29,Thẻ ngân hàng,Nước rửa tay Pharmacity bảo vệ tối ưu (Chai 500ml) - New,Pharmacity,Nước rửa tay,75000.0,4.65,Pharmacity_VN,VND,75000.0
ORD00556,C0338,Bùi Mỹ Linh,27,Nữ,Đà Nẵng,P30794,2,109000,2026-05-29,Tiền mặt,Pharmacity Gentcode Bọt Vệ Sinh Nam Sport Active (Chai 100ml),Pharmacity,Sản phẩm tắm & dưỡng thể cho nam,54500.0,4.59,Pharmacity_VN,VND,54500.0
ORD00557,C0310,Mai Thị Chi,28,Nữ,Hải Phòng,P14296,1,60000,2026-05-29,Thẻ ngân hàng,Nước Súc Miệng THÁI DƯƠNG Valentine (chai 500ml),Thai Duong,Nước súc miệng,60000.0,4.94,Pharmacity_VN,VND,60000.0
ORD00558,C0178,Hoàng Hữu Nhiên,45,Nam,Hà Nội,P10403,1,45900,2026-05-29,COD,Kem Đánh Răng CLOSE UP Bạc Hà The Mát (tuýp 230g),Close up,Kem đánh răng,45900.0,4.74,Pharmacity_VN,VND,45900.0
ORD00559,C0237,Phạm Thu Hồng,18,Nữ,Cần Thơ,P03926,3,105000,2026-05-29,Ví điện tử,Tăm Chỉ Nha Khoa OKAMURA Làm Sạch Kẻ Răng (gói 90 cây),Okamura,Tăm chỉ nha khoa,35000.0,4.67,Pharmacity_VN,VND,35000.0
ORD00560,C0081,Lê Ngọc Linh,28,Nữ,Hải Phòng,P29186,4,284000,2026-05-29,Thẻ ngân hàng,Băng vệ sinh dạng quần Diana Comfy Night Size M-L (5 Chiếc/Gói),Diana,Băng vệ sinh,71000.0,4.6,Pharmacity_VN,VND,71000.0
ORD00561,C0284,Nguyễn Hữu Hưng,18,Nam,Hà Nội,P18193,1,74400,2026-05-29,COD,Băng vệ sinh siêu mỏng cánh Sofy Skin Comfort Ultra Thin 26cm (Gói 17 miếng),Sofy,Băng vệ sinh,74400.0,4.55,Pharmacity_VN,VND,74400.0
ORD00562,C0136,Trần Mỹ Chi,45,Nữ,TP. Hồ Chí Minh,P29691,1,149000,2026-05-29,COD,Kem Nhuộm Tóc Garnier Màu 7.3 Nâu Ánh Vàng (50g + 50ml + 5g/Hộp),Garnier,Nhuộm tóc,149000.0,4.59,Pharmacity_VN,VND,149000.0
ORD00563,C0104,Mai Thu Chi,22,Nữ,Cần Thơ,P25498,1,249000,2026-05-29,Thẻ ngân hàng,Dầu Gội TSUBAKI Phục Hồi Hư Tổn Nặng & Giảm Gãy Rụng (Chai 490ml),Tsubaki,Dầu gội đầu,249000.0,4.64,Pharmacity_VN,VND,249000.0
ORD00564,C0126,Dương Văn Hưng,52,Nam,Hà Nội,P08280,2,44000,2026-05-30,Tiền mặt,Băng vệ sinh ban đêm Diana Super Night 29cm (4 miếng/gói),Diana,Băng vệ sinh,22000.0,4.56,Pharmacity_VN,VND,22000.0
ORD00565,C0036,Đặng Mỹ Lan,18,Nữ,Hải Phòng,P16681,2,157200,2026-05-30,Tiền mặt,Xịt Ngăn Mùi NIVEA Whitening Deep Trắng Da Chuyên Sâu (chai 150ml),Nivea,Xịt khử mùi,78600.0,4.63,Pharmacity_VN,VND,78600.0
ORD00566,C0261,Vũ Mỹ Dương,21,Nữ,TP. Hồ Chí Minh,P03307,1,29600,2026-05-30,Thẻ ngân hàng,Dao Cạo Râu GILLETTE VECTOR PLUS RAZOR 1UP (1 Cái/Vỉ),Gillette,Dao cạo râu & Bọt cạo râu,29600.0,4.92,Pharmacity_VN,VND,29600.0
ORD00567,C0054,Lê Thu Mai,36,Nữ,Đà Nẵng,P12633,1,21500,2026-05-30,COD,Kem Đánh Răng P/S Trẻ Em Từ 2-6 Tuổi Hương Dâu và Trái Cây (tuýp 45g),P/S,Kem đánh răng,21500.0,4.89,Pharmacity_VN,VND,21500.0
ORD00568,C0344,Hoàng Minh Nam,25,Nam,TP. Hồ Chí Minh,P04695,1,22000,2026-05-30,Ví điện tử,Băng Vệ Sinh Ban Đêm DIANA SENSI NIGHT 29 cm (4 Miếng),Diana,Băng vệ sinh,22000.0,4.97,Pharmacity_VN,VND,22000.0
ORD00569,C0108,Hoàng Hữu Tùng,32,Nam,Hà Nội,P22899,2,580000,2026-05-31,Ví điện tử,"Mặt Nạ Tóc TSUBAKI Giúp Phục Hồi, Giảm Xơ Rối (180g)",Tsubaki,Dưỡng tóc,290000.0,4.78,Pharmacity_VN,VND,290000.0
ORD00570,C0132,Mai Quốc Bảo,31,Nam,TP. Hồ Chí Minh,P25083,3,37500,2026-05-31,Thẻ ngân hàng,Băng vệ sinh ban ngày siêu mỏng cánh Kotex Gardenia Deo+ 23cm (8 miếng),Kotex,Băng vệ sinh,12500.0,4.96,Pharmacity_VN,VND,12500.0
ORD00571,C0316,Mai Thị Hương,30,Nữ,TP. Hồ Chí Minh,P27325,2,40000,2026-05-31,Ví điện tử,Băng vệ sinh thiên nhiên ban đêm có cánh Molped (35cm x 3 miếng),Molped,Băng vệ sinh,20000.0,4.9,Pharmacity_VN,VND,20000.0
ORD00572,C0291,Phạm Minh Hoàng,28,Nam,Đà Nẵng,P17520,2,412800,2026-06-01,COD,Dầu Gội HEAD & SHOULDERS Bạc Hà Mát Lạnh Giảm Gàu (chai 850ml),Head & Shoulders,Dầu gội đầu,206400.0,4.65,Pharmacity_VN,VND,206400.0
ORD00573,C0283,Phạm Thu Lan,46,Nữ,TP. Hồ Chí Minh,P22141,2,60750,2026-06-01,Tiền mặt,Tăm Chỉ Kẽ Răng JOMI Hỗ Trợ Làm Sạch Mảng Bám Trong Kẻ Răng (gói 80 cái),Jomi,Tăm chỉ nha khoa,30375.0,4.88,Pharmacity_VN,VND,30375.0
ORD00574,C0064,Lê Mỹ Vi,18,Nữ,Hà Nội,P05528,2,76000,2026-06-01,Tiền mặt,Kem Đánh Răng P/S Ngừa Sâu Răng Vượt Trội (tuýp 230g),P/S,Kem đánh răng,38000.0,4.66,Pharmacity_VN,VND,38000.0
ORD00575,C0004,Trần Minh Tùng,45,Nam,TP. Hồ Chí Minh,P30406,1,192500,2026-06-01,Thẻ ngân hàng,Xịt Xmen For Boss Ngăn Rụng Tóc 100ml,X Men,Chăm sóc tóc cho nam,192500.0,4.65,Pharmacity_VN,VND,192500.0
ORD00576,C0067,Bùi Quốc Trọng,29,Nam,TP. Hồ Chí Minh,P30406,2,385000,2026-06-01,Ví điện tử,Xịt Xmen For Boss Ngăn Rụng Tóc 100ml,X Men,Chăm sóc tóc cho nam,192500.0,4.65,Pharmacity_VN,VND,192500.0
ORD00577,C0258,Đặng Minh Trọng,23,Nam,TP. Hồ Chí Minh,P25498,1,249000,2026-06-01,COD,Dầu Gội TSUBAKI Phục Hồi Hư Tổn Nặng & Giảm Gãy Rụng (Chai 490ml),Tsubaki,Dầu gội đầu,249000.0,4.64,Pharmacity_VN,VND,249000.0
ORD00578,C0216,Nguyễn Thu Xuân,38,Nữ,TP. Hồ Chí Minh,P08353,1,84000,2026-06-02,Thẻ ngân hàng,Kem tẩy lông cho da nhạy cảm Veet Silk & Fresh (50g),Veet,Hỗ trợ tẩy lông,84000.0,4.53,Pharmacity_VN,VND,84000.0
ORD00579,C0068,Dương Hữu Minh,40,Nam,TP. Hồ Chí Minh,P12848,1,189660,2026-06-02,Ví điện tử,Tã quần mỏng thoáng size L cho người lớn Caryn (14 miếng/gói),Caryn,Tã dán,189660.0,4.86,Pharmacity_VN,VND,189660.0
ORD00580,C0038,Phạm Thu Dương,18,Nữ,Cần Thơ,P10952,2,79000,2026-06-02,COD,Bàn Chải Đánh Răng SENSODYNE Multi Care Dành Cho Răng Nhạy Cảm,Sensodyne (GSK OTC),Bàn chải đánh răng,39500.0,4.67,Pharmacity_VN,VND,39500.0
ORD00581,C0188,Vũ Minh Trọng,29,Nam,Hà Nội,P28959,2,38000,2026-06-02,COD,Pharmacity Dung dịch vệ sinh phụ nữ dạng gel hương thơm tươi mát (Chai 100ml),Pharmacity,Dung dịch vệ sinh phụ nữ,19000.0,4.69,Pharmacity_VN,VND,19000.0
ORD00582,C0021,Trần Thu Linh,45,Nữ,Hà Nội,P25944,1,27000,2026-06-03,COD,Băng vệ sinh Diana than hoạt tính Sensi siêu mỏng cánh (Gói 8 miếng),Diana,Băng vệ sinh,27000.0,4.99,Pharmacity_VN,VND,27000.0
ORD00583,C0151,Phạm Ngọc Thảo,33,Nữ,Cần Thơ,P29716,5,675000,2026-06-03,COD,Feliz Sữa tắm hương dưa lưới (Chai 1 lít),Pharmacity,Sữa tắm,135000.0,4.99,Pharmacity_VN,VND,135000.0
ORD00584,C0115,Trần Mỹ Vân,28,Nữ,Hải Phòng,P10411,3,171000,2026-06-03,Ví điện tử,Bộ Đôi Bàn Chải Đánh Răng P/S Than Bạc Kháng Khuẩn Màu Ngẫu Nhiên,P/S,Bàn chải đánh răng,57000.0,4.94,Pharmacity_VN,VND,57000.0
ORD00585,C0249,Bùi Mỹ Duyên,48,Nữ,TP. Hồ Chí Minh,P17958,2,540200,2026-06-03,Thẻ ngân hàng,Lăn Khử Mùi ETIAXIL Dành Cho Da Nhạy Cảm (chai 15ml),Etiaxil,Lăn khử mùi,270100.0,4.69,Pharmacity_VN,VND,270100.0
ORD00586,C0110,Phạm Mỹ Ngọc,29,Nữ,TP. Hồ Chí Minh,P29593,1,20000,2026-06-03,Ví điện tử,"Pharmacity Nước muối sinh lý Natri Clorid 0,9% (Chai 1000ml)",Pharmacity,Nước súc miệng,20000.0,4.78,Pharmacity_VN,VND,20000.0
ORD00587,C0303,Dương Thu Duyên,37,Nữ,Hải Phòng,P30408,2,348000,2026-06-03,Thẻ ngân hàng,Sáp Khử Mùi Xmen For Boss Luxury Trắng 70g,X Men,Khử mùi cho nam,174000.0,4.61,Pharmacity_VN,VND,174000.0
ORD00588,C0185,Đặng Hữu Khoa,28,Nam,Cần Thơ,P02195,1,21600,2026-06-03,COD,Nước Rửa Tay GREEN CROSS Hương Trà Xanh (chai 100ml),Green Cross,Nước rửa tay,21600.0,4.95,Pharmacity_VN,VND,21600.0
ORD00589,C0339,Bùi Mỹ Yến,34,Nữ,Hà Nội,P04801,1,10000,2026-06-03,Thẻ ngân hàng,Băng Vệ Sinh Kháng Khuẩn Hàng Ngày DIANA SENSI (8 Miếng),Diana,Băng vệ sinh,10000.0,4.99,Pharmacity_VN,VND,10000.0
ORD00590,C0291,Phạm Minh Hoàng,28,Nam,Đà Nẵng,P14056,1,31600,2026-06-04,Thẻ ngân hàng,Băng vệ sinh siêu êm thoáng ban đêm Sofy Skin Comfort 36cm (4 miếng/gói),Sofy,Băng vệ sinh,31600.0,4.77,Pharmacity_VN,VND,31600.0
ORD00591,C0315,Đặng Ngọc Xuân,43,Nữ,Hải Phòng,P25499,2,498000,2026-06-04,COD,Dầu Xả TSUBAKI Phục Hồi Hư Tổn Nặng & Giảm Gãy Rụng chai 490ml,Tsubaki,Dầu xả,249000.0,4.73,Pharmacity_VN,VND,249000.0
ORD00592,C0117,Dương Quốc Trung,30,Nam,TP. Hồ Chí Minh,P29690,1,149000,2026-06-05,COD,Kem Nhuộm Tóc Garnier Màu 5.32 Nâu Caramel (50g+50ml+5g/Hộp),Garnier,Nhuộm tóc,149000.0,4.58,Pharmacity_VN,VND,149000.0
ORD00593,C0187,Mai Ngọc Yến,35,Nữ,TP. Hồ Chí Minh,P10521,5,1055000,2026-06-05,Thẻ ngân hàng,Dầu dưỡng giúp cải thiện tình trạng bên ngoài của sẹo & rạn da Bio-Oil (60ml),Bio Oil,Dưỡng thể & massage,211000.0,4.73,Pharmacity_VN,VND,211000.0
ORD00594,C0327,Nguyễn Hữu Nhiên,42,Nam,Đà Nẵng,P29227,2,238000,2026-06-05,Tiền mặt,Dung Dịch Vệ Sinh Phụ Nữ Lactacyd Cool Sensation (250ml),Sanofi CHC (Lactacyd brand),Dung dịch vệ sinh phụ nữ,119000.0,4.96,Pharmacity_VN,VND,119000.0
ORD00595,C0280,Đặng Ngọc Hương,26,Nữ,TP. Hồ Chí Minh,P08280,2,44000,2026-06-05,Tiền mặt,Băng vệ sinh ban đêm Diana Super Night 29cm (4 miếng/gói),Diana,Băng vệ sinh,22000.0,4.56,Pharmacity_VN,VND,22000.0
ORD00596,C0191,Trần Minh Hoàng,26,Nam,Hải Phòng,P29767,2,178000,2026-06-05,Ví điện tử,Dung dịch rửa tay khô sát khuẩn TH.A 500ml,TH-A,Nước rửa tay,89000.0,4.63,Pharmacity_VN,VND,89000.0
ORD00597,C0305,Mai Văn Bảo,30,Nam,Hải Phòng,P08754,1,11000,2026-06-06,Thẻ ngân hàng,Băng vệ sinh siêu mỏng cánh ban đêm Kotex Style (3 miếng/gói),Kotex,Băng vệ sinh,11000.0,4.66,Pharmacity_VN,VND,11000.0
ORD00598,C0312,Dương Hữu Vũ,41,Nam,TP. Hồ Chí Minh,P03880,1,81000,2026-06-06,COD,Kem dưỡng Nivea Soft (Hộp 50ml),Nivea,Dưỡng thể & massage,81000.0,4.56,Pharmacity_VN,VND,81000.0
ORD00599,C0193,Trần Quốc Tùng,32,Nam,Hải Phòng,P04695,1,22000,2026-06-07,Ví điện tử,Băng Vệ Sinh Ban Đêm DIANA SENSI NIGHT 29 cm (4 Miếng),Diana,Băng vệ sinh,22000.0,4.97,Pharmacity_VN,VND,22000.0
ORD00600,C0110,Phạm Mỹ Ngọc,29,Nữ,TP. Hồ Chí Minh,P00248,1,60000,2026-06-07,Tiền mặt,Dầu Gội Dược Liệu THÁI DƯƠNG 3 Hương Hoa Giảm Gàu (chai 200ml),Thai Duong,Dầu gội đầu,60000.0,4.82,Pharmacity_VN,VND,60000.0
ORD00601,C0326,Hoàng Thị Yến,18,Nữ,Đà Nẵng,P08733,4,432000,2026-06-07,COD,Kem Đánh Răng SENSODYNE Repair & Protect Giúp Phục Hồi Răng Nhạy Cảm (tuýp 100g),Sensodyne (GSK OTC),Kem đánh răng,108000.0,4.78,Pharmacity_VN,VND,108000.0
ORD00602,C0100,Mai Thị Vi,28,Nữ,Đà Nẵng,P25944,3,81000,2026-06-07,COD,Băng vệ sinh Diana than hoạt tính Sensi siêu mỏng cánh (Gói 8 miếng),Diana,Băng vệ sinh,27000.0,4.99,Pharmacity_VN,VND,27000.0
ORD00603,C0303,Dương Thu Duyên,37,Nữ,Hải Phòng,P21582,1,186000,2026-06-07,Thẻ ngân hàng,Dung dịch vệ sinh phụ nữ cao cấp hằng ngày Femfresh Daily Intimate Wash (250ml),Femfresh,Dung dịch vệ sinh phụ nữ,186000.0,4.82,Pharmacity_VN,VND,186000.0
ORD00604,C0056,Vũ Ngọc Yến,39,Nữ,Cần Thơ,P26446,1,68640,2026-06-07,COD,Kem đánh răng Sensodyne Deep Clean 100g,Sensodyne (GSK OTC),Kem đánh răng,68640.0,4.98,Pharmacity_VN,VND,68640.0
ORD00605,C0286,Hoàng Thị Ánh,18,Nữ,TP. Hồ Chí Minh,P16878,4,72000,2026-06-07,COD,Nước hoa Feliz Perfume Provence (Màu hồng),Feliz Provence,Dưỡng thể & massage,18000.0,4.85,Pharmacity_VN,VND,18000.0
ORD00606,C0255,Mai Mỹ Dương,18,Nữ,Cần Thơ,P02389,2,284000,2026-06-07,Ví điện tử,"Nước súc miệng KIN GINGIVAL Ngăn Ngừa Mảng Bám, Viêm Nướu, Sâu Răng (chai 250ml)",Kin Gingival,Nước súc miệng,142000.0,4.83,Pharmacity_VN,VND,142000.0
ORD00607,C0346,Lê Thị Ánh,32,Nữ,Hà Nội,P20102,1,36000,2026-06-08,COD,Pharmacity Natural Care Sữa Tắm Chiết Xuất Mâm Xôi Và Cam Thảo (Chai 550ml),Pharmacity,Sữa tắm,36000.0,4.93,Pharmacity_VN,VND,36000.0
ORD00608,C0214,Nguyễn Quốc Khoa,37,Nam,Hải Phòng,P03868,2,152000,2026-06-08,Tiền mặt,Lăn Khử Mùi NIVEA MEN DRY IMPACT (Chai 50ml),Nivea,Khử mùi cho nam,76000.0,4.78,Pharmacity_VN,VND,76000.0
ORD00609,C0011,Phạm Minh Tùng,25,Nam,Hà Nội,P23014,5,189000,2026-06-08,Thẻ ngân hàng,Bàn Chải Đánh Răng P/S White Detox Kháng Khuẩn,P/S,Bàn chải đánh răng,37800.0,4.93,Pharmacity_VN,VND,37800.0
ORD00610,C0222,Lê Ngọc Xuân,18,Nữ,Đà Nẵng,P17299,1,46000,2026-06-09,Thẻ ngân hàng,Kem đánh răng Colgate ngừa sâu răng hương bạc hà 225g,Colgate,Kem đánh răng,46000.0,4.72,Pharmacity_VN,VND,46000.0
ORD00611,C0178,Hoàng Hữu Nhiên,45,Nam,Hà Nội,P18082,2,82000,2026-06-09,Thẻ ngân hàng,Kem Đánh Răng P/S Chăm Sóc Toàn Diện (tuýp 230g),P/S,Kem đánh răng,41000.0,4.92,Pharmacity_VN,VND,41000.0
ORD00612,C0104,Mai Thu Chi,22,Nữ,Cần Thơ,P18975,1,245000,2026-06-09,Tiền mặt,Dao cạo March3+ Gillette (Hộp 1 cán dao + 2 lưỡi dao),Gillette,Dao cạo râu & Bọt cạo râu,245000.0,4.78,Pharmacity_VN,VND,245000.0
ORD00613,C0305,Mai Văn Bảo,30,Nam,Hải Phòng,P10953,1,47000,2026-06-09,Ví điện tử,Bàn Chải Đánh Răng SENSODYNE Repair & Protect,Sensodyne (GSK OTC),Bàn chải đánh răng,47000.0,4.97,Pharmacity_VN,VND,47000.0
ORD00614,C0097,Mai Ngọc Ánh,33,Nữ,Đà Nẵng,P06300,1,64000,2026-06-09,Tiền mặt,Dao Cạo Râu 2 Lưỡi SCHICK EXECTA 2 SYSTEM,Schick,Dao cạo râu & Bọt cạo râu,64000.0,4.67,Pharmacity_VN,VND,64000.0
ORD00615,C0163,Phạm Minh Thành,42,Nam,TP. Hồ Chí Minh,P10495,1,38250,2026-06-09,COD,Bàn Chải Đánh Răng ORAL-B Tinh Chất Trà Đen Chăm Sóc Nướu,Oral-B,Bàn chải đánh răng,38250.0,4.95,Pharmacity_VN,VND,38250.0
ORD00616,C0256,Phạm Ngọc Linh,25,Nữ,Hà Nội,P19807,1,71000,2026-06-09,Ví điện tử,Dung Dịch Vệ Sinh Phụ Nữ Lactacyd Pro Sensitive (150ml),Sanofi CHC (Lactacyd brand),Dung dịch vệ sinh phụ nữ,71000.0,4.71,Pharmacity_VN,VND,71000.0
ORD00617,C0302,Hoàng Thị Linh,24,Nữ,TP. Hồ Chí Minh,P08889,2,142000,2026-06-10,Tiền mặt,"Nước Súc Miệng LISTERINE Cool Mint Zero Hơi Thở Thơm Mát, Không Cay (Chai 250ml)",Listerine,Nước súc miệng,71000.0,4.82,Pharmacity_VN,VND,71000.0
ORD00618,C0319,Lê Quốc Trung,33,Nam,Đà Nẵng,P17538,1,20000,2026-06-10,Thẻ ngân hàng,Xà Phòng Tắm LIFEBUOY Matcha và Khổ Qua Bảo Vệ Khỏi Vi Khuẩn (90g),Lifebuoy,Xà bông cục,20000.0,4.95,Pharmacity_VN,VND,20000.0
ORD00619,C0093,Mai Thu Vi,23,Nữ,Hà Nội,P24071,2,62000,2026-06-10,Tiền mặt,Nước Súc Miệng Fujiwa Ion Muối Hương Bạc Hà (Chai 680 ml),Fujiwa,Nước súc miệng,31000.0,4.61,Pharmacity_VN,VND,31000.0
ORD00620,C0279,Mai Văn Trọng,31,Nam,TP. Hồ Chí Minh,P30403,1,112850,2026-06-10,Thẻ ngân hàng,Dầu Gội Xmen For Boss Pro Hair Sạch Gàu & Giảm Gãy Rụng 350g,X Men,Chăm sóc tóc cho nam,112850.0,4.59,Pharmacity_VN,VND,112850.0
ORD00621,C0018,Phạm Mỹ Vi,33,Nữ,Hà Nội,P29592,1,18000,2026-06-10,Thẻ ngân hàng,"Pharmacity Nước muối sinh lý Natri Clorid 0,9% Hương chanh (Chai 500ml)",Pharmacity,Nước súc miệng,18000.0,4.77,Pharmacity_VN,VND,18000.0
ORD00622,C0182,Lê Mỹ Xuân,21,Nữ,Hà Nội,P30052,1,35000,2026-06-10,Ví điện tử,Pharmacity Tăm chỉ nha khoa (Gói 90 cây),Pharmacity,Tăm chỉ nha khoa,35000.0,4.51,Pharmacity_VN,VND,35000.0
ORD00623,C0294,Bùi Văn Quang,38,Nam,Cần Thơ,P18975,1,245000,2026-06-10,COD,Dao cạo March3+ Gillette (Hộp 1 cán dao + 2 lưỡi dao),Gillette,Dao cạo râu & Bọt cạo râu,245000.0,4.78,Pharmacity_VN,VND,245000.0
ORD00624,C0232,Nguyễn Minh Châu,32,Nam,Hải Phòng,P17958,2,540200,2026-06-11,COD,Lăn Khử Mùi ETIAXIL Dành Cho Da Nhạy Cảm (chai 15ml),Etiaxil,Lăn khử mùi,270100.0,4.69,Pharmacity_VN,VND,270100.0
ORD00625,C0095,Dương Minh Tùng,26,Nam,TP. Hồ Chí Minh,P05585,2,48000,2026-06-11,Thẻ ngân hàng,Băng Vệ Sinh KOTEX STYLE Siêu Mỏng Cánh (8 Miếng),Kotex,Băng vệ sinh,24000.0,4.79,Pharmacity_VN,VND,24000.0
ORD00626,C0128,Bùi Thu Yến,24,Nữ,Hải Phòng,P37395,4,896000,2026-06-11,Ví điện tử,Dầu Gội Head & Shoulders Sạch Gàu Da Đầu Dầu Clinical Strength Advanced Oil Control 400ml,Head & Shoulders,Dầu gội đầu,224000.0,4.67,Pharmacity_VN,VND,224000.0
ORD00627,C0236,Phạm Minh Nam,36,Nam,Đà Nẵng,P03828,2,232000,2026-06-12,Ví điện tử,Xịt Ngăn Mùi NIVEA Extra Whitening Trắng Mịn Mờ Vết Thâm (Chai 150ml),Nivea,Xịt khử mùi,116000.0,4.87,Pharmacity_VN,VND,116000.0
ORD00628,C0026,Bùi Văn Vũ,31,Nam,Hà Nội,P03912,2,136000,2026-06-12,COD,Sáp Tạo Kiểu Tóc Cho Nam GATSBY Styling Wax Mat & Hard (Hộp 75g),Gatsby,Chăm sóc tóc cho nam,68000.0,4.52,Pharmacity_VN,VND,68000.0
ORD00629,C0028,Hoàng Minh Quang,34,Nam,Đà Nẵng,P04694,1,27000,2026-06-12,COD,Băng Vệ Sinh DIANA SENSI  Siêu Mỏng Cánh (8 Miếng),Diana,Băng vệ sinh,27000.0,4.54,Pharmacity_VN,VND,27000.0
ORD00630,C0076,Vũ Quốc Minh,38,Nam,TP. Hồ Chí Minh,P03925,1,33000,2026-06-13,Thẻ ngân hàng,Dụng Cụ Cạo Lưỡi OKAMURA Giúp Làm Sạch Mảng Bám Trên Lưỡi,Okamura,Sản phẩm chăm sóc răng miệng khác,33000.0,4.58,Pharmacity_VN,VND,33000.0
ORD00631,C0272,Bùi Văn Nhiên,18,Nam,Hà Nội,P03253,2,40800,2026-06-13,Thẻ ngân hàng,Băng Vệ Sinh Ban Đêm DIANA SUPER NIGHT 35Cm (3 Miếng),Diana,Băng vệ sinh,20400.0,4.87,Pharmacity_VN,VND,20400.0
ORD00632,C0119,Hoàng Thị Duyên,41,Nữ,Hà Nội,P20100,1,36000,2026-06-13,Tiền mặt,Pharmacity Natural Care Sữa Tắm Chiết Xuất Mật Ong Và Lô Hội (Chai 550ml),Pharmacity,Sữa tắm,36000.0,4.71,Pharmacity_VN,VND,36000.0
ORD00633,C0303,Dương Thu Duyên,37,Nữ,Hải Phòng,P00326,1,18000,2026-06-13,Ví điện tử,Bột Khử Mùi TRAPHA Hỗ Trợ Khử Mùi (chai 30g),Trapha,Sáp khử mùi,18000.0,4.66,Pharmacity_VN,VND,18000.0
ORD00634,C0295,Lê Thị Vi,34,Nữ,Hà Nội,P08879,1,28000,2026-06-13,Tiền mặt,Băng vệ sinh siêu mỏng cánh mát lạnh Diana Sensi Cool Fresh (8 miếng/gói),Diana,Băng vệ sinh,28000.0,4.77,Pharmacity_VN,VND,28000.0
ORD00635,C0159,Nguyễn Minh Minh,18,Nam,TP. Hồ Chí Minh,P03680,3,273000,2026-06-13,COD,Lăn khử mùi Enchantuer Charming Enchantuer Deluxe Anti-Perspirant Deodorant Charming (50ml),Enchanteur,Lăn khử mùi,91000.0,4.58,Pharmacity_VN,VND,91000.0
ORD00636,C0112,Nguyễn Hữu Quang,30,Nam,TP. Hồ Chí Minh,P18975,5,1225000,2026-06-13,Ví điện tử,Dao cạo March3+ Gillette (Hộp 1 cán dao + 2 lưỡi dao),Gillette,Dao cạo râu & Bọt cạo râu,245000.0,4.78,Pharmacity_VN,VND,245000.0
ORD00637,C0294,Bùi Văn Quang,38,Nam,Cần Thơ,P03866,5,460000,2026-06-14,Tiền mặt,Lăn ngăn mùi NIVEA MEN SILVER PROTECT (Chai 50ml),Nivea,Khử mùi cho nam,92000.0,4.6,Pharmacity_VN,VND,92000.0
ORD00638,C0250,Mai Quốc Tú,34,Nam,Đà Nẵng,P28161,1,199000,2026-06-15,COD,Dầu gội dược liệu Thuần Mộc (Chai 300ml),Thuan Moc,Dầu gội đầu,199000.0,4.83,Pharmacity_VN,VND,199000.0
ORD00639,C0048,Bùi Quốc Anh,41,Nam,Hà Nội,P30108,2,344000,2026-06-15,Ví điện tử,Dung dịch vệ sinh Saforelle Fresh Cleansing care (Fraicheur) 100ml,Saforelle,Dung dịch vệ sinh phụ nữ,172000.0,4.54,Pharmacity_VN,VND,172000.0
ORD00640,C0299,Dương Quốc Hoàng,38,Nam,TP. Hồ Chí Minh,P03819,1,55800,2026-06-16,Ví điện tử,Dầu Xả SELSUN Dành Cho Tóc Gàu (chai 100ml),Selsun,Dầu xả,55800.0,4.82,Pharmacity_VN,VND,55800.0
ORD00641,C0093,Mai Thu Vi,23,Nữ,Hà Nội,P01949,1,78000,2026-06-16,Tiền mặt,Kem Đánh Răng SENSODYNE Multi Care Bảo Vệ Toàn Diện (tuýp 100g),Sensodyne (GSK OTC),Kem đánh răng,78000.0,4.57,Pharmacity_VN,VND,78000.0
ORD00642,C0284,Nguyễn Hữu Hưng,18,Nam,Hà Nội,P00429,1,71000,2026-06-16,Ví điện tử,Nước Súc Miệng LISTERINE Cool Mint Hơi Thở Thơm Mát (Chai 250ml),Listerine,Nước súc miệng,71000.0,4.95,Pharmacity_VN,VND,71000.0
ORD00643,C0264,Mai Quốc Hoàng,20,Nam,TP. Hồ Chí Minh,P08880,1,25000,2026-06-16,Thẻ ngân hàng,Băng vệ sinh siêu mát lạnh hàng ngày Diana Sensi Cool Fresh (20 miếng/gói),Diana,Băng vệ sinh,25000.0,4.75,Pharmacity_VN,VND,25000.0
ORD00644,C0225,Lê Quốc Huy,25,Nam,TP. Hồ Chí Minh,P03305,2,206000,2026-06-16,COD,Bọt Cạo Râu GILLETTE FOAMY METHOL Hương Bạc Hà (175g),Gillette,Dao cạo râu & Bọt cạo râu,103000.0,4.63,Pharmacity_VN,VND,103000.0
ORD00645,C0309,Vũ Thị Vi,35,Nữ,Hải Phòng,P30706,2,125000,2026-06-16,COD,LoveBody Sữa tắm Bơ Shea Sữa Dừa (Chai 550ml),LoveBody,Sữa tắm,62500.0,4.58,Pharmacity_VN,VND,62500.0
ORD00646,C0196,Phạm Ngọc Yến,34,Nữ,TP. Hồ Chí Minh,P23144,1,58000,2026-06-17,Tiền mặt,Băng vệ sinh siêu mỏng không cánh Diana Sensi Cool Fresh (Gói 20 miếng),Diana,Băng vệ sinh,58000.0,4.74,Pharmacity_VN,VND,58000.0
ORD00647,C0079,Vũ Quốc Minh,31,Nam,Cần Thơ,P03872,1,89000,2026-06-17,COD,Sữa Rửa Mặt Cho Nam NIVEA MEN Men Acne-Damaged Skin Giúp Giảm Mụn & Hư Tổn Da (100g),Nivea,Chăm sóc da mặt cho nam,89000.0,4.77,Pharmacity_VN,VND,89000.0
ORD00648,C0147,Bùi Thị Thảo,18,Nữ,Hà Nội,P25943,1,27000,2026-06-18,Ví điện tử,Băng vệ sinh Diana than hoạt tính siêu thấm siêu mỏng cánh (Gói 8 miếng),Diana,Băng vệ sinh,27000.0,4.88,Pharmacity_VN,VND,27000.0
ORD00649,C0268,Hoàng Ngọc Thảo,18,Nữ,Hà Nội,P18977,2,500000,2026-06-18,Tiền mặt,Lưỡi dao cạo March3+ Gillette (Hộp 3 cái),Gillette,Dao cạo râu & Bọt cạo râu,250000.0,4.55,Pharmacity_VN,VND,250000.0
ORD00650,C0032,Vũ Thu Hương,49,Nữ,TP. Hồ Chí Minh,P18994,3,645000,2026-06-18,Ví điện tử,Dầu Gội TSUBAKI Phục Hồi Ngăn Rụng Tóc (Chai 490ml),Tsubaki,Dầu gội đầu,215000.0,4.89,Pharmacity_VN,VND,215000.0
ORD00651,C0149,Bùi Hữu Tùng,35,Nam,Hải Phòng,P30258,3,267000,2026-06-19,Ví điện tử,Xịt rửa tay PURE FRESH hương Cherry Blossom (30ml),Pure Fresh,Nước rửa tay,89000.0,4.95,Pharmacity_VN,VND,89000.0
ORD00652,C0030,Trần Thu Ngọc,27,Nữ,Hà Nội,P24607,1,42000,2026-06-20,Ví điện tử,Bộ Ba Bàn Chải Đánh Răng P/S Lông Tơ Mềm Mại,P/S,Bàn chải đánh răng,42000.0,4.86,Pharmacity_VN,VND,42000.0
ORD00653,C0273,Hoàng Ngọc Dương,42,Nữ,Hà Nội,P17299,2,92000,2026-06-21,Tiền mặt,Kem đánh răng Colgate ngừa sâu răng hương bạc hà 225g,Colgate,Kem đánh răng,46000.0,4.72,Pharmacity_VN,VND,46000.0
ORD00654,C0045,Phạm Minh Dũng,18,Nam,Hà Nội,P30963,1,39500,2026-06-21,Ví điện tử,Kotex BVS Cicada SMC 24cm 7M,Kotex,Băng vệ sinh,39500.0,4.78,Pharmacity_VN,VND,39500.0
ORD00655,C0210,Mai Mỹ Ngọc,69,Nữ,Hải Phòng,P03251,4,104000,2026-06-21,COD,Băng Vệ Sinh DIANA Siêu Thấm Siêu Mỏng Cánh (8 Miếng),Diana,Băng vệ sinh,26000.0,4.85,Pharmacity_VN,VND,26000.0
ORD00656,C0115,Trần Mỹ Vân,28,Nữ,Hải Phòng,P01267,3,170100,2026-06-21,Thẻ ngân hàng,Dầu Gội SELSUN Anti Dandruff Giảm Gàu và Giảm Ngứa Da Đầu (Chai 50ml),Selsun,Dầu gội đầu,56700.0,4.84,Pharmacity_VN,VND,56700.0
ORD00657,C0125,Bùi Quốc Huy,36,Nam,Đà Nẵng,P22138,3,192000,2026-06-21,COD,Kem Đánh Răng COLGATE Muối Himalaya Sáng Khỏe (tuýp 180g),Colgate,Kem đánh răng,64000.0,4.55,Pharmacity_VN,VND,64000.0
ORD00658,C0124,Bùi Mỹ Linh,18,Nữ,Hải Phòng,P03715,4,312000,2026-06-22,Tiền mặt,Sữa Tắm Gội 2in1 ROMANO CLASSIC (150ml),Romano,Sản phẩm tắm & dưỡng thể cho nam,78000.0,4.62,Pharmacity_VN,VND,78000.0
ORD00659,C0021,Trần Thu Linh,45,Nữ,Hà Nội,P19043,1,26000,2026-06-22,Tiền mặt,Băng vệ sinh Kotex Mini Meow siêu mềm 24cm (Gói 8 miếng),Kotex,Băng vệ sinh,26000.0,4.56,Pharmacity_VN,VND,26000.0
ORD00660,C0148,Dương Mỹ Thảo,18,Nữ,Hà Nội,P20102,2,72000,2026-06-22,COD,Pharmacity Natural Care Sữa Tắm Chiết Xuất Mâm Xôi Và Cam Thảo (Chai 550ml),Pharmacity,Sữa tắm,36000.0,4.93,Pharmacity_VN,VND,36000.0
ORD00661,C0090,Hoàng Hữu Vũ,35,Nam,Hà Nội,P30258,5,445000,2026-06-22,COD,Xịt rửa tay PURE FRESH hương Cherry Blossom (30ml),Pure Fresh,Nước rửa tay,89000.0,4.95,Pharmacity_VN,VND,89000.0
ORD00662,C0291,Phạm Minh Hoàng,28,Nam,Đà Nẵng,P21161,1,172000,2026-06-22,Thẻ ngân hàng,Sữa Tắm LIFEBUOY Bảo Vệ Vượt Trội 10 Giúp Bảo Vệ Khỏi Vi Khuẩn Gây Bệnh (chai 800g),Lifebuoy,Sữa tắm,172000.0,4.85,Pharmacity_VN,VND,172000.0
ORD00663,C0026,Bùi Văn Vũ,31,Nam,Hà Nội,P00387,1,73100,2026-06-22,Thẻ ngân hàng,Kem Rửa Mặt OXY DEEP WASH Sạch Sâu 100g,Oxy,Chăm sóc da mặt cho nam,73100.0,4.5,Pharmacity_VN,VND,73100.0
ORD00664,C0050,Hoàng Quốc Dũng,18,Nam,TP. Hồ Chí Minh,P03866,1,92000,2026-06-23,COD,Lăn ngăn mùi NIVEA MEN SILVER PROTECT (Chai 50ml),Nivea,Khử mùi cho nam,92000.0,4.6,Pharmacity_VN,VND,92000.0
ORD00665,C0310,Mai Thị Chi,28,Nữ,Hải Phòng,P29593,4,80000,2026-06-23,Ví điện tử,"Pharmacity Nước muối sinh lý Natri Clorid 0,9% (Chai 1000ml)",Pharmacity,Nước súc miệng,20000.0,4.78,Pharmacity_VN,VND,20000.0
ORD00666,C0016,Bùi Thu Linh,24,Nữ,Hà Nội,P21166,4,495000,2026-06-23,Tiền mặt,Nước Dưỡng Tóc COCOON Tinh Dầu Bưởi Giúp Giảm Gãy Rụng và Làm Mềm Tóc (chai 140ml),Cocoon,Dưỡng tóc,123750.0,4.51,Pharmacity_VN,VND,123750.0
ORD00667,C0017,Vũ Văn Hoàng,20,Nam,Hà Nội,P28808,2,38000,2026-06-23,Thẻ ngân hàng,Pharmacity Dung dịch vệ sinh phụ nữ dạng gel dưỡng ẩm mềm mại (Chai 100ml),Pharmacity,Dung dịch vệ sinh phụ nữ,19000.0,4.95,Pharmacity_VN,VND,19000.0
ORD00668,C0073,Vũ Ngọc Hồng,30,Nữ,Đà Nẵng,P17552,1,64000,2026-06-24,COD,Nước Rửa Tay LIFEBUOY Chăm Sóc Da (túi 400g),Lifebuoy,Nước rửa tay,64000.0,4.71,Pharmacity_VN,VND,64000.0
ORD00669,C0175,Vũ Thị Chi,33,Nữ,TP. Hồ Chí Minh,P27882,1,47000,2026-06-24,COD,Băng vệ sinh Kotex bảo vệ toàn diện cho ngày nhiều và đêm 28cm (14 miếng),Kotex,Băng vệ sinh,47000.0,4.5,Pharmacity_VN,VND,47000.0
ORD00670,C0145,Nguyễn Quốc Phúc,33,Nam,TP. Hồ Chí Minh,P12847,4,456000,2026-06-25,Ví điện tử,Tấm đệm lót mỏng nhẹ size XL Caryn (14 miếng/gói),Caryn,Tã dán,114000.0,4.97,Pharmacity_VN,VND,114000.0
ORD00671,C0274,Đặng Ngọc Chi,30,Nữ,Hà Nội,P18303,1,67000,2026-06-25,COD,Kem Đánh Răng P/S Sensitive Giảm Ê Buốt và Trắng Răng (tuýp 100g),P/S,Kem đánh răng,67000.0,4.71,Pharmacity_VN,VND,67000.0
ORD00672,C0292,Nguyễn Ngọc Xuân,25,Nữ,Cần Thơ,P25490,1,119000,2026-06-25,Thẻ ngân hàng,Sữa rửa mặt làm sạch nhờn Uno 130g,Uno,Chăm sóc da mặt cho nam,119000.0,4.57,Pharmacity_VN,VND,119000.0
ORD00673,C0111,Trần Ngọc Yến,18,Nữ,Đà Nẵng,P14056,1,31600,2026-06-26,Tiền mặt,Băng vệ sinh siêu êm thoáng ban đêm Sofy Skin Comfort 36cm (4 miếng/gói),Sofy,Băng vệ sinh,31600.0,4.77,Pharmacity_VN,VND,31600.0
ORD00674,C0060,Lê Hữu Minh,40,Nam,TP. Hồ Chí Minh,P17506,1,48000,2026-06-26,Tiền mặt,Băng vệ Laurier Fresh & Free siêu mỏng cánh siêu thấm tối đa (Gói 20 miếng),Laurier,Băng vệ sinh,48000.0,4.96,Pharmacity_VN,VND,48000.0
ORD00675,C0165,Hoàng Mỹ Mai,40,Nữ,TP. Hồ Chí Minh,P26099,1,112000,2026-06-26,COD,Sáp ngăn mùi cho nam Nivea Cool Kick (Chai 50ml),Nivea,Khử mùi cho nam,112000.0,4.52,Pharmacity_VN,VND,112000.0
ORD00676,C0165,Hoàng Mỹ Mai,40,Nữ,TP. Hồ Chí Minh,P03926,3,105000,2026-06-27,COD,Tăm Chỉ Nha Khoa OKAMURA Làm Sạch Kẻ Răng (gói 90 cây),Okamura,Tăm chỉ nha khoa,35000.0,4.67,Pharmacity_VN,VND,35000.0
ORD00677,C0323,Bùi Mỹ Ngọc,22,Nữ,Hà Nội,P01143,1,53550,2026-06-27,Thẻ ngân hàng,Kem đánh răng hương bạc hà the mát Sensodyne (100g),Sensodyne (GSK OTC),Kem đánh răng,53550.0,4.86,Pharmacity_VN,VND,53550.0
ORD00678,C0193,Trần Quốc Tùng,32,Nam,Hải Phòng,P11369,2,180000,2026-06-27,COD,Bộ Chăm Sóc Răng Miệng Du Lịch COLGATE,Colgate,Bàn chải đánh răng,90000.0,4.53,Pharmacity_VN,VND,90000.0
ORD00679,C0064,Lê Mỹ Vi,18,Nữ,Hà Nội,P27323,1,22000,2026-06-27,Thẻ ngân hàng,Băng vệ sinh Molped tự nhiên siêu bảo vệ siêu thấm mỏng cánh (23 cm x 8 Miếng),Molped,Băng vệ sinh,22000.0,4.85,Pharmacity_VN,VND,22000.0
ORD00680,C0226,Nguyễn Ngọc Lan,41,Nữ,Hà Nội,P12837,3,111000,2026-06-27,Thẻ ngân hàng,Quần lót miễn giặt cho nữ Travel-Mate size XL (5 cái/gói),Travel-Mate,Sản phẩm vệ sinh khác,37000.0,4.57,Pharmacity_VN,VND,37000.0
ORD00681,C0231,Trần Quốc Thành,23,Nam,TP. Hồ Chí Minh,P25967,5,638000,2026-06-28,COD,Dầu gội Dược liệu Nguyên Vương Lịch Lãm 260g,Nguyen Vuong,Chăm sóc tóc cho nam,127600.0,4.5,Pharmacity_VN,VND,127600.0
ORD00682,C0276,Phạm Quốc Minh,35,Nam,Đà Nẵng,P30794,1,54500,2026-06-29,Ví điện tử,Pharmacity Gentcode Bọt Vệ Sinh Nam Sport Active (Chai 100ml),Pharmacity,Sản phẩm tắm & dưỡng thể cho nam,54500.0,4.59,Pharmacity_VN,VND,54500.0
ORD00683,C0043,Dương Hữu Thành,29,Nam,TP. Hồ Chí Minh,P25497,1,204250,2026-06-29,COD,"Dầu Gội CLEAR 9 Loại Thảo Dược Cổ Truyền Sạch Gàu, Giảm Gãy Rụng chai (630g)",Clear,Dầu gội đầu,204250.0,4.66,Pharmacity_VN,VND,204250.0
ORD00684,C0220,Mai Minh Huy,31,Nam,TP. Hồ Chí Minh,P18065,3,177000,2026-06-30,Tiền mặt,Kem Đánh Răng COLGATE Hương Dâu Tây Cho Trẻ Em 3-5 Tuổi (tuýp 80g),Colgate,Kem đánh răng,59000.0,4.55,Pharmacity_VN,VND,59000.0
ORD00685,C0246,Nguyễn Mỹ Hương,27,Nữ,Cần Thơ,P07542,1,147000,2026-06-30,Ví điện tử,Sữa tắm dưỡng ẩm Johnson's pH 5.5  với dầu hạnh nhân (750ml),Johnson,Sữa tắm,147000.0,4.99,Pharmacity_VN,VND,147000.0
ORD00686,C0319,Lê Quốc Trung,33,Nam,Đà Nẵng,P20092,1,57600,2026-07-01,Ví điện tử,Bàn Chải Đánh Răng SENSODYNE Sensitive & Gum Soft Lông Tơ Mềm Mại,Sensodyne (GSK OTC),Bàn chải đánh răng,57600.0,4.99,Pharmacity_VN,VND,57600.0
ORD00687,C0247,Hoàng Hữu Huy,25,Nam,Cần Thơ,P04630,1,104000,2026-07-01,Thẻ ngân hàng,Dầu Gội THORAKAO Hoa Bưởi Mềm Mại và Óng Mượt (chai 400ml),Thorakao,Dầu gội đầu,104000.0,4.82,Pharmacity_VN,VND,104000.0
ORD00688,C0068,Dương Hữu Minh,40,Nam,TP. Hồ Chí Minh,P10414,2,86000,2026-07-02,Tiền mặt,Kem Đánh Răng P/S Green Tea Trà Xanh (Tuýp 180g),P/S,Kem đánh răng,43000.0,4.99,Pharmacity_VN,VND,43000.0
ORD00689,C0139,Mai Thu Ánh,38,Nữ,Hải Phòng,P28808,3,57000,2026-07-02,COD,Pharmacity Dung dịch vệ sinh phụ nữ dạng gel dưỡng ẩm mềm mại (Chai 100ml),Pharmacity,Dung dịch vệ sinh phụ nữ,19000.0,4.95,Pharmacity_VN,VND,19000.0
ORD00690,C0164,Trần Thị Xuân,22,Nữ,TP. Hồ Chí Minh,P07609,1,49500,2026-07-02,COD,Lăn Khử Mùi NIVEA Ngọc Trai Quyến Rũ (chai 25ml),Nivea,Lăn khử mùi,49500.0,4.75,Pharmacity_VN,VND,49500.0
ORD00691,C0074,Lê Văn Bảo,46,Nam,Đà Nẵng,P03252,3,79500,2026-07-02,Ví điện tử,Băng vệ sinh Diana siêu thấm siêu mỏng không cánh 23cm (Gói 8 miếng),Diana,Băng vệ sinh,26500.0,4.85,Pharmacity_VN,VND,26500.0
ORD00692,C0298,Phạm Quốc Tú,33,Nam,Hà Nội,P13777,1,18000,2026-07-02,COD,Bàn chải đánh răng trẻ em Pharmacity,Pharmacity,Bàn chải đánh răng,18000.0,4.86,Pharmacity_VN,VND,18000.0
ORD00693,C0255,Mai Mỹ Dương,18,Nữ,Cần Thơ,P09561,2,90000,2026-07-02,COD,Băng vệ sinh ban ngày siêu mỏng cánh Laurier Super Slimguard 22.5cm (10 miếng/gói),Laurier,Băng vệ sinh,45000.0,4.97,Pharmacity_VN,VND,45000.0
ORD00694,C0031,Phạm Mỹ Vi,24,Nữ,Đà Nẵng,P18032,1,25000,2026-07-02,Ví điện tử,Băng vệ sinh Kotex Max Cool siêu mỏng cánh (gói 8 miếng),Kotex,Băng vệ sinh,25000.0,4.8,Pharmacity_VN,VND,25000.0
ORD00695,C0284,Nguyễn Hữu Hưng,18,Nam,Hà Nội,P19173,2,123200,2026-07-03,Thẻ ngân hàng,Bột Hỗ Trợ Tẩy Trắng Răng EUCRYL Toothpowder hũ 50g,Eucryl,Sản phẩm chăm sóc răng miệng khác,61600.0,4.67,Pharmacity_VN,VND,61600.0
ORD00696,C0207,Bùi Quốc Tùng,35,Nam,TP. Hồ Chí Minh,P02389,3,426000,2026-07-03,Thẻ ngân hàng,"Nước súc miệng KIN GINGIVAL Ngăn Ngừa Mảng Bám, Viêm Nướu, Sâu Răng (chai 250ml)",Kin Gingival,Nước súc miệng,142000.0,4.83,Pharmacity_VN,VND,142000.0
ORD00697,C0350,Phạm Quốc Bảo,28,Nam,TP. Hồ Chí Minh,P11350,2,62000,2026-07-05,Thẻ ngân hàng,Pharmacity Bàn chải đánh răng cho răng nhạy cảm Sensitive,Pharmacity,Bàn chải đánh răng,31000.0,4.72,Pharmacity_VN,VND,31000.0
ORD00698,C0153,Hoàng Minh Tùng,23,Nam,Hà Nội,P18076,1,49000,2026-07-05,Tiền mặt,Bộ Đôi Bàn Chải Đánh Răng SENSODYNE Sensitive Extra Soft Ê Chăm Sóc Răng  Buốt và Êm Dịu Nướu,Sensodyne (GSK OTC),Bàn chải đánh răng,49000.0,4.52,Pharmacity_VN,VND,49000.0
ORD00699,C0118,Mai Mỹ Lan,18,Nữ,Cần Thơ,P03374,1,71760,2026-07-05,COD,Nước Rửa Tay LIFEBUOY Bảo Vệ Vượt Trội giúp loại bỏ vi khuẩn (chai 450g),Lifebuoy,Nước rửa tay,71760.0,4.97,Pharmacity_VN,VND,71760.0
ORD00700,C0243,Nguyễn Thị Hương,35,Nữ,Hải Phòng,P08733,1,108000,2026-07-07,Thẻ ngân hàng,Kem Đánh Răng SENSODYNE Repair & Protect Giúp Phục Hồi Răng Nhạy Cảm (tuýp 100g),Sensodyne (GSK OTC),Kem đánh răng,108000.0,4.78,Pharmacity_VN,VND,108000.0
ORD00701,C0029,Hoàng Mỹ Mai,24,Nữ,Cần Thơ,P13421,2,230000,2026-07-07,Thẻ ngân hàng,Sáp dưỡng ẩm Vaseline Pure Petroleum Jelly Original (100ml),Vaseline,Dưỡng thể & massage,115000.0,4.81,Pharmacity_VN,VND,115000.0
ORD00702,C0022,Đặng Mỹ Duyên,28,Nữ,TP. Hồ Chí Minh,P18080,1,57000,2026-07-07,Tiền mặt,Nước Súc Miệng Trẻ Em LISTERINE Vị Không Cay (Chai 250ml),Listerine,Nước súc miệng,57000.0,4.72,Pharmacity_VN,VND,57000.0
ORD00703,C0054,Lê Thu Mai,36,Nữ,Đà Nẵng,P01267,1,56700,2026-07-07,Thẻ ngân hàng,Dầu Gội SELSUN Anti Dandruff Giảm Gàu và Giảm Ngứa Da Đầu (Chai 50ml),Selsun,Dầu gội đầu,56700.0,4.84,Pharmacity_VN,VND,56700.0
ORD00704,C0109,Phạm Ngọc Duyên,33,Nữ,Hà Nội,P03732,2,120000,2026-07-07,COD,Gel Tạo Kiểu Tóc ROMANO CLASSIC Giữ Nếp Lâu (150g),Romano,Chăm sóc tóc cho nam,60000.0,4.55,Pharmacity_VN,VND,60000.0
ORD00705,C0235,Vũ Hữu Quang,51,Nam,TP. Hồ Chí Minh,P11349,2,74000,2026-07-07,Tiền mặt,Pharmacity Bàn chải đánh răng cho răng siêu nhạy cảm Extra Sensitive,Pharmacity,Bàn chải đánh răng,37000.0,4.72,Pharmacity_VN,VND,37000.0
ORD00706,C0300,Dương Thu Dương,36,Nữ,Hà Nội,P29767,1,89000,2026-07-08,Tiền mặt,Dung dịch rửa tay khô sát khuẩn TH.A 500ml,TH-A,Nước rửa tay,89000.0,4.63,Pharmacity_VN,VND,89000.0
ORD00707,C0280,Đặng Ngọc Hương,26,Nữ,TP. Hồ Chí Minh,P27326,5,1215000,2026-07-08,Ví điện tử,Tresemme DX Vao Nep Muot Ma 620g,Tresemme,Dầu xả,243000.0,4.98,Pharmacity_VN,VND,243000.0
ORD00708,C0136,Trần Mỹ Chi,45,Nữ,TP. Hồ Chí Minh,P21171,2,50000,2026-07-08,Thẻ ngân hàng,Serum Dưỡng Tóc ELLIPS Phục Hồi Hư Tổn Pro Keratin Hair Repair (vỉ 6 viên),Ellips,Dưỡng tóc,25000.0,4.7,Pharmacity_VN,VND,25000.0
ORD00709,C0128,Bùi Thu Yến,24,Nữ,Hải Phòng,P03864,2,184000,2026-07-09,Ví điện tử,Lăn Ngăn Mùi Cho Nam NIVEA MEN Cool Kick (Chai 50ml),Nivea,Khử mùi cho nam,92000.0,4.96,Pharmacity_VN,VND,92000.0
ORD00710,C0138,Nguyễn Mỹ Dương,27,Nữ,Cần Thơ,P03491,5,200000,2026-07-09,COD,Bàn Chải Đánh Răng COLGATE Batman Cho Bé Trai,Colgate,Bàn chải đánh răng,40000.0,4.59,Pharmacity_VN,VND,40000.0
ORD00711,C0349,Bùi Ngọc Linh,23,Nữ,Hà Nội,P17507,3,195000,2026-07-09,Tiền mặt,Bàn Chải Đánh Răng COLGATE SlimSoft Flex Clean,Colgate,Bàn chải đánh răng,65000.0,4.72,Pharmacity_VN,VND,65000.0
ORD00712,C0272,Bùi Văn Nhiên,18,Nam,Hà Nội,P08754,1,11000,2026-07-09,COD,Băng vệ sinh siêu mỏng cánh ban đêm Kotex Style (3 miếng/gói),Kotex,Băng vệ sinh,11000.0,4.66,Pharmacity_VN,VND,11000.0
ORD00713,C0005,Trần Ngọc Duyên,28,Nữ,TP. Hồ Chí Minh,P03828,2,232000,2026-07-09,COD,Xịt Ngăn Mùi NIVEA Extra Whitening Trắng Mịn Mờ Vết Thâm (Chai 150ml),Nivea,Xịt khử mùi,116000.0,4.87,Pharmacity_VN,VND,116000.0
ORD00714,C0218,Phạm Mỹ Dương,28,Nữ,TP. Hồ Chí Minh,P13363,1,31000,2026-07-09,Ví điện tử,Nước Súc Miệng LISTERINE Cool Mint Hơi Thở Thơm Mát (Chai 100ml),Listerine,Nước súc miệng,31000.0,4.52,Pharmacity_VN,VND,31000.0
ORD00715,C0330,Vũ Thị Vi,36,Nữ,Hải Phòng,P25498,4,996000,2026-07-10,Thẻ ngân hàng,Dầu Gội TSUBAKI Phục Hồi Hư Tổn Nặng & Giảm Gãy Rụng (Chai 490ml),Tsubaki,Dầu gội đầu,249000.0,4.64,Pharmacity_VN,VND,249000.0
ORD00716,C0083,Mai Mỹ Xuân,45,Nữ,TP. Hồ Chí Minh,P27883,1,118400,2026-07-10,COD,Vaseline Sữa dưỡng thể ban đêm Dewy Radiance Tuýp 300ml,Vaseline,Dưỡng thể & massage,118400.0,4.73,Pharmacity_VN,VND,118400.0
ORD00717,C0119,Hoàng Thị Duyên,41,Nữ,Hà Nội,P20089,1,30000,2026-07-10,Tiền mặt,"Bàn Chải Kẻ Răng OKAMURA Asahi Hình L Loại Bỏ Thức Ăn Thừa, Mảng Bám (Túi 6 cái)",Okamura,Tăm chỉ nha khoa,30000.0,4.57,Pharmacity_VN,VND,30000.0
ORD00718,C0177,Nguyễn Hữu Bảo,30,Nam,TP. Hồ Chí Minh,P01267,1,56700,2026-07-10,COD,Dầu Gội SELSUN Anti Dandruff Giảm Gàu và Giảm Ngứa Da Đầu (Chai 50ml),Selsun,Dầu gội đầu,56700.0,4.84,Pharmacity_VN,VND,56700.0
ORD00719,C0009,Mai Quốc Trọng,25,Nam,Cần Thơ,P17550,3,231000,2026-07-10,Thẻ ngân hàng,Nước Rửa Tay LIFEBUOY Matcha và Lô Hội (chai 450g),Lifebuoy,Nước rửa tay,77000.0,4.54,Pharmacity_VN,VND,77000.0
ORD00720,C0037,Đặng Ngọc Linh,32,Nữ,Hà Nội,P29186,1,71000,2026-07-11,COD,Băng vệ sinh dạng quần Diana Comfy Night Size M-L (5 Chiếc/Gói),Diana,Băng vệ sinh,71000.0,4.6,Pharmacity_VN,VND,71000.0
ORD00721,C0293,Trần Mỹ Vi,24,Nữ,Hà Nội,P29693,1,289000,2026-07-11,COD,Dầu xả L'ORÉAL PARIS ngăn ngừa và giảm gãy rụng tóc 440ml/chai,L'oreal,Dầu xả,289000.0,4.83,Pharmacity_VN,VND,289000.0
ORD00722,C0013,Dương Văn Nhiên,32,Nam,TP. Hồ Chí Minh,P18975,2,490000,2026-07-11,Thẻ ngân hàng,Dao cạo March3+ Gillette (Hộp 1 cán dao + 2 lưỡi dao),Gillette,Dao cạo râu & Bọt cạo râu,245000.0,4.78,Pharmacity_VN,VND,245000.0
ORD00723,C0001,Trần Thu Ngọc,35,Nữ,TP. Hồ Chí Minh,P24071,2,62000,2026-07-11,Tiền mặt,Nước Súc Miệng Fujiwa Ion Muối Hương Bạc Hà (Chai 680 ml),Fujiwa,Nước súc miệng,31000.0,4.61,Pharmacity_VN,VND,31000.0
ORD00724,C0085,Đặng Quốc Châu,22,Nam,TP. Hồ Chí Minh,P03306,2,164800,2026-07-11,COD,Bọt Cạo Râu GILLETTE FOAMY LEMON LIME Hương Chanh (175g),Gillette,Dao cạo râu & Bọt cạo râu,82400.0,4.62,Pharmacity_VN,VND,82400.0
ORD00725,C0196,Phạm Ngọc Yến,34,Nữ,TP. Hồ Chí Minh,P12633,3,64500,2026-07-11,COD,Kem Đánh Răng P/S Trẻ Em Từ 2-6 Tuổi Hương Dâu và Trái Cây (tuýp 45g),P/S,Kem đánh răng,21500.0,4.89,Pharmacity_VN,VND,21500.0
ORD00726,C0064,Lê Mỹ Vi,18,Nữ,Hà Nội,P19043,1,26000,2026-07-11,COD,Băng vệ sinh Kotex Mini Meow siêu mềm 24cm (Gói 8 miếng),Kotex,Băng vệ sinh,26000.0,4.56,Pharmacity_VN,VND,26000.0
ORD00727,C0339,Bùi Mỹ Yến,34,Nữ,Hà Nội,P10970,2,140000,2026-07-13,Thẻ ngân hàng,Lăn ngăn mùi than đen hoạt tính cho nam Nivea Men Deep Black Charcoal Dark Wood 72h (50ml),Nivea,Khử mùi cho nam,70000.0,4.87,Pharmacity_VN,VND,70000.0
ORD00728,C0167,Nguyễn Văn Trọng,38,Nam,TP. Hồ Chí Minh,P30409,1,145000,2026-07-14,COD,Sáp Khử Mùi Xmen For Boss Intense Xanh 80g,X Men,Khử mùi cho nam,145000.0,4.89,Pharmacity_VN,VND,145000.0
ORD00729,C0154,Nguyễn Mỹ Yến,32,Nữ,Hà Nội,P19173,1,61600,2026-07-15,COD,Bột Hỗ Trợ Tẩy Trắng Răng EUCRYL Toothpowder hũ 50g,Eucryl,Sản phẩm chăm sóc răng miệng khác,61600.0,4.67,Pharmacity_VN,VND,61600.0
ORD00730,C0151,Phạm Ngọc Thảo,33,Nữ,Cần Thơ,P30968,1,29500,2026-07-15,Ví điện tử,Kotex BVS Hằng Ngày Bông Thuần Khiết 19cm 10M,Kotex,Băng vệ sinh,29500.0,4.97,Pharmacity_VN,VND,29500.0
ORD00731,C0011,Phạm Minh Tùng,25,Nam,Hà Nội,P11331,5,144000,2026-07-15,Thẻ ngân hàng,Kem tẩy lông cho da nhạy cảm Cléo Hair Removal Cream Sensitive Skin (Tuýp 25g),Cleo,Hỗ trợ tẩy lông,28800.0,4.82,Pharmacity_VN,VND,28800.0
ORD00732,C0075,Nguyễn Thị Yến,18,Nữ,TP. Hồ Chí Minh,P15467,4,91800,2026-07-15,Ví điện tử,Dầu Gội MATRIX Gội Là Đen hộp 10 gói,MATRIX,Dầu gội đầu,22950.0,4.72,Pharmacity_VN,VND,22950.0
ORD00733,C0116,Phạm Thu Thảo,33,Nữ,TP. Hồ Chí Minh,P10405,1,45900,2026-07-15,Thẻ ngân hàng,Kem Đánh Răng CLOSE UP Thơm Mát Bất Tận Tinh Thể Băng Tuyết tuýp 230g,Close up,Kem đánh răng,45900.0,4.65,Pharmacity_VN,VND,45900.0
ORD00734,C0235,Vũ Hữu Quang,51,Nam,TP. Hồ Chí Minh,P18209,1,59000,2026-07-15,Thẻ ngân hàng,Băng vệ sinh ban đêm siêu thấm cánh Diana Supernight 29cm (12 miếng),Diana,Băng vệ sinh,59000.0,4.95,Pharmacity_VN,VND,59000.0
ORD00735,C0331,Bùi Ngọc Ánh,30,Nữ,Hải Phòng,P18994,2,430000,2026-07-15,Ví điện tử,Dầu Gội TSUBAKI Phục Hồi Ngăn Rụng Tóc (Chai 490ml),Tsubaki,Dầu gội đầu,215000.0,4.89,Pharmacity_VN,VND,215000.0
ORD00736,C0041,Lê Thu Vân,37,Nữ,Hà Nội,P17486,3,78000,2026-07-16,COD,Băng vệ sinh siêu thấm Diana Cool Fresh mỏng không cánh 23cm (Gói 8 miếng),Diana,Băng vệ sinh,26000.0,4.51,Pharmacity_VN,VND,26000.0
ORD00737,C0154,Nguyễn Mỹ Yến,32,Nữ,Hà Nội,P03864,4,368000,2026-07-17,COD,Lăn Ngăn Mùi Cho Nam NIVEA MEN Cool Kick (Chai 50ml),Nivea,Khử mùi cho nam,92000.0,4.96,Pharmacity_VN,VND,92000.0
ORD00738,C0048,Bùi Quốc Anh,41,Nam,Hà Nội,P11373,2,98600,2026-07-17,COD,Băng vệ sinh Diana Sensi kháng khuẩn siêu mỏng cánh (20 miếng/gói),Diana,Băng vệ sinh,49300.0,4.65,Pharmacity_VN,VND,49300.0
ORD00739,C0123,Trần Thị Hương,44,Nữ,TP. Hồ Chí Minh,P10502,4,232000,2026-07-17,Ví điện tử,Bàn Chải Đánh Răng COLGATE 360 Charcoal Spiral Lông Chải Siêu Mềm Xoắn Kép Phủ Than,Colgate,Bàn chải đánh răng,58000.0,4.96,Pharmacity_VN,VND,58000.0
ORD00740,C0262,Bùi Thu Linh,29,Nữ,Đà Nẵng,P07595,1,125800,2026-07-17,COD,Sữa tắm nước hoa cao cấp X-men For Boss Intense Perfumed Shower Gel (Chai 380g),X Men,Sản phẩm tắm & dưỡng thể cho nam,125800.0,4.74,Pharmacity_VN,VND,125800.0
ORD00741,C0139,Mai Thu Ánh,38,Nữ,Hải Phòng,P30706,1,62500,2026-07-18,Tiền mặt,LoveBody Sữa tắm Bơ Shea Sữa Dừa (Chai 550ml),LoveBody,Sữa tắm,62500.0,4.58,Pharmacity_VN,VND,62500.0
ORD00742,C0166,Hoàng Văn Trọng,34,Nam,TP. Hồ Chí Minh,P29593,1,20000,2026-07-18,Tiền mặt,"Pharmacity Nước muối sinh lý Natri Clorid 0,9% (Chai 1000ml)",Pharmacity,Nước súc miệng,20000.0,4.78,Pharmacity_VN,VND,20000.0
ORD00743,C0045,Phạm Minh Dũng,18,Nam,Hà Nội,P23603,1,136000,2026-07-19,COD,Dung dịch vệ sinh nam Serenys (100ml),Serenys,Sản phẩm tắm & dưỡng thể cho nam,136000.0,4.67,Pharmacity_VN,VND,136000.0
ORD00744,C0318,Phạm Ngọc Hồng,27,Nữ,Hải Phòng,P28113,3,87000,2026-07-19,Thẻ ngân hàng,Dầu xả thảo dược gừng sả Cỏ Cây Hoa Lá dưỡng tóc mềm mại tự nhiên (Túi 30g),Cocayhoala,Dầu xả,29000.0,4.84,Pharmacity_VN,VND,29000.0
ORD00745,C0341,Lê Thị Duyên,22,Nữ,TP. Hồ Chí Minh,P17299,1,46000,2026-07-19,Ví điện tử,Kem đánh răng Colgate ngừa sâu răng hương bạc hà 225g,Colgate,Kem đánh răng,46000.0,4.72,Pharmacity_VN,VND,46000.0
ORD00746,C0232,Nguyễn Minh Châu,32,Nam,Hải Phòng,P37331,2,151300,2026-07-20,Thẻ ngân hàng,Kem tẩy lông da nhạy cảm Cleo (50g),Cleo,Hỗ trợ tẩy lông,75650.0,4.77,Pharmacity_VN,VND,75650.0
ORD00747,C0149,Bùi Hữu Tùng,35,Nam,Hải Phòng,P18076,1,49000,2026-07-20,COD,Bộ Đôi Bàn Chải Đánh Răng SENSODYNE Sensitive Extra Soft Ê Chăm Sóc Răng  Buốt và Êm Dịu Nướu,Sensodyne (GSK OTC),Bàn chải đánh răng,49000.0,4.52,Pharmacity_VN,VND,49000.0
ORD00748,C0130,Trần Mỹ Mai,25,Nữ,Hải Phòng,P26023,1,110000,2026-07-20,Tiền mặt,Kem cấp ẩm và giảm nứt nẻ dạng sáp Pure Paw Paw - Đu Đủ Truyền Thống (Tuýp 25g),Pure Paw Paw,Dưỡng thể & massage,110000.0,4.69,Pharmacity_VN,VND,110000.0
ORD00749,C0295,Lê Thị Vi,34,Nữ,Hà Nội,P10403,1,45900,2026-07-20,Ví điện tử,Kem Đánh Răng CLOSE UP Bạc Hà The Mát (tuýp 230g),Close up,Kem đánh răng,45900.0,4.74,Pharmacity_VN,VND,45900.0
ORD00750,C0275,Dương Hữu Bảo,20,Nam,Hà Nội,P03715,3,234000,2026-07-21,Thẻ ngân hàng,Sữa Tắm Gội 2in1 ROMANO CLASSIC (150ml),Romano,Sản phẩm tắm & dưỡng thể cho nam,78000.0,4.62,Pharmacity_VN,VND,78000.0
ORD00751,C0224,Lê Thu Vi,18,Nữ,TP. Hồ Chí Minh,P25085,1,55000,2026-07-21,COD,Băng vệ sinh ban ngày siêu mỏng có cánh Kotex Gardenia Deo+ 23cm (20 miếng),Kotex,Băng vệ sinh,55000.0,4.94,Pharmacity_VN,VND,55000.0
ORD00752,C0225,Lê Quốc Huy,25,Nam,TP. Hồ Chí Minh,P03927,4,112000,2026-07-21,COD,Tăm chỉ nha khoa Okamura (50 cây/gói),Okamura,Tăm chỉ nha khoa,28000.0,4.51,Pharmacity_VN,VND,28000.0
ORD00753,C0333,Mai Ngọc Vi,31,Nữ,Đà Nẵng,P23056,4,1100000,2026-07-22,COD,Nước súc miệng ngừa viêm nướu Kin B5 (Chai 500ml),Kin B5,Nước súc miệng,275000.0,4.51,Pharmacity_VN,VND,275000.0
ORD00754,C0320,Trần Mỹ Hồng,29,Nữ,TP. Hồ Chí Minh,P24705,1,182400,2026-07-22,Tiền mặt,Dầu Gội SELSUN Anti Dandruff Giảm Gàu và Giảm Ngứa Da Đầu (chai 250ml),Selsun,Dầu gội đầu,182400.0,4.55,Pharmacity_VN,VND,182400.0
ORD00755,C0241,Mai Văn Thành,22,Nam,TP. Hồ Chí Minh,P26099,1,112000,2026-07-22,Ví điện tử,Sáp ngăn mùi cho nam Nivea Cool Kick (Chai 50ml),Nivea,Khử mùi cho nam,112000.0,4.52,Pharmacity_VN,VND,112000.0
ORD00756,C0071,Mai Quốc Anh,34,Nam,TP. Hồ Chí Minh,P30258,2,178000,2026-07-22,Thẻ ngân hàng,Xịt rửa tay PURE FRESH hương Cherry Blossom (30ml),Pure Fresh,Nước rửa tay,89000.0,4.95,Pharmacity_VN,VND,89000.0
ORD00757,C0278,Trần Thu Thảo,24,Nữ,TP. Hồ Chí Minh,P37331,2,151300,2026-07-22,Thẻ ngân hàng,Kem tẩy lông da nhạy cảm Cleo (50g),Cleo,Hỗ trợ tẩy lông,75650.0,4.77,Pharmacity_VN,VND,75650.0
ORD00758,C0024,Dương Minh Tùng,18,Nam,Hà Nội,P10953,4,188000,2026-07-24,Ví điện tử,Bàn Chải Đánh Răng SENSODYNE Repair & Protect,Sensodyne (GSK OTC),Bàn chải đánh răng,47000.0,4.97,Pharmacity_VN,VND,47000.0
ORD00759,C0052,Bùi Văn Bảo,26,Nam,TP. Hồ Chí Minh,P20101,2,72000,2026-07-25,Thẻ ngân hàng,Pharmacity Natural Care Sữa Tắm Chiết Xuất Tràm Trà Và Hương Thảo (Chai 550ml),Pharmacity,Sữa tắm,36000.0,4.73,Pharmacity_VN,VND,36000.0
ORD00760,C0017,Vũ Văn Hoàng,20,Nam,Hà Nội,P28070,1,125000,2026-07-25,Thẻ ngân hàng,"Dầu gội Pharmacity Argan Oil phục hồi, giảm khô tóc (Chai 490ml)",Pharmacity,Dầu gội đầu,125000.0,4.75,Pharmacity_VN,VND,125000.0
ORD00761,C0329,Nguyễn Thu Linh,36,Nữ,TP. Hồ Chí Minh,P25967,3,382800,2026-07-26,Thẻ ngân hàng,Dầu gội Dược liệu Nguyên Vương Lịch Lãm 260g,Nguyen Vuong,Chăm sóc tóc cho nam,127600.0,4.5,Pharmacity_VN,VND,127600.0
ORD00762,C0025,Trần Thu Xuân,25,Nữ,Cần Thơ,P25085,2,110000,2026-07-27,COD,Băng vệ sinh ban ngày siêu mỏng có cánh Kotex Gardenia Deo+ 23cm (20 miếng),Kotex,Băng vệ sinh,55000.0,4.94,Pharmacity_VN,VND,55000.0
ORD00763,C0169,Hoàng Hữu Nhiên,28,Nam,TP. Hồ Chí Minh,P03491,3,120000,2026-07-27,Thẻ ngân hàng,Bàn Chải Đánh Răng COLGATE Batman Cho Bé Trai,Colgate,Bàn chải đánh răng,40000.0,4.59,Pharmacity_VN,VND,40000.0
ORD00764,C0269,Bùi Thị Vân,26,Nữ,Hà Nội,P17298,2,81200,2026-07-28,Tiền mặt,Colgate KDR MaxFresh Peppermint Ice 225g + BCDR,Colgate,Kem đánh răng,40600.0,4.54,Pharmacity_VN,VND,40600.0
ORD00765,C0195,Vũ Văn Trọng,32,Nam,Hà Nội,P23564,1,215000,2026-07-28,COD,Dầu Xả TSUBAKI Dưỡng Tóc Bóng Mượt (chai 490ml),Tsubaki,Dầu xả,215000.0,4.58,Pharmacity_VN,VND,215000.0
ORD00766,C0028,Hoàng Minh Quang,34,Nam,Đà Nẵng,P00244,3,180000,2026-07-29,Tiền mặt,Dầu Gội Dược Liệu THÁI DƯƠNG 3 Hương Lá Sạch Gàu Mềm Mượt (200ml),Thai Duong,Dầu gội đầu,60000.0,4.76,Pharmacity_VN,VND,60000.0
ORD00767,C0249,Bùi Mỹ Duyên,48,Nữ,TP. Hồ Chí Minh,P18203,2,92000,2026-07-29,Thẻ ngân hàng,Băng vệ sinh hàng ngày siêu mỏng dịu mát từ thảo dược Kotex (Gói 40 miếng),Kotex,Băng vệ sinh,46000.0,4.83,Pharmacity_VN,VND,46000.0
ORD00768,C0015,Lê Ngọc Yến,18,Nữ,TP. Hồ Chí Minh,P07541,3,588000,2026-07-29,Thẻ ngân hàng,Sữa tắm dưỡng ẩm Johnson's pH 5.5  2 trong 1 (750 ml),Johnson,Sữa tắm,196000.0,4.68,Pharmacity_VN,VND,196000.0
ORD00769,C0328,Bùi Ngọc Chi,38,Nữ,Hà Nội,OL00014,1,118800,2026-07-29,Ví điện tử,Combo trắng răng Eucryl Bạc Hà,Eucryl,Kem đánh răng,118800.0,4.86,Pharmacity_VN,VND,118800.0
ORD00770,C0181,Mai Ngọc Thảo,36,Nữ,TP. Hồ Chí Minh,P28074,1,40000,2026-07-30,Tiền mặt,Sữa tắm chứa hạt Peach & Peony Pharmacity (Chai 400g),Pharmacity,Sữa tắm,40000.0,4.86,Pharmacity_VN,VND,40000.0
ORD00771,C0124,Bùi Mỹ Linh,18,Nữ,Hải Phòng,P29619,1,195300,2026-07-30,Thẻ ngân hàng,Kem Đánh Răng Marvis Whitening Mint Vị Bạc Hà hỗ trợ sạch mảng bám & trắng răng tự nhiên (85ml),Marvis,Kem đánh răng,195300.0,4.89,Pharmacity_VN,VND,195300.0
ORD00772,C0262,Bùi Thu Linh,29,Nữ,Đà Nẵng,P17527,1,90950,2026-07-30,COD,Kem Đánh Răng SENSODYNE Gentle Whitening Trắng Sáng (tuýp 160g),Sensodyne (GSK OTC),Kem đánh răng,90950.0,4.79,Pharmacity_VN,VND,90950.0
ORD00773,C0105,Trần Minh Quang,28,Nam,Hà Nội,P18198,2,44800,2026-07-30,Ví điện tử,Băng vệ sinh ban đêm siêu thấm hút có cánh Laurier 35cm (Gói 4 miếng),Laurier,Băng vệ sinh,22400.0,4.66,Pharmacity_VN,VND,22400.0
ORD00774,C0010,Nguyễn Minh Tùng,35,Nam,Hải Phòng,P17535,1,212000,2026-07-31,Tiền mặt,Dầu Gội CLEAR Bạc Hà Mát Lạnh Sạch Gàu (chai 880g),Clear,Dầu gội đầu,212000.0,4.97,Pharmacity_VN,VND,212000.0
ORD00775,C0184,Trần Minh Quang,35,Nam,Hà Nội,P23795,2,765840,2026-08-01,COD,Cốc Nguyệt San Inacup 100% Silicon Y Tế (Size B),Inacup,Băng vệ sinh,382920.0,4.67,Pharmacity_VN,VND,382920.0
ORD00776,C0112,Nguyễn Hữu Quang,30,Nam,TP. Hồ Chí Minh,P28161,1,199000,2026-08-01,COD,Dầu gội dược liệu Thuần Mộc (Chai 300ml),Thuan Moc,Dầu gội đầu,199000.0,4.83,Pharmacity_VN,VND,199000.0
ORD00777,C0019,Đặng Thị Hương,21,Nữ,Cần Thơ,P08880,2,50000,2026-08-01,Thẻ ngân hàng,Băng vệ sinh siêu mát lạnh hàng ngày Diana Sensi Cool Fresh (20 miếng/gói),Diana,Băng vệ sinh,25000.0,4.75,Pharmacity_VN,VND,25000.0
ORD00778,C0096,Lê Quốc Anh,18,Nam,TP. Hồ Chí Minh,P28071,1,84000,2026-08-01,Tiền mặt,"Pharmacity Dầu xả Argan Oil mềm mượt, giảm hư tổn (Chai 200ml)",Pharmacity,Dầu xả,84000.0,4.6,Pharmacity_VN,VND,84000.0
ORD00779,C0234,Dương Mỹ Linh,23,Nữ,Hà Nội,P03864,1,92000,2026-08-01,Thẻ ngân hàng,Lăn Ngăn Mùi Cho Nam NIVEA MEN Cool Kick (Chai 50ml),Nivea,Khử mùi cho nam,92000.0,4.96,Pharmacity_VN,VND,92000.0
ORD00780,C0101,Phạm Minh Khoa,18,Nam,TP. Hồ Chí Minh,P21168,1,245000,2026-08-01,Tiền mặt,Dầu Gội OGX Thick & Full Bổ Sung Biotin Collagen Cho Tóc (chai 385ml),OGX,Dầu gội đầu,245000.0,4.75,Pharmacity_VN,VND,245000.0
ORD00781,C0153,Hoàng Minh Tùng,23,Nam,Hà Nội,P10500,1,79000,2026-08-01,Thẻ ngân hàng,Kem Đánh Răng COLGATE Ngừa Ê Buốt Và Bảo Vệ Toàn Diện (Tuýp 110g),Colgate,Kem đánh răng,79000.0,4.67,Pharmacity_VN,VND,79000.0
ORD00782,C0189,Mai Văn Nam,22,Nam,TP. Hồ Chí Minh,P12843,1,44000,2026-08-01,Thẻ ngân hàng,Băng vệ sinh ban đêm dạng quần Diana Super Night Size S-M (2 chiếc/gói),Diana,Băng vệ sinh,44000.0,4.85,Pharmacity_VN,VND,44000.0
ORD00783,C0251,Bùi Văn Nhiên,18,Nam,TP. Hồ Chí Minh,P26023,1,110000,2026-08-01,Thẻ ngân hàng,Kem cấp ẩm và giảm nứt nẻ dạng sáp Pure Paw Paw - Đu Đủ Truyền Thống (Tuýp 25g),Pure Paw Paw,Dưỡng thể & massage,110000.0,4.69,Pharmacity_VN,VND,110000.0
ORD00784,C0084,Nguyễn Ngọc Duyên,25,Nữ,Hải Phòng,P03251,1,26000,2026-08-02,COD,Băng Vệ Sinh DIANA Siêu Thấm Siêu Mỏng Cánh (8 Miếng),Diana,Băng vệ sinh,26000.0,4.85,Pharmacity_VN,VND,26000.0
ORD00785,C0076,Vũ Quốc Minh,38,Nam,TP. Hồ Chí Minh,P04801,2,20000,2026-08-02,COD,Băng Vệ Sinh Kháng Khuẩn Hàng Ngày DIANA SENSI (8 Miếng),Diana,Băng vệ sinh,10000.0,4.99,Pharmacity_VN,VND,10000.0
ORD00786,C0080,Hoàng Văn Trung,18,Nam,TP. Hồ Chí Minh,P12638,3,81000,2026-08-02,COD,Băng vệ sinh ban đêm siêu thoáng Diana Sensi Cool Fresh 35cm (3 miếng/gói),Diana,Băng vệ sinh,27000.0,4.57,Pharmacity_VN,VND,27000.0
ORD00787,C0302,Hoàng Thị Linh,24,Nữ,TP. Hồ Chí Minh,P23086,1,95000,2026-08-02,Thẻ ngân hàng,Kem Đánh Răng SENSODYNE Cool Gel Mát Lạnh (tuýp 160g),Sensodyne (GSK OTC),Kem đánh răng,95000.0,4.87,Pharmacity_VN,VND,95000.0
ORD00788,C0270,Nguyễn Hữu Khoa,31,Nam,Hải Phòng,P12629,5,325000,2026-08-02,Ví điện tử,Bàn Chải Đánh Răng COLGATE SlimSoft Flex Clean Charcoal,Colgate,Bàn chải đánh răng,65000.0,4.83,Pharmacity_VN,VND,65000.0
ORD00789,C0103,Đặng Thu Chi,27,Nữ,Đà Nẵng,P10076,1,92250,2026-08-03,Thẻ ngân hàng,Xịt Thơm Miệng DENTIPLUS Hiệu Quả Gấp Đôi chai (25ml),Dentiplus,Sản phẩm chăm sóc răng miệng khác,92250.0,4.83,Pharmacity_VN,VND,92250.0
ORD00790,C0200,Nguyễn Thị Hương,19,Nữ,TP. Hồ Chí Minh,P12977,1,147200,2026-08-03,Tiền mặt,Sáp khử mùi Old Spice Fiji With Palm Tree Anti-Perspirant & Deodorant (Chai 73g),Old Spice,Khử mùi cho nam,147200.0,4.63,Pharmacity_VN,VND,147200.0
ORD00791,C0308,Phạm Mỹ Ánh,24,Nữ,TP. Hồ Chí Minh,P03307,1,29600,2026-08-03,Ví điện tử,Dao Cạo Râu GILLETTE VECTOR PLUS RAZOR 1UP (1 Cái/Vỉ),Gillette,Dao cạo râu & Bọt cạo râu,29600.0,4.92,Pharmacity_VN,VND,29600.0
ORD00792,C0181,Mai Ngọc Thảo,36,Nữ,TP. Hồ Chí Minh,P29690,2,298000,2026-08-04,COD,Kem Nhuộm Tóc Garnier Màu 5.32 Nâu Caramel (50g+50ml+5g/Hộp),Garnier,Nhuộm tóc,149000.0,4.58,Pharmacity_VN,VND,149000.0
ORD00793,C0057,Hoàng Minh Huy,22,Nam,TP. Hồ Chí Minh,OL00414,1,100000,2026-08-04,COD,"Combo 5 Chai  Nước muối sinh lý Pharmacity Natri Clorid 0,9% (1000ml)",nan,Nước súc miệng,100000.0,4.57,Pharmacity_VN,VND,100000.0
ORD00794,C0034,Trần Ngọc Hồng,19,Nữ,Hà Nội,P03253,1,20400,2026-08-04,COD,Băng Vệ Sinh Ban Đêm DIANA SUPER NIGHT 35Cm (3 Miếng),Diana,Băng vệ sinh,20400.0,4.87,Pharmacity_VN,VND,20400.0
ORD00795,C0266,Bùi Thu Dương,18,Nữ,TP. Hồ Chí Minh,P28070,3,375000,2026-08-04,Tiền mặt,"Dầu gội Pharmacity Argan Oil phục hồi, giảm khô tóc (Chai 490ml)",Pharmacity,Dầu gội đầu,125000.0,4.75,Pharmacity_VN,VND,125000.0
ORD00796,C0259,Đặng Quốc Tú,34,Nam,TP. Hồ Chí Minh,P09561,1,45000,2026-08-05,Thẻ ngân hàng,Băng vệ sinh ban ngày siêu mỏng cánh Laurier Super Slimguard 22.5cm (10 miếng/gói),Laurier,Băng vệ sinh,45000.0,4.97,Pharmacity_VN,VND,45000.0
ORD00797,C0335,Dương Ngọc Mai,40,Nữ,Cần Thơ,P03296,2,42000,2026-08-05,Ví điện tử,Dao Cạo Râu Cán Vàng GILLETTE SUPER THIN (2 Cây/Gói),Gillette,Dao cạo râu & Bọt cạo râu,21000.0,4.69,Pharmacity_VN,VND,21000.0
ORD00798,C0336,Vũ Thị Hồng,29,Nữ,TP. Hồ Chí Minh,P25085,1,55000,2026-08-06,COD,Băng vệ sinh ban ngày siêu mỏng có cánh Kotex Gardenia Deo+ 23cm (20 miếng),Kotex,Băng vệ sinh,55000.0,4.94,Pharmacity_VN,VND,55000.0
ORD00799,C0066,Trần Mỹ Hồng,44,Nữ,TP. Hồ Chí Minh,P18200,3,255000,2026-08-06,Tiền mặt,Băng vệ sinh bạc hà mát lạnh có cánh Laurier Super Slimguard Cool 22.5cm (16 miếng),Laurier,Băng vệ sinh,85000.0,4.95,Pharmacity_VN,VND,85000.0
ORD00800,C0128,Bùi Thu Yến,24,Nữ,Hải Phòng,P00989,1,51200,2026-08-06,Thẻ ngân hàng,Chỉ Nha Khoa ORAL-B Hỗ Trợ Làm Sạch Mảng Bám Trong Kẽ Răng (cuộn 50m),Oral-B,Tăm chỉ nha khoa,51200.0,4.56,Pharmacity_VN,VND,51200.0
ORD00801,C0066,Trần Mỹ Hồng,44,Nữ,TP. Hồ Chí Minh,P26443,3,270000,2026-08-06,Thẻ ngân hàng,Bộ Đôi Bàn Chải Đánh Răng COLGATE Cushion Clean Charcoal,Colgate,Bàn chải đánh răng,90000.0,4.55,Pharmacity_VN,VND,90000.0
ORD00802,C0161,Trần Minh Trọng,20,Nam,Đà Nẵng,P20102,3,108000,2026-08-07,Ví điện tử,Pharmacity Natural Care Sữa Tắm Chiết Xuất Mâm Xôi Và Cam Thảo (Chai 550ml),Pharmacity,Sữa tắm,36000.0,4.93,Pharmacity_VN,VND,36000.0
ORD00803,C0143,Dương Hữu Trung,18,Nam,Hà Nội,P12637,1,48000,2026-08-07,Ví điện tử,Băng vệ sinh mát lạnh hàng ngày Diana Sensi Cool Fresh (40 miếng/gói),Diana,Băng vệ sinh,48000.0,4.66,Pharmacity_VN,VND,48000.0
ORD00804,C0107,Đặng Hữu Nam,49,Nam,Cần Thơ,P29282,1,42000,2026-08-07,Tiền mặt,Băng quần ban đêm Kotex Herbal size M-L (2 miếng/gói),Kotex,Băng vệ sinh,42000.0,4.61,Pharmacity_VN,VND,42000.0
ORD00805,C0079,Vũ Quốc Minh,31,Nam,Cần Thơ,P18621,1,67500,2026-08-08,Thẻ ngân hàng,FELIZ BODY WASH VANILLA SCENT (1L),Feliz,Sữa tắm,67500.0,4.81,Pharmacity_VN,VND,67500.0
ORD00806,C0114,Nguyễn Quốc Dũng,55,Nam,Cần Thơ,P24071,2,62000,2026-08-08,COD,Nước Súc Miệng Fujiwa Ion Muối Hương Bạc Hà (Chai 680 ml),Fujiwa,Nước súc miệng,31000.0,4.61,Pharmacity_VN,VND,31000.0
ORD00807,C0163,Phạm Minh Thành,42,Nam,TP. Hồ Chí Minh,P29767,1,89000,2026-08-08,Thẻ ngân hàng,Dung dịch rửa tay khô sát khuẩn TH.A 500ml,TH-A,Nước rửa tay,89000.0,4.63,Pharmacity_VN,VND,89000.0
ORD00808,C0338,Bùi Mỹ Linh,27,Nữ,Đà Nẵng,P11517,2,410000,2026-08-08,Tiền mặt,Dầu Gội và Tắm ABENA Không Dùng Nước Hương Thơm Nhẹ (chai 200ml),Abena,Dầu gội đầu,205000.0,4.9,Pharmacity_VN,VND,205000.0
ORD00809,C0029,Hoàng Mỹ Mai,24,Nữ,Cần Thơ,P18126,3,306000,2026-08-08,COD,Dung Dịch Vệ Sinh Phụ Nữ Lactacyd Odor Fresh (250ml),Sanofi CHC (Lactacyd brand),Dung dịch vệ sinh phụ nữ,102000.0,4.62,Pharmacity_VN,VND,102000.0
ORD00810,C0248,Đặng Quốc Dũng,23,Nam,Hà Nội,P21157,2,298000,2026-08-08,Thẻ ngân hàng,Xà Phòng Tắm PELICAN Giúp Giảm Mụn Lưng (135g),Pelican,Xà bông cục,149000.0,4.51,Pharmacity_VN,VND,149000.0
ORD00811,C0070,Nguyễn Quốc Tú,24,Nam,Hà Nội,P28070,4,500000,2026-08-09,Ví điện tử,"Dầu gội Pharmacity Argan Oil phục hồi, giảm khô tóc (Chai 490ml)",Pharmacity,Dầu gội đầu,125000.0,4.75,Pharmacity_VN,VND,125000.0
ORD00812,C0026,Bùi Văn Vũ,31,Nam,Hà Nội,P17557,1,51500,2026-08-09,Ví điện tử,Bàn Chải Đánh Răng CLOSE UP Precision Clean (hộp 1 cái),Close up,Bàn chải đánh răng,51500.0,4.64,Pharmacity_VN,VND,51500.0
ORD00813,C0135,Dương Quốc Quang,21,Nam,Hải Phòng,P03635,5,410000,2026-08-09,Tiền mặt,Nước Súc Miệng LISTERINE Green Tea Cho Răng Chắc Khỏe (Chai 250ml),Listerine,Nước súc miệng,82000.0,4.82,Pharmacity_VN,VND,82000.0
ORD00814,C0164,Trần Thị Xuân,22,Nữ,TP. Hồ Chí Minh,P20089,2,60000,2026-08-09,Ví điện tử,"Bàn Chải Kẻ Răng OKAMURA Asahi Hình L Loại Bỏ Thức Ăn Thừa, Mảng Bám (Túi 6 cái)",Okamura,Tăm chỉ nha khoa,30000.0,4.57,Pharmacity_VN,VND,30000.0
ORD00815,C0321,Bùi Mỹ Linh,31,Nữ,Cần Thơ,P25492,1,149000,2026-08-10,COD,Sáp Vuốt Tóc Tạo Kiểu Giữ Nếp Tự Nhiên Wax UNO Hybrid Hard 80g,Uno,Chăm sóc tóc cho nam,149000.0,4.84,Pharmacity_VN,VND,149000.0
ORD00816,C0207,Bùi Quốc Tùng,35,Nam,TP. Hồ Chí Minh,P29227,1,119000,2026-08-10,Tiền mặt,Dung Dịch Vệ Sinh Phụ Nữ Lactacyd Cool Sensation (250ml),Sanofi CHC (Lactacyd brand),Dung dịch vệ sinh phụ nữ,119000.0,4.96,Pharmacity_VN,VND,119000.0
ORD00817,C0332,Bùi Hữu Tùng,21,Nam,Hà Nội,P08733,1,108000,2026-08-11,COD,Kem Đánh Răng SENSODYNE Repair & Protect Giúp Phục Hồi Răng Nhạy Cảm (tuýp 100g),Sensodyne (GSK OTC),Kem đánh răng,108000.0,4.78,Pharmacity_VN,VND,108000.0
ORD00818,C0082,Lê Văn Tùng,34,Nam,Hà Nội,P12662,2,137000,2026-08-11,Tiền mặt,Dụng Cụ Vệ Sinh Lưỡi BEAUTY FORMULAS Giúp Làm Sạch Mảng Bám Trên Lưỡi,Beauty Fomulas,Sản phẩm chăm sóc răng miệng khác,68500.0,4.86,Pharmacity_VN,VND,68500.0
ORD00819,C0297,Nguyễn Quốc Tùng,39,Nam,TP. Hồ Chí Minh,P11374,2,95200,2026-08-11,Thẻ ngân hàng,Băng vệ sinh Diana siêu thấm siêu mỏng cánh (Gói 20 miếng),Diana,Băng vệ sinh,47600.0,4.55,Pharmacity_VN,VND,47600.0
ORD00820,C0036,Đặng Mỹ Lan,18,Nữ,Hải Phòng,P21172,1,25000,2026-08-11,Ví điện tử,Serum Dưỡng Tóc ELLIPS Dành Cho Tóc Nhuộm Nutri Color (vỉ 6 viên),Ellips,Dưỡng tóc,25000.0,4.63,Pharmacity_VN,VND,25000.0
ORD00821,C0056,Vũ Ngọc Yến,39,Nữ,Cần Thơ,P29185,1,63000,2026-08-12,Thẻ ngân hàng,Colgate Kem Đánh Răng Total Sensitivity + Gum Health 150g,Colgate,Kem đánh răng,63000.0,4.54,Pharmacity_VN,VND,63000.0
ORD00822,C0270,Nguyễn Hữu Khoa,31,Nam,Hải Phòng,P18032,2,50000,2026-08-12,Tiền mặt,Băng vệ sinh Kotex Max Cool siêu mỏng cánh (gói 8 miếng),Kotex,Băng vệ sinh,25000.0,4.8,Pharmacity_VN,VND,25000.0
ORD00823,C0051,Phạm Hữu Châu,33,Nam,TP. Hồ Chí Minh,P17555,3,573000,2026-08-12,COD,Nước Súc Miệng LISTERINE Tartar Protection Giảm Mảng Bám (Chai 750ml),Listerine,Nước súc miệng,191000.0,4.93,Pharmacity_VN,VND,191000.0
ORD00824,C0205,Lê Thu Yến,18,Nữ,Cần Thơ,P26023,1,110000,2026-08-13,Ví điện tử,Kem cấp ẩm và giảm nứt nẻ dạng sáp Pure Paw Paw - Đu Đủ Truyền Thống (Tuýp 25g),Pure Paw Paw,Dưỡng thể & massage,110000.0,4.69,Pharmacity_VN,VND,110000.0
ORD00825,C0263,Bùi Minh Khoa,18,Nam,TP. Hồ Chí Minh,P12846,1,159000,2026-08-13,COD,Tã dán siêu thấm cho người lớn Caryn size XL (Gói 10 miếng),Caryn,Tã dán,159000.0,4.98,Pharmacity_VN,VND,159000.0
ORD00826,C0046,Nguyễn Quốc Quang,23,Nam,Hà Nội,P23603,1,136000,2026-08-14,Thẻ ngân hàng,Dung dịch vệ sinh nam Serenys (100ml),Serenys,Sản phẩm tắm & dưỡng thể cho nam,136000.0,4.67,Pharmacity_VN,VND,136000.0
ORD00827,C0025,Trần Thu Xuân,25,Nữ,Cần Thơ,P17959,2,540200,2026-08-14,COD,Lăn Khử Mùi ETIAXIL Dành Cho Da Siêu Nhạy Cảm (chai 15ml),Etiaxil,Lăn khử mùi,270100.0,4.94,Pharmacity_VN,VND,270100.0
ORD00828,C0012,Bùi Mỹ Mai,25,Nữ,Hà Nội,P13777,1,18000,2026-08-14,Thẻ ngân hàng,Bàn chải đánh răng trẻ em Pharmacity,Pharmacity,Bàn chải đánh răng,18000.0,4.86,Pharmacity_VN,VND,18000.0
ORD00829,C0053,Lê Minh Anh,23,Nam,TP. Hồ Chí Minh,P03224,1,116000,2026-08-14,Ví điện tử,Sáp Khử Mùi Cho Nam OLD SPICE PURE SPORT (85g),Old Spice,Khử mùi cho nam,116000.0,4.75,Pharmacity_VN,VND,116000.0
ORD00830,C0092,Trần Mỹ Vi,40,Nữ,TP. Hồ Chí Minh,P03912,1,68000,2026-08-15,Thẻ ngân hàng,Sáp Tạo Kiểu Tóc Cho Nam GATSBY Styling Wax Mat & Hard (Hộp 75g),Gatsby,Chăm sóc tóc cho nam,68000.0,4.52,Pharmacity_VN,VND,68000.0
ORD00831,C0015,Lê Ngọc Yến,18,Nữ,TP. Hồ Chí Minh,P18209,3,177000,2026-08-15,Ví điện tử,Băng vệ sinh ban đêm siêu thấm cánh Diana Supernight 29cm (12 miếng),Diana,Băng vệ sinh,59000.0,4.95,Pharmacity_VN,VND,59000.0
ORD00832,C0014,Vũ Quốc Nam,18,Nam,Hà Nội,P17618,2,187680,2026-08-15,COD,Dầu Gội Dược Liệu NGUYÊN XUÂN Xanh Dành Cho Tóc Khô Xơ và Hư Tổn (chai 250ml/260g),Nguyen Xuan,Dầu gội đầu,93840.0,4.89,Pharmacity_VN,VND,93840.0
ORD00833,C0208,Nguyễn Quốc Tú,35,Nam,Cần Thơ,P17499,1,57800,2026-08-15,Tiền mặt,Xịt Khử Mùi REFRE Whietening Perfume Deluxe Hương Nước Hoa Sang Trọng (30ml),Refre,Xịt khử mùi,57800.0,4.61,Pharmacity_VN,VND,57800.0
ORD00834,C0225,Lê Quốc Huy,25,Nam,TP. Hồ Chí Minh,P11331,3,86400,2026-08-15,COD,Kem tẩy lông cho da nhạy cảm Cléo Hair Removal Cream Sensitive Skin (Tuýp 25g),Cleo,Hỗ trợ tẩy lông,28800.0,4.82,Pharmacity_VN,VND,28800.0
ORD00835,C0029,Hoàng Mỹ Mai,24,Nữ,Cần Thơ,P15244,1,104000,2026-08-15,Ví điện tử,"Dầu Gội THORAKAO Bồ Kết Giúp Bóng Mượt, Đen Tóc và Sạch Gàu (Chai 400ml)",Thorakao,Dầu gội đầu,104000.0,4.78,Pharmacity_VN,VND,104000.0
ORD00836,C0129,Đặng Mỹ Vi,31,Nữ,TP. Hồ Chí Minh,P27326,1,243000,2026-08-16,COD,Tresemme DX Vao Nep Muot Ma 620g,Tresemme,Dầu xả,243000.0,4.98,Pharmacity_VN,VND,243000.0
ORD00837,C0335,Dương Ngọc Mai,40,Nữ,Cần Thơ,P30407,1,111300,2026-08-16,Tiền mặt,Gel Xmen Vệ Sinh Khử Mùi Vùng Kín 100ml,X Men,Sản phẩm tắm & dưỡng thể cho nam,111300.0,4.89,Pharmacity_VN,VND,111300.0
ORD00838,C0131,Phạm Hữu Trung,18,Nam,TP. Hồ Chí Minh,P03306,1,82400,2026-08-16,COD,Bọt Cạo Râu GILLETTE FOAMY LEMON LIME Hương Chanh (175g),Gillette,Dao cạo râu & Bọt cạo râu,82400.0,4.62,Pharmacity_VN,VND,82400.0
ORD00839,C0285,Phạm Thu Chi,51,Nữ,TP. Hồ Chí Minh,P07598,3,373500,2026-08-16,Tiền mặt,Xịt khử mùi toàn thân X-men For Boss Intense Perfumed Deo Spray (Chai 150ml),X Men,Khử mùi cho nam,124500.0,4.97,Pharmacity_VN,VND,124500.0
ORD00840,C0196,Phạm Ngọc Yến,34,Nữ,TP. Hồ Chí Minh,P18977,2,500000,2026-08-17,Ví điện tử,Lưỡi dao cạo March3+ Gillette (Hộp 3 cái),Gillette,Dao cạo râu & Bọt cạo râu,250000.0,4.55,Pharmacity_VN,VND,250000.0
ORD00841,C0245,Hoàng Quốc Anh,18,Nam,TP. Hồ Chí Minh,P17958,1,270100,2026-08-17,Ví điện tử,Lăn Khử Mùi ETIAXIL Dành Cho Da Nhạy Cảm (chai 15ml),Etiaxil,Lăn khử mùi,270100.0,4.69,Pharmacity_VN,VND,270100.0
ORD00842,C0041,Lê Thu Vân,37,Nữ,Hà Nội,P21172,1,25000,2026-08-17,Ví điện tử,Serum Dưỡng Tóc ELLIPS Dành Cho Tóc Nhuộm Nutri Color (vỉ 6 viên),Ellips,Dưỡng tóc,25000.0,4.63,Pharmacity_VN,VND,25000.0
ORD00843,C0349,Bùi Ngọc Linh,23,Nữ,Hà Nội,P16883,3,54000,2026-08-17,Tiền mặt,Nước hoa Feliz Perfume Provence (Màu tím),Feliz Provence,Dưỡng thể & massage,18000.0,4.74,Pharmacity_VN,VND,18000.0
ORD00844,C0266,Bùi Thu Dương,18,Nữ,TP. Hồ Chí Minh,P18999,1,194400,2026-08-18,COD,Dầu Gội TRESEMME Salon Rebond Giúp Giảm Gãy Rụng (chai 640g),Tresemme,Dầu gội đầu,194400.0,4.7,Pharmacity_VN,VND,194400.0
ORD00845,C0101,Phạm Minh Khoa,18,Nam,TP. Hồ Chí Minh,P27851,1,40000,2026-08-18,Thẻ ngân hàng,Sữa Vệ Sinh Phụ Nữ Shema Lá Đôi Hồng (200ml),Shema Baby,Dung dịch vệ sinh phụ nữ,40000.0,4.69,Pharmacity_VN,VND,40000.0
ORD00846,C0011,Phạm Minh Tùng,25,Nam,Hà Nội,P17557,1,51500,2026-08-18,COD,Bàn Chải Đánh Răng CLOSE UP Precision Clean (hộp 1 cái),Close up,Bàn chải đánh răng,51500.0,4.64,Pharmacity_VN,VND,51500.0
ORD00847,C0178,Hoàng Hữu Nhiên,45,Nam,Hà Nội,P24425,1,53000,2026-08-19,Thẻ ngân hàng,Băng vệ sinh siêu mỏng có cánh Sofy Organic 23cm 100% Cotton (Gói 8 miếng),Sofy,Băng vệ sinh,53000.0,4.65,Pharmacity_VN,VND,53000.0
ORD00848,C0257,Bùi Minh Vũ,43,Nam,TP. Hồ Chí Minh,P08888,1,82000,2026-08-19,Ví điện tử,Nước Súc Miệng LISTERINE Tartar Protection Giảm Mảng Bám (Chai 250ml),Listerine,Nước súc miệng,82000.0,4.51,Pharmacity_VN,VND,82000.0
ORD00849,C0065,Bùi Thị Duyên,38,Nữ,TP. Hồ Chí Minh,P17299,2,92000,2026-08-19,Thẻ ngân hàng,Kem đánh răng Colgate ngừa sâu răng hương bạc hà 225g,Colgate,Kem đánh răng,46000.0,4.72,Pharmacity_VN,VND,46000.0
ORD00850,C0104,Mai Thu Chi,22,Nữ,Cần Thơ,P03829,2,230000,2026-08-19,COD,Xịt Ngăn Mùi NIVEA Ngọc Trai Quyến Rũ (chai 150ml),Nivea,Xịt khử mùi,115000.0,4.72,Pharmacity_VN,VND,115000.0
ORD00851,C0279,Mai Văn Trọng,31,Nam,TP. Hồ Chí Minh,P28807,2,136000,2026-08-20,Ví điện tử,Pharmacity Dung dịch vệ sinh phụ nữ dạng bọt hương thơm tươi mát (Chai 100ml),Pharmacity,Dung dịch vệ sinh phụ nữ,68000.0,4.83,Pharmacity_VN,VND,68000.0
ORD00852,C0236,Phạm Minh Nam,36,Nam,Đà Nẵng,P21174,1,203000,2026-08-20,Tiền mặt,Serum Dưỡng Tóc ELLIPS Giúp Tóc Phục Hồi Hư Tổn Hair Treatment (hũ 50 viên),Ellips,Dưỡng tóc,203000.0,4.89,Pharmacity_VN,VND,203000.0
ORD00853,C0154,Nguyễn Mỹ Yến,32,Nữ,Hà Nội,P03723,1,110000,2026-08-20,COD,Xịt Khử Mùi Toàn Thân ROMANO CLASSIC (150ml),Romano,Khử mùi cho nam,110000.0,4.64,Pharmacity_VN,VND,110000.0
ORD00854,C0169,Hoàng Hữu Nhiên,28,Nam,TP. Hồ Chí Minh,P17786,1,399200,2026-08-20,Thẻ ngân hàng,Cốc nguyệt san siêu mềm BeU Cup,Beucup,Băng vệ sinh,399200.0,4.68,Pharmacity_VN,VND,399200.0
ORD00855,C0024,Dương Minh Tùng,18,Nam,Hà Nội,P08889,4,284000,2026-08-20,Ví điện tử,"Nước Súc Miệng LISTERINE Cool Mint Zero Hơi Thở Thơm Mát, Không Cay (Chai 250ml)",Listerine,Nước súc miệng,71000.0,4.82,Pharmacity_VN,VND,71000.0
ORD00856,C0334,Hoàng Văn Quang,23,Nam,TP. Hồ Chí Minh,P03723,1,110000,2026-08-20,Tiền mặt,Xịt Khử Mùi Toàn Thân ROMANO CLASSIC (150ml),Romano,Khử mùi cho nam,110000.0,4.64,Pharmacity_VN,VND,110000.0
ORD00857,C0201,Bùi Thu Ánh,34,Nữ,TP. Hồ Chí Minh,P20503,2,146000,2026-08-20,Thẻ ngân hàng,Sáp Vuốt Tóc Gatsby Styling Pomade Retro Matte 75gr,Gatsby,Chăm sóc tóc cho nam,73000.0,4.77,Pharmacity_VN,VND,73000.0
ORD00858,C0252,Phạm Thị Thảo,39,Nữ,Hà Nội,P25498,2,498000,2026-08-21,COD,Dầu Gội TSUBAKI Phục Hồi Hư Tổn Nặng & Giảm Gãy Rụng (Chai 490ml),Tsubaki,Dầu gội đầu,249000.0,4.64,Pharmacity_VN,VND,249000.0
ORD00859,C0311,Phạm Ngọc Thảo,28,Nữ,Cần Thơ,P26253,4,50000,2026-08-21,Ví điện tử,Băng vệ sinh Kotex Max Cool BVS cho ngày và đêm (Gói 6 miếng x 28cm),Kotex,Băng vệ sinh,12500.0,4.62,Pharmacity_VN,VND,12500.0
ORD00860,C0244,Vũ Ngọc Lan,39,Nữ,Hải Phòng,P00244,1,60000,2026-08-21,Thẻ ngân hàng,Dầu Gội Dược Liệu THÁI DƯƠNG 3 Hương Lá Sạch Gàu Mềm Mượt (200ml),Thai Duong,Dầu gội đầu,60000.0,4.76,Pharmacity_VN,VND,60000.0
ORD00861,C0184,Trần Minh Quang,35,Nam,Hà Nội,P29594,1,11000,2026-08-22,Tiền mặt,"Pharmacity Nước muối sinh lý Natri Clorid 0,9% (Chai 500ml)",Pharmacity,Nước súc miệng,11000.0,4.94,Pharmacity_VN,VND,11000.0
ORD00862,C0008,Phạm Văn Quang,38,Nam,Hà Nội,P09600,4,108000,2026-08-23,Thẻ ngân hàng,Băng vệ sinh Diana Sensi Cool Fresh Siêu thấm có cánh 23cm (8 miếng),Diana,Băng vệ sinh,27000.0,4.89,Pharmacity_VN,VND,27000.0
ORD00863,C0130,Trần Mỹ Mai,25,Nữ,Hải Phòng,P29621,3,582750,2026-08-23,COD,Kem Đánh Răng Marvis Amarelli Licorice Vị Cam Thảo & Than tre hỗ trợ khử ố vàng & trắng răng (85ml),Marvis,Kem đánh răng,194250.0,4.73,Pharmacity_VN,VND,194250.0
ORD00864,C0173,Vũ Ngọc Hồng,29,Nữ,Hà Nội,P18077,1,95000,2026-08-24,COD,Kem Đánh Răng SENSODYNE Fresh Mint Hương Bạc Hà (tuýp 160g),Sensodyne (GSK OTC),Kem đánh răng,95000.0,4.53,Pharmacity_VN,VND,95000.0
ORD00865,C0047,Nguyễn Quốc Dũng,25,Nam,Hà Nội,P18080,1,57000,2026-08-25,Ví điện tử,Nước Súc Miệng Trẻ Em LISTERINE Vị Không Cay (Chai 250ml),Listerine,Nước súc miệng,57000.0,4.72,Pharmacity_VN,VND,57000.0
ORD00866,C0140,Nguyễn Quốc Vũ,18,Nam,TP. Hồ Chí Minh,P00429,5,355000,2026-08-25,Tiền mặt,Nước Súc Miệng LISTERINE Cool Mint Hơi Thở Thơm Mát (Chai 250ml),Listerine,Nước súc miệng,71000.0,4.95,Pharmacity_VN,VND,71000.0
ORD00867,C0201,Bùi Thu Ánh,34,Nữ,TP. Hồ Chí Minh,P17486,1,26000,2026-08-25,Thẻ ngân hàng,Băng vệ sinh siêu thấm Diana Cool Fresh mỏng không cánh 23cm (Gói 8 miếng),Diana,Băng vệ sinh,26000.0,4.51,Pharmacity_VN,VND,26000.0
ORD00868,C0122,Bùi Mỹ Mai,21,Nữ,Hải Phòng,P01267,3,170100,2026-08-26,Thẻ ngân hàng,Dầu Gội SELSUN Anti Dandruff Giảm Gàu và Giảm Ngứa Da Đầu (Chai 50ml),Selsun,Dầu gội đầu,56700.0,4.84,Pharmacity_VN,VND,56700.0
ORD00869,C0011,Phạm Minh Tùng,25,Nam,Hà Nội,P20102,1,36000,2026-08-26,Ví điện tử,Pharmacity Natural Care Sữa Tắm Chiết Xuất Mâm Xôi Và Cam Thảo (Chai 550ml),Pharmacity,Sữa tắm,36000.0,4.93,Pharmacity_VN,VND,36000.0
ORD00870,C0242,Mai Ngọc Linh,29,Nữ,Hải Phòng,P08378,1,10000,2026-08-26,Tiền mặt,Băng vệ sinh siêu mỏng cánh ban đêm Kotex Style (4 miếng/gói),Kotex,Băng vệ sinh,10000.0,4.92,Pharmacity_VN,VND,10000.0
ORD00871,C0044,Vũ Quốc Tùng,27,Nam,TP. Hồ Chí Minh,P30109,3,840000,2026-08-27,COD,Dung dịch vệ sinh Saforelle Ultra Mild Cleansing Foam (Ultra Douce) 250ml,Saforelle,Dung dịch vệ sinh phụ nữ,280000.0,4.85,Pharmacity_VN,VND,280000.0
ORD00872,C0233,Phạm Ngọc Mai,30,Nữ,TP. Hồ Chí Minh,P18205,2,57800,2026-08-27,COD,Băng vệ sinh hàng ngày kháng khuẩn Diana Sensi 15.5cm (Gói 40 miếng),Diana,Băng vệ sinh,28900.0,4.6,Pharmacity_VN,VND,28900.0
ORD00873,C0029,Hoàng Mỹ Mai,24,Nữ,Cần Thơ,P18774,2,206000,2026-08-27,Ví điện tử,Băng vệ sinh dạng quần chống tràn 360 độ Diana Sensi (Gói 5 cái - Size M-L),Diana,Băng vệ sinh,103000.0,4.79,Pharmacity_VN,VND,103000.0
ORD00874,C0049,Trần Ngọc Mai,33,Nữ,Đà Nẵng,P25487,2,280500,2026-08-28,COD,Nước Súc Miệng LISTERINE Total Care Sensitive Cho Răng Nhạy Cảm (Chai 750ml),Listerine,Nước súc miệng,140250.0,4.5,Pharmacity_VN,VND,140250.0
ORD00875,C0330,Vũ Thị Vi,36,Nữ,Hải Phòng,P29975,4,1080000,2026-08-28,Tiền mặt,Dầu Gội Anok Giúp Giảm Rụng Tóc Anti Hair Loss 400ml/Chai,Anok,Dầu gội đầu,270000.0,4.8,Pharmacity_VN,VND,270000.0
ORD00876,C0178,Hoàng Hữu Nhiên,45,Nam,Hà Nội,P18774,1,103000,2026-08-29,Thẻ ngân hàng,Băng vệ sinh dạng quần chống tràn 360 độ Diana Sensi (Gói 5 cái - Size M-L),Diana,Băng vệ sinh,103000.0,4.79,Pharmacity_VN,VND,103000.0
ORD00877,C0203,Nguyễn Thu Linh,41,Nữ,Hà Nội,P30093,2,83720,2026-08-29,COD,Dung dịch vệ sinh phụ nữ Dạ Hương Thoáng sạch 100ml,Da Huong,Dung dịch vệ sinh phụ nữ,41860.0,4.79,Pharmacity_VN,VND,41860.0
ORD00878,C0060,Lê Hữu Minh,40,Nam,TP. Hồ Chí Minh,P03925,3,99000,2026-08-29,Thẻ ngân hàng,Dụng Cụ Cạo Lưỡi OKAMURA Giúp Làm Sạch Mảng Bám Trên Lưỡi,Okamura,Sản phẩm chăm sóc răng miệng khác,33000.0,4.58,Pharmacity_VN,VND,33000.0
ORD00879,C0151,Phạm Ngọc Thảo,33,Nữ,Cần Thơ,P25499,1,249000,2026-08-30,COD,Dầu Xả TSUBAKI Phục Hồi Hư Tổn Nặng & Giảm Gãy Rụng chai 490ml,Tsubaki,Dầu xả,249000.0,4.73,Pharmacity_VN,VND,249000.0
ORD00880,C0059,Đặng Hữu Quang,33,Nam,Hà Nội,P13640,2,72000,2026-08-30,Tiền mặt,Băng vệ sinh Kotex Siêu ban đêm 35cm (8 miếng/ gói),Kotex,Băng vệ sinh,36000.0,4.97,Pharmacity_VN,VND,36000.0
ORD00881,C0121,Dương Mỹ Vi,38,Nữ,Hà Nội,P09561,3,135000,2026-08-30,COD,Băng vệ sinh ban ngày siêu mỏng cánh Laurier Super Slimguard 22.5cm (10 miếng/gói),Laurier,Băng vệ sinh,45000.0,4.97,Pharmacity_VN,VND,45000.0
ORD00882,C0319,Lê Quốc Trung,33,Nam,Đà Nẵng,P08754,1,11000,2026-08-31,Thẻ ngân hàng,Băng vệ sinh siêu mỏng cánh ban đêm Kotex Style (3 miếng/gói),Kotex,Băng vệ sinh,11000.0,4.66,Pharmacity_VN,VND,11000.0
ORD00883,C0208,Nguyễn Quốc Tú,35,Nam,Cần Thơ,P10952,1,39500,2026-08-31,Thẻ ngân hàng,Bàn Chải Đánh Răng SENSODYNE Multi Care Dành Cho Răng Nhạy Cảm,Sensodyne (GSK OTC),Bàn chải đánh răng,39500.0,4.67,Pharmacity_VN,VND,39500.0
ORD00884,C0123,Trần Thị Hương,44,Nữ,TP. Hồ Chí Minh,P11372,2,54000,2026-08-31,COD,Băng vệ sinh Diana Sensi siêu mỏng không cánh (Gói 8 miếng),Diana,Băng vệ sinh,27000.0,4.87,Pharmacity_VN,VND,27000.0
ORD00885,C0176,Đặng Hữu Vũ,38,Nam,Hà Nội,P17556,3,513000,2026-09-01,Ví điện tử,"Nước Súc Miệng LISTERINE Cool Mint Zero Hơi Thở Thơm Mát, Không Cay (Chai 750ml)",Listerine,Nước súc miệng,171000.0,4.91,Pharmacity_VN,VND,171000.0
ORD00886,C0058,Hoàng Ngọc Hồng,27,Nữ,Cần Thơ,P03925,2,66000,2026-09-02,COD,Dụng Cụ Cạo Lưỡi OKAMURA Giúp Làm Sạch Mảng Bám Trên Lưỡi,Okamura,Sản phẩm chăm sóc răng miệng khác,33000.0,4.58,Pharmacity_VN,VND,33000.0
ORD00887,C0347,Dương Ngọc Lan,18,Nữ,TP. Hồ Chí Minh,P23031,1,175950,2026-09-02,Thẻ ngân hàng,Tắm gội X-men Clean & Fresh 2in1 sạch sâu (Chai 630g),X Men,Sản phẩm tắm & dưỡng thể cho nam,175950.0,4.58,Pharmacity_VN,VND,175950.0
ORD00888,C0191,Trần Minh Hoàng,26,Nam,Hải Phòng,P07555,1,39000,2026-09-02,COD,Kem Đánh Răng CLOSE UP White Attraction Diamond Trắng Sáng (tuýp 100g),Close up,Kem đánh răng,39000.0,4.92,Pharmacity_VN,VND,39000.0
ORD00889,C0268,Hoàng Ngọc Thảo,18,Nữ,Hà Nội,P27326,2,486000,2026-09-03,Thẻ ngân hàng,Tresemme DX Vao Nep Muot Ma 620g,Tresemme,Dầu xả,243000.0,4.98,Pharmacity_VN,VND,243000.0
ORD00890,C0177,Nguyễn Hữu Bảo,30,Nam,TP. Hồ Chí Minh,P04801,1,10000,2026-09-03,COD,Băng Vệ Sinh Kháng Khuẩn Hàng Ngày DIANA SENSI (8 Miếng),Diana,Băng vệ sinh,10000.0,4.99,Pharmacity_VN,VND,10000.0
ORD00891,C0180,Mai Thị Mai,57,Nữ,Hà Nội,P18993,1,215000,2026-09-04,Ví điện tử,Dầu Xả TSUBAKI Phục Hồi Ngăn Rụng Tóc (Chai 490ml),Tsubaki,Dầu xả,215000.0,4.86,Pharmacity_VN,VND,215000.0
ORD00892,C0182,Lê Mỹ Xuân,21,Nữ,Hà Nội,P11331,1,28800,2026-09-04,COD,Kem tẩy lông cho da nhạy cảm Cléo Hair Removal Cream Sensitive Skin (Tuýp 25g),Cleo,Hỗ trợ tẩy lông,28800.0,4.82,Pharmacity_VN,VND,28800.0
ORD00893,C0307,Dương Quốc Anh,43,Nam,TP. Hồ Chí Minh,P37309,1,263200,2026-09-04,COD,Lăn Khử Mùi Stopirex dành cho da nhạy cảm 30ml,Stopirex,Lăn khử mùi,263200.0,4.54,Pharmacity_VN,VND,263200.0
ORD00894,C0215,Đặng Ngọc Xuân,27,Nữ,Đà Nẵng,P23129,3,664200,2026-09-05,COD,Gel vệ sinh phụ nữ X2 Nano nghệ Cocayhoala (Chai 150ml),Cocayhoala,Dung dịch vệ sinh phụ nữ,221400.0,4.54,Pharmacity_VN,VND,221400.0
ORD00895,C0237,Phạm Thu Hồng,18,Nữ,Cần Thơ,P17507,1,65000,2026-09-05,Ví điện tử,Bàn Chải Đánh Răng COLGATE SlimSoft Flex Clean,Colgate,Bàn chải đánh răng,65000.0,4.72,Pharmacity_VN,VND,65000.0
ORD00896,C0187,Mai Ngọc Yến,35,Nữ,TP. Hồ Chí Minh,P22138,1,64000,2026-09-05,Thẻ ngân hàng,Kem Đánh Răng COLGATE Muối Himalaya Sáng Khỏe (tuýp 180g),Colgate,Kem đánh răng,64000.0,4.55,Pharmacity_VN,VND,64000.0
ORD00897,C0280,Đặng Ngọc Hương,26,Nữ,TP. Hồ Chí Minh,P29766,1,184500,2026-09-05,Thẻ ngân hàng,Sữa tắm Lifebuoy Cica & Muối hồng 800g,Lifebuoy,Sữa tắm,184500.0,4.6,Pharmacity_VN,VND,184500.0
ORD00898,C0076,Vũ Quốc Minh,38,Nam,TP. Hồ Chí Minh,P17624,1,189000,2026-09-05,Ví điện tử,Dầu gội PANTENE Pro-V Hair Fall Control Ngăn Rụng Tóc (chai 650ml),Pantene,Dầu gội đầu,189000.0,4.85,Pharmacity_VN,VND,189000.0
ORD00899,C0086,Nguyễn Minh Tú,25,Nam,Đà Nẵng,P11369,1,90000,2026-09-06,Thẻ ngân hàng,Bộ Chăm Sóc Răng Miệng Du Lịch COLGATE,Colgate,Bàn chải đánh răng,90000.0,4.53,Pharmacity_VN,VND,90000.0
ORD00900,C0183,Đặng Thu Xuân,19,Nữ,Hà Nội,P30257,2,178000,2026-09-07,Tiền mặt,Xịt rửa tay PURE FRESH hương Melon (30ml),Pure Fresh,Nước rửa tay,89000.0,4.76,Pharmacity_VN,VND,89000.0
ORD00901,C0090,Hoàng Hữu Vũ,35,Nam,Hà Nội,P03249,1,27500,2026-09-07,Thẻ ngân hàng,Băng Vệ Sinh DIANA Siêu Thấm Cánh (8 Miếng),Diana,Băng vệ sinh,27500.0,4.76,Pharmacity_VN,VND,27500.0
ORD00902,C0185,Đặng Hữu Khoa,28,Nam,Cần Thơ,P13012,1,87500,2026-09-08,Tiền mặt,"Pharmacity Dầu gội Olive Oil phục hồi, giảm khô tóc (Chai 490ml)",Pharmacity,Dầu gội đầu,87500.0,4.77,Pharmacity_VN,VND,87500.0
ORD00903,C0014,Vũ Quốc Nam,18,Nam,Hà Nội,P27855,1,139000,2026-09-08,Tiền mặt,"Sữa tắm Pharmacity Làm Sạch, Kháng Khuẩn – Chăm sóc da (Chai 850ml)",Pharmacity,Sữa tắm,139000.0,4.99,Pharmacity_VN,VND,139000.0
ORD00904,C0028,Hoàng Minh Quang,34,Nam,Đà Nẵng,P11365,2,112500,2026-09-08,COD,Bộ Đôi Bàn Chải Đánh Răng COLGATE SlimSoft Than Hoạt Tính,Colgate,Bàn chải đánh răng,56250.0,4.99,Pharmacity_VN,VND,56250.0
ORD00905,C0246,Nguyễn Mỹ Hương,27,Nữ,Cần Thơ,P07423,1,175000,2026-09-08,COD,"Sữa Tắm PURITE Cherry Blossom Hương Hoa Anh Đào làm dịu da, lưu hương trên da. (chai 500ml)",Purite,Sữa tắm,175000.0,4.89,Pharmacity_VN,VND,175000.0
ORD00906,C0016,Bùi Thu Linh,24,Nữ,Hà Nội,P21582,1,186000,2026-09-09,Thẻ ngân hàng,Dung dịch vệ sinh phụ nữ cao cấp hằng ngày Femfresh Daily Intimate Wash (250ml),Femfresh,Dung dịch vệ sinh phụ nữ,186000.0,4.82,Pharmacity_VN,VND,186000.0
ORD00907,C0293,Trần Mỹ Vi,24,Nữ,Hà Nội,P03877,3,255000,2026-09-09,Ví điện tử,"Sữa Rửa Mặt Cho Nam NIVEA MEN Anti-Acne Oil Control Mud Foam giúp làm sạch, giảm mụn (Tuýp 100g)",Nivea,Chăm sóc da mặt cho nam,85000.0,4.82,Pharmacity_VN,VND,85000.0
ORD00908,C0088,Vũ Mỹ Mai,33,Nữ,Hà Nội,P22886,1,234900,2026-09-09,Ví điện tử,Dầu Gội COCOON Tinh Dầu Bưởi Giúp Giảm Gãy Rụng và Làm Mềm Tóc (chai 310ml),Cocoon,Dầu gội đầu,234900.0,4.61,Pharmacity_VN,VND,234900.0
ORD00909,C0230,Lê Thị Vi,37,Nữ,TP. Hồ Chí Minh,P28070,1,125000,2026-09-10,Ví điện tử,"Dầu gội Pharmacity Argan Oil phục hồi, giảm khô tóc (Chai 490ml)",Pharmacity,Dầu gội đầu,125000.0,4.75,Pharmacity_VN,VND,125000.0
ORD00910,C0316,Mai Thị Hương,30,Nữ,TP. Hồ Chí Minh,P01433,3,209100,2026-09-10,COD,Kem Rửa Mặt Ngăn Ngừa Mụn OXY Perfect Wash (100g/Chai),Oxy,Chăm sóc da mặt cho nam,69700.0,4.59,Pharmacity_VN,VND,69700.0
ORD00911,C0289,Phạm Văn Thành,33,Nam,Hà Nội,P26020,1,189000,2026-09-11,COD,Dầu Gội Dược Liệu NGUYÊN XUÂN Sạch Gàu chai 350ml/400g,Nguyen Xuan,Dầu gội đầu,189000.0,4.62,Pharmacity_VN,VND,189000.0
ORD00912,C0331,Bùi Ngọc Ánh,30,Nữ,Hải Phòng,P22138,2,128000,2026-09-11,Tiền mặt,Kem Đánh Răng COLGATE Muối Himalaya Sáng Khỏe (tuýp 180g),Colgate,Kem đánh răng,64000.0,4.55,Pharmacity_VN,VND,64000.0
ORD00913,C0150,Dương Quốc Hoàng,33,Nam,Hà Nội,P21581,1,236000,2026-09-11,Ví điện tử,Dung dịch vệ sinh phụ nữ cao cấp Femfresh Soothing Wash (250ml),Femfresh,Dung dịch vệ sinh phụ nữ,236000.0,4.79,Pharmacity_VN,VND,236000.0
ORD00914,C0052,Bùi Văn Bảo,26,Nam,TP. Hồ Chí Minh,P28112,3,87000,2026-09-11,Tiền mặt,"Gel gội thảo dược gừng sả Cỏ Cây Hoa Lá dành cho tóc dầu bết, dưỡng tóc giúp tóc chắc khỏe, mềm mượt (Túi 30g)",Cocayhoala,Dầu gội đầu,29000.0,4.91,Pharmacity_VN,VND,29000.0
ORD00915,C0311,Phạm Ngọc Thảo,28,Nữ,Cần Thơ,P29766,3,553500,2026-09-11,Ví điện tử,Sữa tắm Lifebuoy Cica & Muối hồng 800g,Lifebuoy,Sữa tắm,184500.0,4.6,Pharmacity_VN,VND,184500.0
ORD00916,C0078,Trần Ngọc Ánh,27,Nữ,TP. Hồ Chí Minh,P17538,2,40000,2026-09-12,Thẻ ngân hàng,Xà Phòng Tắm LIFEBUOY Matcha và Khổ Qua Bảo Vệ Khỏi Vi Khuẩn (90g),Lifebuoy,Xà bông cục,20000.0,4.95,Pharmacity_VN,VND,20000.0
ORD00917,C0044,Vũ Quốc Tùng,27,Nam,TP. Hồ Chí Minh,P15467,1,22950,2026-09-12,COD,Dầu Gội MATRIX Gội Là Đen hộp 10 gói,MATRIX,Dầu gội đầu,22950.0,4.72,Pharmacity_VN,VND,22950.0
ORD00918,C0332,Bùi Hữu Tùng,21,Nam,Hà Nội,P25487,3,420750,2026-09-12,Thẻ ngân hàng,Nước Súc Miệng LISTERINE Total Care Sensitive Cho Răng Nhạy Cảm (Chai 750ml),Listerine,Nước súc miệng,140250.0,4.5,Pharmacity_VN,VND,140250.0
ORD00919,C0320,Trần Mỹ Hồng,29,Nữ,TP. Hồ Chí Minh,P22183,1,190000,2026-09-13,Tiền mặt,Tinh chất dưỡng thể Vaseline Healthy Bright Spf 50+ (Tuýp 300ml),Vaseline,Dưỡng thể & massage,190000.0,4.78,Pharmacity_VN,VND,190000.0
ORD00920,C0104,Mai Thu Chi,22,Nữ,Cần Thơ,P23129,2,442800,2026-09-13,COD,Gel vệ sinh phụ nữ X2 Nano nghệ Cocayhoala (Chai 150ml),Cocayhoala,Dung dịch vệ sinh phụ nữ,221400.0,4.54,Pharmacity_VN,VND,221400.0
ORD00921,C0200,Nguyễn Thị Hương,19,Nữ,TP. Hồ Chí Minh,P03250,1,25500,2026-09-13,Tiền mặt,Băng Vệ Sinh DIANA Siêu Thấm Không Cánh (8 Miếng),Diana,Băng vệ sinh,25500.0,4.94,Pharmacity_VN,VND,25500.0
ORD00922,C0350,Phạm Quốc Bảo,28,Nam,TP. Hồ Chí Minh,P22141,2,60750,2026-09-13,COD,Tăm Chỉ Kẽ Răng JOMI Hỗ Trợ Làm Sạch Mảng Bám Trong Kẻ Răng (gói 80 cái),Jomi,Tăm chỉ nha khoa,30375.0,4.88,Pharmacity_VN,VND,30375.0
ORD00923,C0302,Hoàng Thị Linh,24,Nữ,TP. Hồ Chí Minh,P25459,1,58000,2026-09-13,COD,Băng vệ sinh Sensi Supernight 29cm (Gói 12 miếng),Diana,Băng vệ sinh,58000.0,4.68,Pharmacity_VN,VND,58000.0
ORD00924,C0271,Vũ Thu Mai,44,Nữ,TP. Hồ Chí Minh,P21169,1,245000,2026-09-14,Thẻ ngân hàng,Dầu Xả OGX Thick & Full Bổ Sung Biotin Collagen Cho Tóc (chai 385ml),OGX,Dầu xả,245000.0,4.85,Pharmacity_VN,VND,245000.0
ORD00925,C0153,Hoàng Minh Tùng,23,Nam,Hà Nội,P11377,1,49000,2026-09-15,Ví điện tử,Kotex Bảo vệ toàn diện siêu mỏng cánh (gói 20 Miếng),Kotex,Băng vệ sinh,49000.0,4.58,Pharmacity_VN,VND,49000.0
ORD00926,C0084,Nguyễn Ngọc Duyên,25,Nữ,Hải Phòng,P17512,2,41280,2026-09-15,Ví điện tử,Băng vệ sinh Kotex Max Cool Siêu mỏng không cánh (gói 8 miếng),Kotex,Băng vệ sinh,20640.0,4.89,Pharmacity_VN,VND,20640.0
ORD00927,C0226,Nguyễn Ngọc Lan,41,Nữ,Hà Nội,P27882,2,94000,2026-09-15,Thẻ ngân hàng,Băng vệ sinh Kotex bảo vệ toàn diện cho ngày nhiều và đêm 28cm (14 miếng),Kotex,Băng vệ sinh,47000.0,4.5,Pharmacity_VN,VND,47000.0
ORD00928,C0118,Mai Mỹ Lan,18,Nữ,Cần Thơ,P03868,2,152000,2026-09-15,Tiền mặt,Lăn Khử Mùi NIVEA MEN DRY IMPACT (Chai 50ml),Nivea,Khử mùi cho nam,76000.0,4.78,Pharmacity_VN,VND,76000.0
ORD00929,C0098,Hoàng Thu Hồng,33,Nữ,Cần Thơ,P29595,1,18000,2026-09-15,Thẻ ngân hàng,"Pharmacity Nước muối sinh lý Natri Clorid 0,9% Hương bạc hà (Chai 500ml)",Pharmacity,Nước súc miệng,18000.0,4.77,Pharmacity_VN,VND,18000.0
ORD00930,C0346,Lê Thị Ánh,32,Nữ,Hà Nội,P10412,1,19000,2026-09-15,Ví điện tử,Bàn chải đánh răng trẻ em từ 2 đến 6 tuổi P/S siêu mềm,P/S,Bàn chải đánh răng,19000.0,4.88,Pharmacity_VN,VND,19000.0
ORD00931,C0109,Phạm Ngọc Duyên,33,Nữ,Hà Nội,P17527,1,90950,2026-09-15,COD,Kem Đánh Răng SENSODYNE Gentle Whitening Trắng Sáng (tuýp 160g),Sensodyne (GSK OTC),Kem đánh răng,90950.0,4.79,Pharmacity_VN,VND,90950.0
ORD00932,C0243,Nguyễn Thị Hương,35,Nữ,Hải Phòng,P10412,1,19000,2026-09-16,COD,Bàn chải đánh răng trẻ em từ 2 đến 6 tuổi P/S siêu mềm,P/S,Bàn chải đánh răng,19000.0,4.88,Pharmacity_VN,VND,19000.0
ORD00933,C0291,Phạm Minh Hoàng,28,Nam,Đà Nẵng,P29621,1,194250,2026-09-16,Ví điện tử,Kem Đánh Răng Marvis Amarelli Licorice Vị Cam Thảo & Than tre hỗ trợ khử ố vàng & trắng răng (85ml),Marvis,Kem đánh răng,194250.0,4.73,Pharmacity_VN,VND,194250.0
ORD00934,C0195,Vũ Văn Trọng,32,Nam,Hà Nội,P12662,4,274000,2026-09-16,Tiền mặt,Dụng Cụ Vệ Sinh Lưỡi BEAUTY FORMULAS Giúp Làm Sạch Mảng Bám Trên Lưỡi,Beauty Fomulas,Sản phẩm chăm sóc răng miệng khác,68500.0,4.86,Pharmacity_VN,VND,68500.0
ORD00935,C0270,Nguyễn Hữu Khoa,31,Nam,Hải Phòng,P07598,1,124500,2026-09-16,COD,Xịt khử mùi toàn thân X-men For Boss Intense Perfumed Deo Spray (Chai 150ml),X Men,Khử mùi cho nam,124500.0,4.97,Pharmacity_VN,VND,124500.0
ORD00936,C0146,Bùi Văn Nam,38,Nam,TP. Hồ Chí Minh,P28162,3,597000,2026-09-17,COD,Sữa tắm dược liệu Thuần Mộc (Chai 300ml),Thuan Moc,Sữa tắm,199000.0,4.6,Pharmacity_VN,VND,199000.0
ORD00937,C0211,Đặng Minh Nhiên,36,Nam,Hải Phòng,P11334,1,28800,2026-09-17,Tiền mặt,Kem tẩy lông cho da thường Cléo (25g),Cleo,Hỗ trợ tẩy lông,28800.0,4.6,Pharmacity_VN,VND,28800.0
ORD00938,C0226,Nguyễn Ngọc Lan,41,Nữ,Hà Nội,P04801,1,10000,2026-09-17,COD,Băng Vệ Sinh Kháng Khuẩn Hàng Ngày DIANA SENSI (8 Miếng),Diana,Băng vệ sinh,10000.0,4.99,Pharmacity_VN,VND,10000.0
ORD00939,C0158,Mai Thu Lan,35,Nữ,TP. Hồ Chí Minh,P07056,3,264600,2026-09-17,Tiền mặt,Sữa Dưỡng Thể VASELINE HEALTHY BRIGHT Sáng Da Tức Thì 200ml,Vaseline,Dưỡng thể & massage,88200.0,4.56,Pharmacity_VN,VND,88200.0
ORD00940,C0334,Hoàng Văn Quang,23,Nam,TP. Hồ Chí Minh,P30968,1,29500,2026-09-17,Ví điện tử,Kotex BVS Hằng Ngày Bông Thuần Khiết 19cm 10M,Kotex,Băng vệ sinh,29500.0,4.97,Pharmacity_VN,VND,29500.0
ORD00941,C0219,Trần Quốc Quang,25,Nam,TP. Hồ Chí Minh,P10970,1,70000,2026-09-17,Ví điện tử,Lăn ngăn mùi than đen hoạt tính cho nam Nivea Men Deep Black Charcoal Dark Wood 72h (50ml),Nivea,Khử mùi cho nam,70000.0,4.87,Pharmacity_VN,VND,70000.0
ORD00942,C0286,Hoàng Thị Ánh,18,Nữ,TP. Hồ Chí Minh,P23129,3,664200,2026-09-17,Ví điện tử,Gel vệ sinh phụ nữ X2 Nano nghệ Cocayhoala (Chai 150ml),Cocayhoala,Dung dịch vệ sinh phụ nữ,221400.0,4.54,Pharmacity_VN,VND,221400.0
ORD00943,C0166,Hoàng Văn Trọng,34,Nam,TP. Hồ Chí Minh,P14296,5,300000,2026-09-17,Tiền mặt,Nước Súc Miệng THÁI DƯƠNG Valentine (chai 500ml),Thai Duong,Nước súc miệng,60000.0,4.94,Pharmacity_VN,VND,60000.0
ORD00944,C0241,Mai Văn Thành,22,Nam,TP. Hồ Chí Minh,P17495,1,69520,2026-09-18,Ví điện tử,Lăn khử mùi X-Men For Boss Luxury (50ml),X Men,Khử mùi cho nam,69520.0,4.61,Pharmacity_VN,VND,69520.0
ORD00945,C0273,Hoàng Ngọc Dương,42,Nữ,Hà Nội,P10970,1,70000,2026-09-18,Thẻ ngân hàng,Lăn ngăn mùi than đen hoạt tính cho nam Nivea Men Deep Black Charcoal Dark Wood 72h (50ml),Nivea,Khử mùi cho nam,70000.0,4.87,Pharmacity_VN,VND,70000.0
ORD00946,C0046,Nguyễn Quốc Quang,23,Nam,Hà Nội,P12843,3,132000,2026-09-18,Thẻ ngân hàng,Băng vệ sinh ban đêm dạng quần Diana Super Night Size S-M (2 chiếc/gói),Diana,Băng vệ sinh,44000.0,4.85,Pharmacity_VN,VND,44000.0
ORD00947,C0306,Lê Văn Châu,31,Nam,Hà Nội,P17554,1,187000,2026-09-18,Thẻ ngân hàng,Nước Súc Miệng LISTERINE Green Tea Cho Răng Chắc Khỏe (Chai 750ml),Listerine,Nước súc miệng,187000.0,4.94,Pharmacity_VN,VND,187000.0
ORD00948,C0019,Đặng Thị Hương,21,Nữ,Cần Thơ,P17624,2,378000,2026-09-19,Thẻ ngân hàng,Dầu gội PANTENE Pro-V Hair Fall Control Ngăn Rụng Tóc (chai 650ml),Pantene,Dầu gội đầu,189000.0,4.85,Pharmacity_VN,VND,189000.0
ORD00949,C0156,Nguyễn Hữu Nhiên,23,Nam,Hà Nội,P08277,1,21060,2026-09-19,COD,Băng vệ sinh siêu thấm mỏng cánh Diana Super Ultra Slim 0.1 (8 miếng/gói),Diana,Băng vệ sinh,21060.0,4.83,Pharmacity_VN,VND,21060.0
ORD00950,C0036,Đặng Mỹ Lan,18,Nữ,Hải Phòng,P10766,1,10000,2026-09-19,Tiền mặt,Nước Muối VĨNH PHÚC Natri Clorid 0.9% chai làm sạch răng miệng (500ml),Vinh Phuc,Nước súc miệng,10000.0,4.99,Pharmacity_VN,VND,10000.0
ORD00951,C0137,Mai Văn Tú,22,Nam,TP. Hồ Chí Minh,P18080,1,57000,2026-09-19,COD,Nước Súc Miệng Trẻ Em LISTERINE Vị Không Cay (Chai 250ml),Listerine,Nước súc miệng,57000.0,4.72,Pharmacity_VN,VND,57000.0
ORD00952,C0084,Nguyễn Ngọc Duyên,25,Nữ,Hải Phòng,P03374,1,71760,2026-09-20,Tiền mặt,Nước Rửa Tay LIFEBUOY Bảo Vệ Vượt Trội giúp loại bỏ vi khuẩn (chai 450g),Lifebuoy,Nước rửa tay,71760.0,4.97,Pharmacity_VN,VND,71760.0
ORD00953,C0139,Mai Thu Ánh,38,Nữ,Hải Phòng,P18198,2,44800,2026-09-20,Tiền mặt,Băng vệ sinh ban đêm siêu thấm hút có cánh Laurier 35cm (Gói 4 miếng),Laurier,Băng vệ sinh,22400.0,4.66,Pharmacity_VN,VND,22400.0
ORD00954,C0152,Phạm Thị Ngọc,33,Nữ,Hà Nội,P10414,1,43000,2026-09-20,COD,Kem Đánh Răng P/S Green Tea Trà Xanh (Tuýp 180g),P/S,Kem đánh răng,43000.0,4.99,Pharmacity_VN,VND,43000.0
ORD00955,C0205,Lê Thu Yến,18,Nữ,Cần Thơ,P30258,3,267000,2026-09-20,COD,Xịt rửa tay PURE FRESH hương Cherry Blossom (30ml),Pure Fresh,Nước rửa tay,89000.0,4.95,Pharmacity_VN,VND,89000.0
ORD00956,C0288,Bùi Minh Nhiên,36,Nam,Hà Nội,P11482,1,159000,2026-09-20,Ví điện tử,Sữa dưỡng thể dưỡng sáng da ban đêm Nivea (350ml),Nivea,Dưỡng thể & massage,159000.0,4.51,Pharmacity_VN,VND,159000.0
ORD00957,C0263,Bùi Minh Khoa,18,Nam,TP. Hồ Chí Minh,P20503,1,73000,2026-09-21,Thẻ ngân hàng,Sáp Vuốt Tóc Gatsby Styling Pomade Retro Matte 75gr,Gatsby,Chăm sóc tóc cho nam,73000.0,4.77,Pharmacity_VN,VND,73000.0
ORD00958,C0168,Trần Thu Hồng,49,Nữ,TP. Hồ Chí Minh,P18620,1,67500,2026-09-21,COD,Sữa tắm hương Hoa hồng Feliz Body Wash Rose (Chai 1 lít),Feliz,Sữa tắm,67500.0,4.54,Pharmacity_VN,VND,67500.0
ORD00959,C0130,Trần Mỹ Mai,25,Nữ,Hải Phòng,P19172,1,57200,2026-09-21,Tiền mặt,"Kem đánh răng EUCRYL loại bỏ mảng bám, giúp răng trắng sáng (tuýp 62g)",Eucryl,Kem đánh răng,57200.0,4.79,Pharmacity_VN,VND,57200.0
ORD00960,C0226,Nguyễn Ngọc Lan,41,Nữ,Hà Nội,P17552,4,256000,2026-09-21,Tiền mặt,Nước Rửa Tay LIFEBUOY Chăm Sóc Da (túi 400g),Lifebuoy,Nước rửa tay,64000.0,4.71,Pharmacity_VN,VND,64000.0
ORD00961,C0144,Bùi Thị Xuân,32,Nữ,TP. Hồ Chí Minh,P21582,1,186000,2026-09-22,Tiền mặt,Dung dịch vệ sinh phụ nữ cao cấp hằng ngày Femfresh Daily Intimate Wash (250ml),Femfresh,Dung dịch vệ sinh phụ nữ,186000.0,4.82,Pharmacity_VN,VND,186000.0
ORD00962,C0037,Đặng Ngọc Linh,32,Nữ,Hà Nội,P01144,4,296000,2026-09-22,Tiền mặt,Kem Đánh Răng SENSODYNE Gentle Whitening Trắng Sáng (tuýp 100g),Sensodyne (GSK OTC),Kem đánh răng,74000.0,4.57,Pharmacity_VN,VND,74000.0
ORD00963,C0141,Phạm Ngọc Lan,32,Nữ,Đà Nẵng,P03374,1,71760,2026-09-22,COD,Nước Rửa Tay LIFEBUOY Bảo Vệ Vượt Trội giúp loại bỏ vi khuẩn (chai 450g),Lifebuoy,Nước rửa tay,71760.0,4.97,Pharmacity_VN,VND,71760.0
ORD00964,C0146,Bùi Văn Nam,38,Nam,TP. Hồ Chí Minh,P18064,1,46750,2026-09-22,COD,"Kem đánh răng COLGATE Optic White Volcanic Mineral làm sáng răng, loại bỏ các vết ố màu (Tuýp 100g)",Colgate,Kem đánh răng,46750.0,4.79,Pharmacity_VN,VND,46750.0
ORD00965,C0149,Bùi Hữu Tùng,35,Nam,Hải Phòng,P18126,1,102000,2026-09-23,COD,Dung Dịch Vệ Sinh Phụ Nữ Lactacyd Odor Fresh (250ml),Sanofi CHC (Lactacyd brand),Dung dịch vệ sinh phụ nữ,102000.0,4.62,Pharmacity_VN,VND,102000.0
ORD00966,C0119,Hoàng Thị Duyên,41,Nữ,Hà Nội,P21170,1,25000,2026-09-23,Tiền mặt,Serum Dưỡng Tóc ELLIPS Pro Keratin Smooth & Silky Mềm Mượt Tóc (Vỉ 6 viên),Ellips,Dưỡng tóc,25000.0,4.75,Pharmacity_VN,VND,25000.0
ORD00967,C0182,Lê Mỹ Xuân,21,Nữ,Hà Nội,P25487,1,140250,2026-09-23,Thẻ ngân hàng,Nước Súc Miệng LISTERINE Total Care Sensitive Cho Răng Nhạy Cảm (Chai 750ml),Listerine,Nước súc miệng,140250.0,4.5,Pharmacity_VN,VND,140250.0
ORD00968,C0224,Lê Thu Vi,18,Nữ,TP. Hồ Chí Minh,P22881,2,493000,2026-09-23,COD,Dầu Gội Thảo Dược Hà Thủ Ô 2in1 Làm Sạch Da Đầu Cỏ Cây Hoa Lá 450g,Cocayhoala,Dầu gội đầu,246500.0,4.9,Pharmacity_VN,VND,246500.0
ORD00969,C0068,Dương Hữu Minh,40,Nam,TP. Hồ Chí Minh,P03308,1,34200,2026-09-24,Tiền mặt,Lưỡi Dao Cạo Râu VECTOR GILLETTE (2 Lưỡi/Vỉ),Gillette,Dao cạo râu & Bọt cạo râu,34200.0,5.0,Pharmacity_VN,VND,34200.0
ORD00970,C0197,Đặng Thị Mai,21,Nữ,Hải Phòng,P07038,5,1050000,2026-09-24,Tiền mặt,Dầu Gội CLEAR Bạc Hà Mát Lạnh Sạch Gàu (chai 630g),Clear,Dầu gội đầu,210000.0,4.76,Pharmacity_VN,VND,210000.0
ORD00971,C0306,Lê Văn Châu,31,Nam,Hà Nội,P25084,1,12000,2026-09-24,COD,Băng vệ sinh ban ngày siêu mỏng không cánh Kotex Gardenia Deo+ 23cm (8 miếng),Kotex,Băng vệ sinh,12000.0,4.71,Pharmacity_VN,VND,12000.0
ORD00972,C0330,Vũ Thị Vi,36,Nữ,Hải Phòng,P00596,2,168300,2026-09-24,Tiền mặt,Dầu Gội SELSUN Anti Dandruff Giảm Gàu và Giảm Ngứa Da Đầu (Chai 100ml),Selsun,Dầu gội đầu,84150.0,4.91,Pharmacity_VN,VND,84150.0
ORD00973,C0240,Vũ Thu Linh,39,Nữ,TP. Hồ Chí Minh,P20093,3,315000,2026-09-24,Thẻ ngân hàng,Bộ Đôi Bàn Chải Đánh Răng COLGATE Cushion Clean,Colgate,Bàn chải đánh răng,105000.0,4.66,Pharmacity_VN,VND,105000.0
ORD00974,C0231,Trần Quốc Thành,23,Nam,TP. Hồ Chí Minh,P27856,1,139000,2026-09-25,COD,"Sữa tắm Pharmacity Làm Sạch, Kháng Khuẩn – Dưỡng ẩm da (Chai 850ml)",Pharmacity,Sữa tắm,139000.0,4.85,Pharmacity_VN,VND,139000.0
ORD00975,C0232,Nguyễn Minh Châu,32,Nam,Hải Phòng,P19807,2,142000,2026-09-25,COD,Dung Dịch Vệ Sinh Phụ Nữ Lactacyd Pro Sensitive (150ml),Sanofi CHC (Lactacyd brand),Dung dịch vệ sinh phụ nữ,71000.0,4.71,Pharmacity_VN,VND,71000.0
ORD00976,C0265,Phạm Thu Hồng,27,Nữ,Hà Nội,P14296,2,120000,2026-09-25,COD,Nước Súc Miệng THÁI DƯƠNG Valentine (chai 500ml),Thai Duong,Nước súc miệng,60000.0,4.94,Pharmacity_VN,VND,60000.0
ORD00977,C0216,Nguyễn Thu Xuân,38,Nữ,TP. Hồ Chí Minh,P27850,1,40000,2026-09-25,Ví điện tử,Sữa Vệ Sinh Phụ Nữ Shema Lá Đôi Xanh (200ml),Shema Baby,Dung dịch vệ sinh phụ nữ,40000.0,4.61,Pharmacity_VN,VND,40000.0
ORD00978,C0304,Mai Mỹ Hồng,36,Nữ,TP. Hồ Chí Minh,P03307,1,29600,2026-09-25,COD,Dao Cạo Râu GILLETTE VECTOR PLUS RAZOR 1UP (1 Cái/Vỉ),Gillette,Dao cạo râu & Bọt cạo râu,29600.0,4.92,Pharmacity_VN,VND,29600.0
ORD00979,C0249,Bùi Mỹ Duyên,48,Nữ,TP. Hồ Chí Minh,P28071,1,84000,2026-09-25,COD,"Pharmacity Dầu xả Argan Oil mềm mượt, giảm hư tổn (Chai 200ml)",Pharmacity,Dầu xả,84000.0,4.6,Pharmacity_VN,VND,84000.0
ORD00980,C0136,Trần Mỹ Chi,45,Nữ,TP. Hồ Chí Minh,P12837,5,185000,2026-09-25,Ví điện tử,Quần lót miễn giặt cho nữ Travel-Mate size XL (5 cái/gói),Travel-Mate,Sản phẩm vệ sinh khác,37000.0,4.57,Pharmacity_VN,VND,37000.0
ORD00981,C0298,Phạm Quốc Tú,33,Nam,Hà Nội,P18208,1,83000,2026-09-26,Ví điện tử,Băng vệ sinh ban đêm siêu thấm có cánh Diana Supernight 35cm (Gói 12 miếng),Diana,Băng vệ sinh,83000.0,4.96,Pharmacity_VN,VND,83000.0
ORD00982,C0039,Vũ Mỹ Yến,18,Nữ,Hải Phòng,P11350,1,31000,2026-09-26,COD,Pharmacity Bàn chải đánh răng cho răng nhạy cảm Sensitive,Pharmacity,Bàn chải đánh răng,31000.0,4.72,Pharmacity_VN,VND,31000.0
ORD00983,C0326,Hoàng Thị Yến,18,Nữ,Đà Nẵng,P27991,1,87200,2026-09-26,Thẻ ngân hàng,Kem đánh răng Colgate Total Plaque (tuýp 95g),Colgate,Kem đánh răng,87200.0,4.85,Pharmacity_VN,VND,87200.0
ORD00984,C0089,Nguyễn Quốc Quang,25,Nam,Hà Nội,P03680,2,182000,2026-09-26,Ví điện tử,Lăn khử mùi Enchantuer Charming Enchantuer Deluxe Anti-Perspirant Deodorant Charming (50ml),Enchanteur,Lăn khử mùi,91000.0,4.58,Pharmacity_VN,VND,91000.0
ORD00985,C0056,Vũ Ngọc Yến,39,Nữ,Cần Thơ,P30408,2,348000,2026-09-26,Thẻ ngân hàng,Sáp Khử Mùi Xmen For Boss Luxury Trắng 70g,X Men,Khử mùi cho nam,174000.0,4.61,Pharmacity_VN,VND,174000.0
ORD00986,C0224,Lê Thu Vi,18,Nữ,TP. Hồ Chí Minh,P29692,2,178000,2026-09-27,COD,Kem nhuộm tóc GARNIER màu 5.32 Nâu Caramel 30ml+30g/gói,Garnier,Nhuộm tóc,89000.0,4.85,Pharmacity_VN,VND,89000.0
ORD00987,C0162,Trần Mỹ Dương,38,Nữ,Đà Nẵng,P18032,1,25000,2026-09-27,Ví điện tử,Băng vệ sinh Kotex Max Cool siêu mỏng cánh (gói 8 miếng),Kotex,Băng vệ sinh,25000.0,4.8,Pharmacity_VN,VND,25000.0
ORD00988,C0230,Lê Thị Vi,37,Nữ,TP. Hồ Chí Minh,P10495,3,114750,2026-09-27,Tiền mặt,Bàn Chải Đánh Răng ORAL-B Tinh Chất Trà Đen Chăm Sóc Nướu,Oral-B,Bàn chải đánh răng,38250.0,4.95,Pharmacity_VN,VND,38250.0
ORD00989,C0078,Trần Ngọc Ánh,27,Nữ,TP. Hồ Chí Minh,P10412,1,19000,2026-09-27,Thẻ ngân hàng,Bàn chải đánh răng trẻ em từ 2 đến 6 tuổi P/S siêu mềm,P/S,Bàn chải đánh răng,19000.0,4.88,Pharmacity_VN,VND,19000.0
ORD00990,C0153,Hoàng Minh Tùng,23,Nam,Hà Nội,P04214,4,424000,2026-09-28,Thẻ ngân hàng,Dung Dịch Vệ Sinh Phụ Nữ Lactacyd Soft & Silky (250ml),Sanofi CHC (Lactacyd brand),Dung dịch vệ sinh phụ nữ,106000.0,4.57,Pharmacity_VN,VND,106000.0
ORD00991,C0248,Đặng Quốc Dũng,23,Nam,Hà Nội,P23056,2,550000,2026-09-28,Thẻ ngân hàng,Nước súc miệng ngừa viêm nướu Kin B5 (Chai 500ml),Kin B5,Nước súc miệng,275000.0,4.51,Pharmacity_VN,VND,275000.0
ORD00992,C0182,Lê Mỹ Xuân,21,Nữ,Hà Nội,P14247,4,184000,2026-09-28,Tiền mặt,Kem Đánh Răng CLOSE UP Thơm Mát Tự Nhiên Dầu Quất và Thảo Dược (tuýp 180g),Close up,Kem đánh răng,46000.0,4.9,Pharmacity_VN,VND,46000.0
ORD00993,C0003,Phạm Văn Hoàng,36,Nam,TP. Hồ Chí Minh,P18080,1,57000,2026-09-28,Thẻ ngân hàng,Nước Súc Miệng Trẻ Em LISTERINE Vị Không Cay (Chai 250ml),Listerine,Nước súc miệng,57000.0,4.72,Pharmacity_VN,VND,57000.0
ORD00994,C0210,Mai Mỹ Ngọc,69,Nữ,Hải Phòng,P13012,2,175000,2026-09-28,COD,"Pharmacity Dầu gội Olive Oil phục hồi, giảm khô tóc (Chai 490ml)",Pharmacity,Dầu gội đầu,87500.0,4.77,Pharmacity_VN,VND,87500.0
ORD00995,C0103,Đặng Thu Chi,27,Nữ,Đà Nẵng,P10414,1,43000,2026-09-29,COD,Kem Đánh Răng P/S Green Tea Trà Xanh (Tuýp 180g),P/S,Kem đánh răng,43000.0,4.99,Pharmacity_VN,VND,43000.0
ORD00996,C0159,Nguyễn Minh Minh,18,Nam,TP. Hồ Chí Minh,P10766,1,10000,2026-09-29,Thẻ ngân hàng,Nước Muối VĨNH PHÚC Natri Clorid 0.9% chai làm sạch răng miệng (500ml),Vinh Phuc,Nước súc miệng,10000.0,4.99,Pharmacity_VN,VND,10000.0
ORD00997,C0225,Lê Quốc Huy,25,Nam,TP. Hồ Chí Minh,P28807,2,136000,2026-09-30,Tiền mặt,Pharmacity Dung dịch vệ sinh phụ nữ dạng bọt hương thơm tươi mát (Chai 100ml),Pharmacity,Dung dịch vệ sinh phụ nữ,68000.0,4.83,Pharmacity_VN,VND,68000.0
ORD00998,C0269,Bùi Thị Vân,26,Nữ,Hà Nội,P21161,2,344000,2026-09-30,Thẻ ngân hàng,Sữa Tắm LIFEBUOY Bảo Vệ Vượt Trội 10 Giúp Bảo Vệ Khỏi Vi Khuẩn Gây Bệnh (chai 800g),Lifebuoy,Sữa tắm,172000.0,4.85,Pharmacity_VN,VND,172000.0
ORD00999,C0110,Phạm Mỹ Ngọc,29,Nữ,TP. Hồ Chí Minh,P11331,2,57600,2026-09-30,Tiền mặt,Kem tẩy lông cho da nhạy cảm Cléo Hair Removal Cream Sensitive Skin (Tuýp 25g),Cleo,Hỗ trợ tẩy lông,28800.0,4.82,Pharmacity_VN,VND,28800.0
ORD01000,C0252,Phạm Thị Thảo,39,Nữ,Hà Nội,P10956,1,45000,2026-09-30,Tiền mặt,Băng vệ sinh siêu mỏng cánh Sofy Skin Comfort Ultra Thin 26cm (8 miếng/gói),Sofy,Băng vệ sinh,45000.0,4.95,Pharmacity_VN,VND,45000.0
