ProductID,ProductName,Category,CategoryCode,SourceSlug,Brand,Price,OriginalPrice,DiscountPercent,Unit,Rating,TotalSold,URL
P07609,Lăn Khử Mùi NIVEA Ngọc Trai Quyến Rũ (chai 25ml),Lăn khử mùi,lan-khu-mui,san-pham-khu-mui,Nivea,49500,49500,0.0,Chai,4.75,7423,https://www.pharmacity.vn/nivea-lkm-nu-ngoc-trai-25ml
P00326,Bột Khử Mùi TRAPHA Hỗ Trợ Khử Mùi (chai 30g),Sáp khử mùi,sap-khu-mui,san-pham-khu-mui,Trapha,18000,18000,0.0,Hộp,4.66,19906,https://www.pharmacity.vn/bot-khu-mui-trapha-30g
P26024,Sáp Khử Mùi NIVEA Ngọc Trai Quyến Rũ (Chai 50ml),Sáp khử mùi,sap-khu-mui,san-pham-khu-mui,Nivea,68250,105000,35.0,Chai,4.6,7040,https://www.pharmacity.vn/nivea-sap-khu-mui-ngoc-trai-dep-quyen-ru-chai-50ml
P03828,Xịt Ngăn Mùi NIVEA Extra Whitening Trắng Mịn Mờ Vết Thâm (Chai 150ml),Xịt khử mùi,xit-khu-mui,san-pham-khu-mui,Nivea,116000,116000,0.0,Chai,4.87,5487,https://www.pharmacity.vn/nivea-xkm-nu-xoa-mo-vet-tham-bao-ve-48h-150ml
P17958,Lăn Khử Mùi ETIAXIL Dành Cho Da Nhạy Cảm (chai 15ml),Lăn khử mùi,lan-khu-mui,san-pham-khu-mui,Etiaxil,270100,370000,27.0,Chai,4.69,7060,https://www.pharmacity.vn/etiaxil-lan-khu-mui-dac-tri-danh-cho-da-nhay-cam-aisselles-sensibles-15ml
P17959,Lăn Khử Mùi ETIAXIL Dành Cho Da Siêu Nhạy Cảm (chai 15ml),Lăn khử mùi,lan-khu-mui,san-pham-khu-mui,Etiaxil,270100,370000,27.0,Chai,4.94,6807,https://www.pharmacity.vn/etiaxil-lan-khu-mui-dac-tri-danh-cho-da-rat-nhay-cam-aisselles-confort-15ml
P37309,Lăn Khử Mùi Stopirex dành cho da nhạy cảm 30ml,Lăn khử mùi,lan-khu-mui,san-pham-khu-mui,Stopirex,263200,329000,20.0,Chai,4.54,7002,https://www.pharmacity.vn/stopirex-LKM-danh-cho-da-nhay-cam-30ml
P03832,Lăn Khử Mùi NIVEA Ngọc Trai Quyến Rũ (chai 50ml),Lăn khử mùi,lan-khu-mui,san-pham-khu-mui,Nivea,97000,97000,0.0,Chai,4.88,6985,https://www.pharmacity.vn/nivea-lkm-nu-ngoc-trai-50ml
P03680,Lăn khử mùi Enchantuer Charming Enchantuer Deluxe Anti-Perspirant Deodorant Charming (50ml),Lăn khử mùi,lan-khu-mui,san-pham-khu-mui,Enchanteur,91000,91000,0.0,Chai,4.58,5493,https://www.pharmacity.vn/enchantuer-lkm-trang-charming-vang-50ml
P03829,Xịt Ngăn Mùi NIVEA Ngọc Trai Quyến Rũ (chai 150ml),Xịt khử mùi,xit-khu-mui,san-pham-khu-mui,Nivea,115000,115000,0.0,Chai,4.72,7391,https://www.pharmacity.vn/xit-ngan-mui-nivea-anti-perspirant-pearl--beauty-150ml
P03833,Lăn Khử Mùi NIVEA Extra Whitening Trắng Mịn Mờ Vết Thâm (chai 50ml),Lăn khử mùi,lan-khu-mui,san-pham-khu-mui,Nivea,97000,97000,0.0,Chai,4.71,7972,https://www.pharmacity.vn/lan-khu-mui-nivea-extra-whitening-roll-on-50ml
P17499,Xịt Khử Mùi REFRE Whietening Perfume Deluxe Hương Nước Hoa Sang Trọng (30ml),Xịt khử mùi,xit-khu-mui,san-pham-khu-mui,Refre,57800,68000,15.0,Chai,4.61,8128,https://www.pharmacity.vn/xit-khu-mui-huong-nuoc-hoa-refre-deluxe-huong-sang-trong-30ml
P16681,Xịt Ngăn Mùi NIVEA Whitening Deep Trắng Da Chuyên Sâu (chai 150ml),Xịt khử mùi,xit-khu-mui,san-pham-khu-mui,Nivea,78600,131000,40.0,Chai,4.63,7615,https://www.pharmacity.vn/xit-khu-mui-duong-trang-huong-hoa-hong-hokkaido-nivea-150ml
P07423,"Sữa Tắm PURITE Cherry Blossom Hương Hoa Anh Đào làm dịu da, lưu hương trên da. (chai 500ml)",Sữa tắm,sua-tam,san-pham-phong-tam,Purite,175000,175000,0.0,Chai,4.89,6740,https://www.pharmacity.vn/sua-tam-hoa-anh-dao-purite-by-provence-500ml
P22275,Sữa Tắm LIFEBUOY Chăm Sóc Da Giúp Bảo Vệ Khỏi Vi Khuẩn Gây Bệnh (chai 800ml),Sữa tắm,sua-tam,san-pham-phong-tam,Lifebuoy,172000,172000,0.0,Chai,4.62,6179,https://www.pharmacity.vn/lifebuoy-sua-tam-cham-soc-da-850g-chai
P18621,FELIZ BODY WASH VANILLA SCENT (1L),Sữa tắm,sua-tam,san-pham-phong-tam,Feliz,67500,135000,50.0,Chai,4.81,6899,https://www.pharmacity.vn/feliz-body-wash-vanilla-scent-1l
P20100,Pharmacity Natural Care Sữa Tắm Chiết Xuất Mật Ong Và Lô Hội (Chai 550ml),Sữa tắm,sua-tam,san-pham-phong-tam,Pharmacity,36000,36000,0.0,Chai,4.71,6841,https://www.pharmacity.vn/pharmacity-natural-care-body-wash-tinh-chat-mat-ong-manuka-va-chiet-xuat-lo-hoi-550g
P29765,Sữa tắm Lifebuoy Thảo dược & Hoa sen 800g,Sữa tắm,sua-tam,san-pham-phong-tam,Lifebuoy,184500,225000,18.0,Chai,4.77,10075,https://www.pharmacity.vn/sua-tam-lifebuoy-thao-duoc--hoa-sen-800g
P29766,Sữa tắm Lifebuoy Cica & Muối hồng 800g,Sữa tắm,sua-tam,san-pham-phong-tam,Lifebuoy,184500,225000,18.0,Chai,4.6,5526,https://www.pharmacity.vn/sua-tam-lifebuoy-cica--muoi-hong-800g
P29713,Feliz  Sữa tắm chiết xuất sữa dê (Chai 1 lít),Sữa tắm,sua-tam,san-pham-phong-tam,Pharmacity,135000,135000,,Chai,4.91,4482,https://www.pharmacity.vn/sua-tam-chiet-xuat-sua-de-feliz-body-wash-goats-milk-1l
P29716,Feliz Sữa tắm hương dưa lưới (Chai 1 lít),Sữa tắm,sua-tam,san-pham-phong-tam,Pharmacity,135000,135000,,Chai,4.99,6005,https://www.pharmacity.vn/sua-tam-huong-dua-luoi-feliz-body-wash-melon-scent-1l
P27757,Pharmacity Nước rửa tay chăm sóc toàn diện (Chai 500ml),Nước rửa tay,nuoc-rua-tay,san-pham-phong-tam,Pharmacity,75000,75000,,Chai,4.72,8954,https://www.pharmacity.vn/pmc-nuoc-rua-tay-cham-soc-toan-dien-500ml-n
P28162,Sữa tắm dược liệu Thuần Mộc (Chai 300ml),Sữa tắm,sua-tam,san-pham-phong-tam,Thuan Moc,199000,199000,0.0,Chai,4.6,5618,https://www.pharmacity.vn/thuan-moc-sua-tam-duoc-lieu-300mlchai
P01548,Nước Rửa Tay LIFEBUOY Bảo Vệ Vượt Trội (chai 177ml),Nước rửa tay,nuoc-rua-tay,san-pham-phong-tam,Lifebuoy,33120,36000,8.0,Chai,4.8,9002,https://www.pharmacity.vn/nuoc-rua-tay-sach-khuan-bao-ve-vuot-troi-lifebuoy-177ml
P07541,Sữa tắm dưỡng ẩm Johnson's pH 5.5  2 trong 1 (750 ml),Sữa tắm,sua-tam,san-pham-phong-tam,Johnson,196000,196000,0.0,Chai,4.68,6372,https://www.pharmacity.vn/sua-tam-duong-am-johnsons-ph-55-2-trong-1-750-ml
P17550,Nước Rửa Tay LIFEBUOY Matcha và Lô Hội (chai 450g),Nước rửa tay,nuoc-rua-tay,san-pham-phong-tam,Lifebuoy,77000,77000,0.0,Chai,4.54,7633,https://www.pharmacity.vn/nuoc-rua-tay-lifebuoy-matcha-va-nha-dam-chai-500g
P21157,Xà Phòng Tắm PELICAN Giúp Giảm Mụn Lưng (135g),Xà bông cục,xa-bong-cuc,san-pham-phong-tam,Pelican,149000,149000,0.0,Cục,4.51,7207,https://www.pharmacity.vn/xa-phong-tam-tri-mun-lung-pelican-for-back-135g
P27856,"Sữa tắm Pharmacity Làm Sạch, Kháng Khuẩn – Dưỡng ẩm da (Chai 850ml)",Sữa tắm,sua-tam,san-pham-phong-tam,Pharmacity,139000,139000,0.0,Chai,4.85,4178,https://www.pharmacity.vn/sua-tam-pharmacity-lam-sach-khang-khuan--duong-am-da-chai-850ml
P28074,Sữa tắm chứa hạt Peach & Peony Pharmacity (Chai 400g),Sữa tắm,sua-tam,san-pham-phong-tam,Pharmacity,40000,40000,0.0,Chai,4.86,6043,https://www.pharmacity.vn/sua-tam-chua-hat-peach-peony-pharmacity-chai-400g
P29715,Feliz Sữa tắm hương Vanilla (Chai 1 lít),Sữa tắm,sua-tam,san-pham-phong-tam,Pharmacity,135000,135000,,Chai,4.97,3971,https://www.pharmacity.vn/sua-tam-huong-vanilla-feliz-body-wash-vanilla-scent-chai-1-lit
P29768,Xịt rửa tay khô sát khuẩn TH.A 100ml,Nước rửa tay,nuoc-rua-tay,san-pham-phong-tam,TH-A,38000,38000,0.0,Chai,4.73,10389,https://www.pharmacity.vn/xit-rua-tay-kho-sat-khuan-tha-100ml
P29769,Gel rửa tay khô sát khuẩn TH.A 120ml,Nước rửa tay,nuoc-rua-tay,san-pham-phong-tam,TH-A,42000,42000,0.0,Chai,4.7,10223,https://www.pharmacity.vn/gel-rua-tay-kho-sat-khuan-tha-120ml
P30257,Xịt rửa tay PURE FRESH hương Melon (30ml),Nước rửa tay,nuoc-rua-tay,san-pham-phong-tam,Pure Fresh,89000,89000,0.0,Chai,4.76,2129,https://www.pharmacity.vn/xit-rua-tay-pure-fresh-huong-melon-30ml
P17551,Nước Rửa Tay LIFEBUOY Bảo Vệ Vượt Trội 10 (túi 400g),Nước rửa tay,nuoc-rua-tay,san-pham-phong-tam,Lifebuoy,64000,64000,0.0,Túi,4.78,7748,https://www.pharmacity.vn/nuoc-rua-tay-lifebuoy-bao-ve-vuot-troi-10-450g
P17538,Xà Phòng Tắm LIFEBUOY Matcha và Khổ Qua Bảo Vệ Khỏi Vi Khuẩn (90g),Xà bông cục,xa-bong-cuc,san-pham-phong-tam,Lifebuoy,20000,20000,0.0,Cục,4.95,9779,https://www.pharmacity.vn/xa-phong-lifebuoy-matcha-kho-qua-banh-90g
P18620,Sữa tắm hương Hoa hồng Feliz Body Wash Rose (Chai 1 lít),Sữa tắm,sua-tam,san-pham-phong-tam,Feliz,67500,135000,50.0,Chai,4.54,10793,https://www.pharmacity.vn/feliz-body-wash-rose-scent-1l
P21161,Sữa Tắm LIFEBUOY Bảo Vệ Vượt Trội 10 Giúp Bảo Vệ Khỏi Vi Khuẩn Gây Bệnh (chai 800g),Sữa tắm,sua-tam,san-pham-phong-tam,Lifebuoy,172000,172000,0.0,Chai,4.85,5692,https://www.pharmacity.vn/sua-tam-bao-ve-vuot-troi-lifebuoy-chai-850g
P27758,Pharmacity Nước rửa tay bảo vệ tối ưu (Chai 200ml),Nước rửa tay,nuoc-rua-tay,san-pham-phong-tam,Pharmacity,34000,34000,0.0,Chai,4.79,8342,https://www.pharmacity.vn/pmc-nuoc-rua-tay-bao-ve-toi-uu-200ml-n
P29767,Dung dịch rửa tay khô sát khuẩn TH.A 500ml,Nước rửa tay,nuoc-rua-tay,san-pham-phong-tam,TH-A,89000,89000,0.0,Chai,4.63,2006,https://www.pharmacity.vn/dung-dich-rua-tay-kho-sat-khuan-tha-500ml
P28075,Pharmacity Nước rửa tay làm sạch và dưỡng ẩm hương Peach & Peony (Chai 500ml),Nước rửa tay,nuoc-rua-tay,san-pham-phong-tam,Pharmacity,30000,30000,0.0,Chai,4.86,8167,https://www.pharmacity.vn/nuoc-rua-tay-lam-sach-va-duong-am-huong-peach-peony-pharmacity-chai-500ml
P28114,Sữa tắm thảo dược gừng nghệ Cỏ Cây Hoa Lá (Túi 30g),Sữa tắm,sua-tam,san-pham-phong-tam,Cocayhoala,29000,29000,0.0,Túi,4.59,10164,https://www.pharmacity.vn/cocayhoala-sua-tam-thao-duoc-gung-nghe-30g
P30259,Xịt rửa tay PURE FRESH hương Peppermint & Vani (30ml),Nước rửa tay,nuoc-rua-tay,san-pham-phong-tam,Pure Fresh,89000,89000,0.0,Chai,4.64,3509,https://www.pharmacity.vn/xit-rua-tay-pure-fresh-huong-peppermint-vani-30ml
P30706,LoveBody Sữa tắm Bơ Shea Sữa Dừa (Chai 550ml),Sữa tắm,sua-tam,san-pham-phong-tam,LoveBody,62500,125000,50.0,Chai,4.58,7795,https://www.pharmacity.vn/sua-tam-thien-nhien-huong-bo-shea-sua-dua-chai-550ml
P02195,Nước Rửa Tay GREEN CROSS Hương Trà Xanh (chai 100ml),Nước rửa tay,nuoc-rua-tay,san-pham-phong-tam,Green Cross,21600,24000,10.0,Chai,4.95,12319,https://www.pharmacity.vn/nuoc-rua-tay-huong-tra-xanh-green-cross-100ml
P01547,Nước Rửa Tay LIFEBUOY Chăm Sóc Da (chai 177ml),Nước rửa tay,nuoc-rua-tay,san-pham-phong-tam,Lifebuoy,32200,35000,8.0,Chai,4.78,7658,https://www.pharmacity.vn/nuoc-rua-tay-sach-khuan-cham-soc-da-lifebuoy-177ml
P07542,Sữa tắm dưỡng ẩm Johnson's pH 5.5  với dầu hạnh nhân (750ml),Sữa tắm,sua-tam,san-pham-phong-tam,Johnson,147000,196000,25.0,Chai,4.99,7793,https://www.pharmacity.vn/sua-tam-duong-am-johnsons-ph-5-5-voi-dau-hanh-nhan-750ml
P20101,Pharmacity Natural Care Sữa Tắm Chiết Xuất Tràm Trà Và Hương Thảo (Chai 550ml),Sữa tắm,sua-tam,san-pham-phong-tam,Pharmacity,36000,36000,0.0,Chai,4.73,8787,https://www.pharmacity.vn/pharmacity-natural-care-body-wash-chiet-xuat-lo-hoi-va-tram-tra-550g
P27855,"Sữa tắm Pharmacity Làm Sạch, Kháng Khuẩn – Chăm sóc da (Chai 850ml)",Sữa tắm,sua-tam,san-pham-phong-tam,Pharmacity,139000,139000,0.0,Chai,4.99,3702,https://www.pharmacity.vn/sua-tam-pharmacity-lam-sach-khang-khuan--cham-soc-da-chai-850ml
P27756,Nước rửa tay Pharmacity bảo vệ tối ưu (Chai 500ml) - New,Nước rửa tay,nuoc-rua-tay,san-pham-phong-tam,Pharmacity,75000,75000,,Chai,4.65,11694,https://www.pharmacity.vn/pmc-nuoc-rua-tay-bao-ve-toi-uu-500ml-n
P29714,Feliz Sữa tắm hương hoa hồng (Chai 1 lít),Sữa tắm,sua-tam,san-pham-phong-tam,Pharmacity,135000,135000,,Chai,4.71,7894,https://www.pharmacity.vn/sua-tam-huong-hoa-hong-feliz-body-wash-rose-scent-chai-1-lit
P30705,LoveBody Sữa tắm Oải Hương Mật Ong (Chai 550ml),Sữa tắm,sua-tam,san-pham-phong-tam,LoveBody,62500,125000,50.0,Chai,4.71,1458,https://www.pharmacity.vn/sua-tam-thien-nhien-huong-oai-huong-mat-ong-lovebody-chai-550ml
P29978,Sữa Tắm Anok Dưỡng Ẩm Smoothing & Hydrating 300ml/Chai,Sữa tắm,sua-tam,san-pham-phong-tam,Anok,217500,290000,25.0,Chai,4.73,6693,https://www.pharmacity.vn/sua-tam-anok-duong-am-smoothing-hydrating-300ml-chai
P30258,Xịt rửa tay PURE FRESH hương Cherry Blossom (30ml),Nước rửa tay,nuoc-rua-tay,san-pham-phong-tam,Pure Fresh,89000,89000,0.0,Chai,4.95,9323,https://www.pharmacity.vn/xit-rua-tay-pure-fresh-huong-cherry-blossom-30ml
P03374,Nước Rửa Tay LIFEBUOY Bảo Vệ Vượt Trội giúp loại bỏ vi khuẩn (chai 450g),Nước rửa tay,nuoc-rua-tay,san-pham-phong-tam,Lifebuoy,71760,78000,8.0,Chai,4.97,11397,https://www.pharmacity.vn/nuoc-rua-tay-lifebouy-sach-khuan-bao-ve-vuot-troi-chai-493ml
P04079,Xịt Rửa Tay GREEN CROSS Hương Trà Xanh (chai 70ml),Nước rửa tay,nuoc-rua-tay,san-pham-phong-tam,Green Cross,33500,33500,0.0,Chai,4.99,9941,https://www.pharmacity.vn/green-cross-xit-rt-tra-xanh-70ml
P08694,"Sữa Tắm TÂY THI Hạn Chế Viêm Lỗ Chân Lông, Viêm Da và Mụn Trứng Cá (tuýp 200ml)",Sữa tắm,sua-tam,san-pham-phong-tam,Tay Thi,73000,73000,,Tuýp,4.56,6609,https://www.pharmacity.vn/sua-tam-duong-trang-khang-viem-tay-thi-200ml
P12966,Sữa Tắm LIFEBUOY Matcha & Khổ Qua giúp kháng khuẩn cho da (800g),Sữa tắm,sua-tam,san-pham-phong-tam,Lifebuoy,184500,225000,18.0,Chai,4.98,8286,https://www.pharmacity.vn/sua-tam-matcha-va-kho-qua-lifebuoy-850g
P20102,Pharmacity Natural Care Sữa Tắm Chiết Xuất Mâm Xôi Và Cam Thảo (Chai 550ml),Sữa tắm,sua-tam,san-pham-phong-tam,Pharmacity,36000,36000,0.0,Chai,4.93,8471,https://www.pharmacity.vn/pharmacity-natural-care-body-wash-huong-luu-do-va-chiet-xuat-lo-hoi-550g
P21162,Sữa Tắm HATOMUGI Hỗ Trợ Làm Sáng Da (chai 800ml),Sữa tắm,sua-tam,san-pham-phong-tam,Hatomugi,140000,175000,20.0,Chai,4.63,7744,https://www.pharmacity.vn/sua-tam-trang-da-hatomugi-800ml
P22673,Sữa Tắm NEUTROGENA Rainbath Refreshing Shower & Bath Gel Tươi Mát Và Mịn Màng (473ml),Sữa tắm,sua-tam,san-pham-phong-tam,Neutrogena,312000,312000,,Chai,4.75,6188,https://www.pharmacity.vn/neutrogena-sua-tam-duong-am-tuoi-moi-dang-gel-473ml
P30704,LoveBody Sữa tắm Cám Gạo Hoa Sen (Chai 550ml),Sữa tắm,sua-tam,san-pham-phong-tam,LoveBody,62500,125000,50.0,Chai,4.98,8064,https://www.pharmacity.vn/sua-tam-thien-nhien-huong-cam-gao-hoa-sen-lovebody-chai-550ml
P07424,"Sữa Tắm PURITE Rose Hương Hoa Hồng giúp giữ ẩm da, sáng da (chai 500ml)",Sữa tắm,sua-tam,san-pham-phong-tam,Purite,143650,169000,15.0,Chai,4.74,5292,https://www.pharmacity.vn/sua-tam-chiet-xuat-hoa-hong-purite-by-provence-500ml
P17552,Nước Rửa Tay LIFEBUOY Chăm Sóc Da (túi 400g),Nước rửa tay,nuoc-rua-tay,san-pham-phong-tam,Lifebuoy,64000,64000,0.0,Chai,4.71,6407,https://www.pharmacity.vn/nuoc-rua-tay-lifebuoy-cham-soc-da-tui-450g
P18648,Gel Diệt Khuẩn Tay LIFEBUOY Total 10 (chai 50ml),Nước rửa tay,nuoc-rua-tay,san-pham-phong-tam,Lifebuoy,22400,32000,30.0,Chai,4.9,8463,https://www.pharmacity.vn/xit-rua-tay-bao-ve-vuot-troi-lifebuoy-50ml
P17624,Dầu gội PANTENE Pro-V Hair Fall Control Ngăn Rụng Tóc (chai 650ml),Dầu gội đầu,dau-goi-dau,cham-soc-toc,Pantene,189000,189000,0.0,Chai,4.85,7098,https://www.pharmacity.vn/dau-goi-ngan-rung-toc-pantene-650ml
P22881,Dầu Gội Thảo Dược Hà Thủ Ô 2in1 Làm Sạch Da Đầu Cỏ Cây Hoa Lá 450g,Dầu gội đầu,dau-goi-dau,cham-soc-toc,Cocayhoala,246500,290000,15.0,Chai,4.9,6400,https://www.pharmacity.vn/cocayhoala-dau-goi-2-in-1-ha-thu-o-450g
P22887,Dầu Xả COCOON Tinh Dầu Bưởi Giúp Giảm Gãy Rụng và Làm Mềm Tóc chai 310ml,Dầu xả,dau-xa,cham-soc-toc,Cocoon,195000,195000,0.0,Chai,4.67,6913,https://www.pharmacity.vn/dau-xa-cocoon-tinh-dau-buoi-giup-giam-gay-rung-va-lam-mem-toc-chai-310ml
P28113,Dầu xả thảo dược gừng sả Cỏ Cây Hoa Lá dưỡng tóc mềm mại tự nhiên (Túi 30g),Dầu xả,dau-xa,cham-soc-toc,Cocayhoala,29000,29000,0.0,Túi,4.84,9983,https://www.pharmacity.vn/cocayhoala-dau-xa-thao-duoc-gung-sa-30g
P28567,Dầu gội dược liệu Nguyên Xuân xanh cho tóc hư tổn (Chai 450ml/520g),Dầu gội đầu,dau-goi-dau,cham-soc-toc,Nguyen Xuan,183000,183000,0.0,Chai,4.99,9405,https://www.pharmacity.vn/dau-goi-duoc-lieu-nguyen-xuan-xanh-cho-toc-hu-ton-chai-450ml520g
P29689,Kem Nhuộm Tóc Garnier Màu 3 Nâu Đen (50g+50ml+5g/Hộp),Nhuộm tóc,nhuom-toc,cham-soc-toc,Garnier,149000,149000,,Hộp,4.93,6808,https://www.pharmacity.vn/kem-nhuom-toc-garnier-mau-3-nau-den-50g50ml5ghop
P29696,Dầu xả L'ORÉAL PARIS dưỡng tóc suôn mượt 440ml/chai,Dầu xả,dau-xa,cham-soc-toc,L'oreal,289000,289000,,Chai,4.86,2444,https://www.pharmacity.vn/-dau-xa-loreal-paris-duong-toc-suon-muot-440mlchai
P29975,Dầu Gội Anok Giúp Giảm Rụng Tóc Anti Hair Loss 400ml/Chai,Dầu gội đầu,dau-goi-dau,cham-soc-toc,Anok,270000,360000,25.0,Chai,4.8,1824,https://www.pharmacity.vn/dau-goi-anok-giam-rung-toc-anti-hair-loss-400ml-chai
P29976,Dầu Xả Anok Dưỡng Tóc Airy Moist Treatment 400ml/Chai,Dầu xả,dau-xa,cham-soc-toc,Anok,270000,360000,25.0,Chai,4.86,4549,https://www.pharmacity.vn/dau-xa-anok-duong-toc-airy-moist-treatment-400ml-chai
P37395,Dầu Gội Head & Shoulders Sạch Gàu Da Đầu Dầu Clinical Strength Advanced Oil Control 400ml,Dầu gội đầu,dau-goi-dau,cham-soc-toc,Head & Shoulders,224000,280000,20.0,Chai,4.67,5836,https://www.pharmacity.vn/dau-goi-hs-clinical-strength-tri-gau-da-dau-dau-400ml
P00244,Dầu Gội Dược Liệu THÁI DƯƠNG 3 Hương Lá Sạch Gàu Mềm Mượt (200ml),Dầu gội đầu,dau-goi-dau,cham-soc-toc,Thai Duong,60000,60000,0.0,Chai,4.76,7638,https://www.pharmacity.vn/dau-goi-duoc-lieu-sach-gau-suon-mem-huong-la-thai-duong-3-200ml
P00248,Dầu Gội Dược Liệu THÁI DƯƠNG 3 Hương Hoa Giảm Gàu (chai 200ml),Dầu gội đầu,dau-goi-dau,cham-soc-toc,Thai Duong,60000,60000,0.0,Chai,4.82,8937,https://www.pharmacity.vn/dau-goi-duoc-lieu-sach-gau-suon-mem-huong-hoa-thai-duong-3-200ml
P00997,Dầu Gội Dược Liệu THÁI DƯƠNG 7 Dưỡng Tóc (chai 200ml),Dầu gội đầu,dau-goi-dau,cham-soc-toc,Thai Duong,100000,100000,,Chai,4.68,9064,https://www.pharmacity.vn/dau-goi-duoc-lieu-thai-duong-7-200ml
P07038,Dầu Gội CLEAR Bạc Hà Mát Lạnh Sạch Gàu (chai 630g),Dầu gội đầu,dau-goi-dau,cham-soc-toc,Clear,210000,210000,0.0,Chai,4.76,8591,https://www.pharmacity.vn/clear-dg-mat-lanh-bac-ha-650g
P07168,Dầu Gội TRESEMME Keratin Smooth Tinh Dầu Argan & Keratin Vào Nếp Suôn Mượt (Chai 640g),Dầu gội đầu,dau-goi-dau,cham-soc-toc,Tresemme,243000,243000,0.0,Chai,4.68,5399,https://www.pharmacity.vn/dau-goi-danh-cho-toc-kho-xo-va-khong-vao-nep-tresemme-keratin-smooth-640g
P15466,"Dầu Gội MATRIX Gội Là Nâu ngăn ngừa rụng tóc, không gây kích ứng da (hộp 10 gói)",Dầu gội đầu,dau-goi-dau,cham-soc-toc,MATRIX,27000,27000,0.0,Gói,4.57,7826,https://www.pharmacity.vn/dau-goi-matrix-goi-la-nau-10-goi-x-30mlhop
P21170,Serum Dưỡng Tóc ELLIPS Pro Keratin Smooth & Silky Mềm Mượt Tóc (Vỉ 6 viên),Dưỡng tóc,duong-toc,cham-soc-toc,Ellips,25000,25000,0.0,Vỉ,4.75,6467,https://www.pharmacity.vn/serum-duong-mem-muot-toc-ellips-pro-keratin-smooth-silky-6-vienvi
P22888,"Dầu Gội Dược Liệu NGUYÊN XUÂN Dành Cho Tóc Dầu, Bết (chai 250ml/260g)",Dầu gội đầu,dau-goi-dau,cham-soc-toc,Nguyen Xuan,122000,122000,0.0,Chai,4.6,8535,https://www.pharmacity.vn/dau-goi-duoc-lieu-nguyen-xuan-danh-cho-toc-dau-bet-chai-250ml260g
P28944,Dầu gội thảo mộc giảm gàu Herbal Wellness by Pharmacity chai 450ml,Dầu gội đầu,dau-goi-dau,cham-soc-toc,Herbal Wellness,94500,189000,50.0,Chai,4.71,2165,https://www.pharmacity.vn/dau-goi-thao-moc-giam-gau-herbal-wellness-by-pharmacity-chai-450ml
P29692,Kem nhuộm tóc GARNIER màu 5.32 Nâu Caramel 30ml+30g/gói,Nhuộm tóc,nhuom-toc,cham-soc-toc,Garnier,89000,89000,,Gói,4.85,5159,https://www.pharmacity.vn/kem-nhuom-toc-garnier-mau-532-nau-caramel-30ml30ggoi
P29693,Dầu xả L'ORÉAL PARIS ngăn ngừa và giảm gãy rụng tóc 440ml/chai,Dầu xả,dau-xa,cham-soc-toc,L'oreal,289000,289000,,Chai,4.83,4867,https://www.pharmacity.vn/-dau-xa-loreal-paris-ngan-ngua-va-giam-gay-rung-toc-440mlchai
P24704,Dầu Gội CLEAR 48 Giờ Sạch Gàu Ngứa (chai 630g),Dầu gội đầu,dau-goi-dau,cham-soc-toc,Clear,191900,202000,5.0,Chai,4.61,5357,https://www.pharmacity.vn/clear-dau-goi-danh-bay-gau-ngua-va-vi-khuan-630g
P03287,Dầu Gội HEAD & SHOULDERS Bạc Hà Mát Lạnh Giảm Gàu (chai 330ml),Dầu gội đầu,dau-goi-dau,cham-soc-toc,Head & Shoulders,133000,133000,0.0,Chai,4.56,5478,https://www.pharmacity.vn/dau-goi-tri-gau-head-shoulders-bac-ha-mat-lanh-350ml
P11517,Dầu Gội và Tắm ABENA Không Dùng Nước Hương Thơm Nhẹ (chai 200ml),Dầu gội đầu,dau-goi-dau,cham-soc-toc,Abena,205000,205000,0.0,Chai,4.9,7557,https://www.pharmacity.vn/dau-goi-va-tam-khong-dung-nuoc-huong-thom-nhe-abena-200ml
P13012,"Pharmacity Dầu gội Olive Oil phục hồi, giảm khô tóc (Chai 490ml)",Dầu gội đầu,dau-goi-dau,cham-soc-toc,Pharmacity,87500,125000,30.0,Chai,4.77,6763,https://www.pharmacity.vn/pharmacity-olive-oil-shampoo-490-ml
P15467,Dầu Gội MATRIX Gội Là Đen hộp 10 gói,Dầu gội đầu,dau-goi-dau,cham-soc-toc,MATRIX,22950,27000,15.0,Gói,4.72,8485,https://www.pharmacity.vn/dau-goi-matrix-goi-la-den-10-goi-x-25ml-hop
P17535,Dầu Gội CLEAR Bạc Hà Mát Lạnh Sạch Gàu (chai 880g),Dầu gội đầu,dau-goi-dau,cham-soc-toc,Clear,212000,265000,20.0,Chai,4.97,7032,https://www.pharmacity.vn/dau-goi-mat-lanh-bac-ha-clear-900g
P22880,Dầu Gội Dược Liệu THÁI DƯƠNG 7 Plus Dưỡng Tóc (chai 250ml),Dầu gội đầu,dau-goi-dau,cham-soc-toc,Thai Duong,152000,152000,0.0,Chai,4.64,6423,https://www.pharmacity.vn/thai-duong-7-plus-dau-goi-duoc-lieu-250ml
P29694,Dầu gội L'ORÉAL PARIS ngăn ngừa và giảm gãy rụng tóc 440ml/chai,Dầu gội đầu,dau-goi-dau,cham-soc-toc,L'oreal,289000,289000,,Chai,4.66,6361,https://www.pharmacity.vn/-dau-goi-loreal-paris-ngan-ngua-va-giam-gay-rung-toc-440mlchai
P26020,Dầu Gội Dược Liệu NGUYÊN XUÂN Sạch Gàu chai 350ml/400g,Dầu gội đầu,dau-goi-dau,cham-soc-toc,Nguyen Xuan,189000,189000,0.0,Chai,4.62,7692,https://www.pharmacity.vn/dau-goi-duoc-lieu-nguyen-xuan-sach-gau-chai-350ml400g
P28071,"Pharmacity Dầu xả Argan Oil mềm mượt, giảm hư tổn (Chai 200ml)",Dầu xả,dau-xa,cham-soc-toc,Pharmacity,84000,84000,0.0,Chai,4.6,2028,https://www.pharmacity.vn/dau-xa-pharmacity-argan-oil-chai-200ml
P28161,Dầu gội dược liệu Thuần Mộc (Chai 300ml),Dầu gội đầu,dau-goi-dau,cham-soc-toc,Thuan Moc,199000,199000,0.0,Chai,4.83,6104,https://www.pharmacity.vn/thuan-moc-dau-goi-duoc-lieu-300mlchai
P28945,Dầu gội thảo mộc giảm rụng tóc Herbal Wellness by Pharmacity chai 450ml,Dầu gội đầu,dau-goi-dau,cham-soc-toc,Herbal Wellness,94500,189000,50.0,Chai,4.99,4405,https://www.pharmacity.vn/dau-goi-thao-moc-giam-rung-toc-herbal-wellness-by-pharmacity-chai-450ml
P00596,Dầu Gội SELSUN Anti Dandruff Giảm Gàu và Giảm Ngứa Da Đầu (Chai 100ml),Dầu gội đầu,dau-goi-dau,cham-soc-toc,Selsun,84150,99000,15.0,Chai,4.91,13676,https://www.pharmacity.vn/dau-goi-sach-gau-het-ngua-da-dau-selsun-100ml
P01267,Dầu Gội SELSUN Anti Dandruff Giảm Gàu và Giảm Ngứa Da Đầu (Chai 50ml),Dầu gội đầu,dau-goi-dau,cham-soc-toc,Selsun,56700,63000,10.0,Chai,4.84,8617,https://www.pharmacity.vn/dau-goi-sach-gau-het-ngua-da-dau-selsun-50ml
P04630,Dầu Gội THORAKAO Hoa Bưởi Mềm Mại và Óng Mượt (chai 400ml),Dầu gội đầu,dau-goi-dau,cham-soc-toc,Thorakao,104000,104000,0.0,Chai,4.82,8478,https://www.pharmacity.vn/dau-goi-hoa-buoi-thorakao-400ml
P03819,Dầu Xả SELSUN Dành Cho Tóc Gàu (chai 100ml),Dầu xả,dau-xa,cham-soc-toc,Selsun,55800,62000,10.0,Tuýp,4.82,6914,https://www.pharmacity.vn/dau-xa-danh-cho-toc-gau-selsun-100ml
P18998,Dầu Gội Khô GIRLZ ONLY Dazzling Volume Làm Phồng Tóc (chai 200ml),Dầu gội đầu,dau-goi-dau,cham-soc-toc,Girlz Only,126000,210000,40.0,Chai,4.72,7229,https://www.pharmacity.vn/dau-goi-kho-lam-phong-toc-girlz-only-dazzling-volume-200ml
P18999,Dầu Gội TRESEMME Salon Rebond Giúp Giảm Gãy Rụng (chai 640g),Dầu gội đầu,dau-goi-dau,cham-soc-toc,Tresemme,194400,243000,20.0,Chai,4.7,6774,https://www.pharmacity.vn/dau-goi-ngan-toc-gay-rung-tresemme-salon-rebond-640g
P21168,Dầu Gội OGX Thick & Full Bổ Sung Biotin Collagen Cho Tóc (chai 385ml),Dầu gội đầu,dau-goi-dau,cham-soc-toc,OGX,245000,245000,0.0,Chai,4.75,8073,https://www.pharmacity.vn/dau-goi-ogx-thick--full-bo-sung-biotin-collagen-cho-toc-chai-385ml
P21171,Serum Dưỡng Tóc ELLIPS Phục Hồi Hư Tổn Pro Keratin Hair Repair (vỉ 6 viên),Dưỡng tóc,duong-toc,cham-soc-toc,Ellips,25000,25000,0.0,Vỉ,4.7,8783,https://www.pharmacity.vn/serum-duong-phuc-hoi-hu-ton-ellips-pro-keratin-hair-repair-6-vienvi
P21172,Serum Dưỡng Tóc ELLIPS Dành Cho Tóc Nhuộm Nutri Color (vỉ 6 viên),Dưỡng tóc,duong-toc,cham-soc-toc,Ellips,25000,25000,0.0,Vỉ,4.63,5971,https://www.pharmacity.vn/serum-duong-danh-cho-toc-uon-nhuom-ellips-nutri-color-6-vienvi
P21174,Serum Dưỡng Tóc ELLIPS Giúp Tóc Phục Hồi Hư Tổn Hair Treatment (hũ 50 viên),Dưỡng tóc,duong-toc,cham-soc-toc,Ellips,203000,203000,0.0,Hộp,4.89,7156,https://www.pharmacity.vn/serum-duong-toc-phuc-hoi-hu-ton-ellips-hair-treatment-50-vien
P17618,Dầu Gội Dược Liệu NGUYÊN XUÂN Xanh Dành Cho Tóc Khô Xơ và Hư Tổn (chai 250ml/260g),Dầu gội đầu,dau-goi-dau,cham-soc-toc,Nguyen Xuan,93840,102000,8.0,Chai,4.89,8742,https://www.pharmacity.vn/dau-goi-duoc-lieu-nguyen-xuan-xanh-danh-cho-toc-kho-xo-va-hu-ton-chai-250ml260g
P17519,Dầu gội Head & Shoulders Anti-Dandruff Shampoo Sub Zero Sensation (Chai 800ml),Dầu gội đầu,dau-goi-dau,cham-soc-toc,Head & Shoulders,210400,263000,20.0,Chai,4.77,6300,https://www.pharmacity.vn/dau-goi-sach-gau-sieu-mat-lanh-head-shoulders-800ml
P22889,Dầu Xả Dược Liệu NGUYÊN XUÂN Dưỡng Tóc và Phục Hồi (chai 150ml/160g),Dầu xả,dau-xa,cham-soc-toc,Nguyen Xuan,83000,83000,0.0,Tuýp,4.71,7493,https://www.pharmacity.vn/dau-xa-duoc-lieu-nguyen-xuan-duong-toc-va-phuc-hoi-chai-150ml160g
P28568,Dầu gội dược liệu Nguyên Xuân bồng bềnh cho tóc dầu và bết (450ml/520g),Dầu gội đầu,dau-goi-dau,cham-soc-toc,Nguyen Xuan,178640,203000,12.0,Chai,4.76,4900,https://www.pharmacity.vn/dau-goi-duoc-lieu-nguyen-xuan-bong-benh-cho-toc-dau-va-bet-450ml520g
P29691,Kem Nhuộm Tóc Garnier Màu 7.3 Nâu Ánh Vàng (50g + 50ml + 5g/Hộp),Nhuộm tóc,nhuom-toc,cham-soc-toc,Garnier,149000,149000,,Hộp,4.59,10042,https://www.pharmacity.vn/kem-nhuom-toc-garnier-mau-73-nau-anh-vang-50g--50ml--5ghop
P28070,"Dầu gội Pharmacity Argan Oil phục hồi, giảm khô tóc (Chai 490ml)",Dầu gội đầu,dau-goi-dau,cham-soc-toc,Pharmacity,125000,125000,0.0,Chai,4.75,5210,https://www.pharmacity.vn/pharmacity-dau-goi-argan-oil-shampoo-490ml
P24705,Dầu Gội SELSUN Anti Dandruff Giảm Gàu và Giảm Ngứa Da Đầu (chai 250ml),Dầu gội đầu,dau-goi-dau,cham-soc-toc,Selsun,182400,228000,20.0,Chai,4.55,10422,https://www.pharmacity.vn/selsun-dau-goi-chong-gau-1-250ml
P11518,Dầu xả PANTENE Pro-V Hair Fall Control Ngăn Rụng Tóc (chai 150ml),Dầu xả,dau-xa,cham-soc-toc,Pantene,54400,68000,20.0,Chai,4.77,6126,https://www.pharmacity.vn/dau-xa-duong-chat-ngan-rung-toc-3-phut-dieu-ky-pantene-3-minute-miracle-conditioner-hair-fall-control-180ml
P15244,"Dầu Gội THORAKAO Bồ Kết Giúp Bóng Mượt, Đen Tóc và Sạch Gàu (Chai 400ml)",Dầu gội đầu,dau-goi-dau,cham-soc-toc,Thorakao,104000,104000,0.0,Chai,4.78,6426,https://www.pharmacity.vn/dau-goi-bo-ket-thorakao-400ml
P17520,Dầu Gội HEAD & SHOULDERS Bạc Hà Mát Lạnh Giảm Gàu (chai 850ml),Dầu gội đầu,dau-goi-dau,cham-soc-toc,Head & Shoulders,206400,258000,20.0,Chai,4.65,7567,https://www.pharmacity.vn/dau-goi-head-shoulders-bac-ha-mat-lanh-chai-850ml
P21166,Nước Dưỡng Tóc COCOON Tinh Dầu Bưởi Giúp Giảm Gãy Rụng và Làm Mềm Tóc (chai 140ml),Dưỡng tóc,duong-toc,cham-soc-toc,Cocoon,123750,165000,25.0,Chai,4.51,8383,https://www.pharmacity.vn/nuoc-duong-toc-tinh-dau-buoi-cocoon-140ml
P21169,Dầu Xả OGX Thick & Full Bổ Sung Biotin Collagen Cho Tóc (chai 385ml),Dầu xả,dau-xa,cham-soc-toc,OGX,245000,245000,0.0,Chai,4.85,5424,https://www.pharmacity.vn/dau-xa-lam-day-toc-biotin-collagen-ogx-385ml
P22886,Dầu Gội COCOON Tinh Dầu Bưởi Giúp Giảm Gãy Rụng và Làm Mềm Tóc (chai 310ml),Dầu gội đầu,dau-goi-dau,cham-soc-toc,Cocoon,234900,261000,10.0,Chai,4.61,7350,https://www.pharmacity.vn/cooon-dau-goi-duong-chat-tinh-dau-buoi-310ml
P22899,"Mặt Nạ Tóc TSUBAKI Giúp Phục Hồi, Giảm Xơ Rối (180g)",Dưỡng tóc,duong-toc,cham-soc-toc,Tsubaki,290000,290000,0.0,Hộp,4.78,7358,https://www.pharmacity.vn/tsubaki-mat-na-cao-cap-phuc-hoi-hu-ton-180g
P27326,Tresemme DX Vao Nep Muot Ma 620g,Dầu xả,dau-xa,cham-soc-toc,Tresemme,243000,243000,0.0,Chai,4.98,7785,https://www.pharmacity.vn/tresemme-dx-vao-nep-muot-ma-620g
P28112,"Gel gội thảo dược gừng sả Cỏ Cây Hoa Lá dành cho tóc dầu bết, dưỡng tóc giúp tóc chắc khỏe, mềm mượt (Túi 30g)",Dầu gội đầu,dau-goi-dau,cham-soc-toc,Cocayhoala,29000,29000,0.0,Túi,4.91,5553,https://www.pharmacity.vn/cocayhoala-gel-goi-thao-duoc-gung-sa-30g
P29690,Kem Nhuộm Tóc Garnier Màu 5.32 Nâu Caramel (50g+50ml+5g/Hộp),Nhuộm tóc,nhuom-toc,cham-soc-toc,Garnier,149000,149000,,Hộp,4.58,3234,https://www.pharmacity.vn/kem-nhuom-toc-garnier-mau-532-nau-caramel-50g50ml5ghop
P23564,Dầu Xả TSUBAKI Dưỡng Tóc Bóng Mượt (chai 490ml),Dầu xả,dau-xa,cham-soc-toc,Tsubaki,215000,215000,0.0,Chai,4.58,6005,https://www.pharmacity.vn/tsubaki-dau-xa-duong-toc-bong-muot-490ml
P18993,Dầu Xả TSUBAKI Phục Hồi Ngăn Rụng Tóc (Chai 490ml),Dầu xả,dau-xa,cham-soc-toc,Tsubaki,215000,215000,0.0,Chai,4.86,7384,https://www.pharmacity.vn/dau-xa-phuc-hoi-ngan-gay-rung-tsubaki-490ml
P25734,Kem Ủ Tóc FINO Premium Touch Phục Hồi Hư Tổn hũ (230g),Dưỡng tóc,duong-toc,cham-soc-toc,Fino,209000,209000,,Hộp,4.8,5361,https://www.pharmacity.vn/fino-kem-u-toc-cao-cap-phuc-hoi-hu-ton-230g
P25498,Dầu Gội TSUBAKI Phục Hồi Hư Tổn Nặng & Giảm Gãy Rụng (Chai 490ml),Dầu gội đầu,dau-goi-dau,cham-soc-toc,Tsubaki,249000,249000,0.0,Chai,4.64,5459,https://www.pharmacity.vn/tsubaki-dau-goi-phuc-hoi-hu-ton-nang-giam-gay-rung-490ml
P25499,Dầu Xả TSUBAKI Phục Hồi Hư Tổn Nặng & Giảm Gãy Rụng chai 490ml,Dầu xả,dau-xa,cham-soc-toc,Tsubaki,249000,249000,0.0,Chai,4.73,6687,https://www.pharmacity.vn/tsubaki-dau-xa-phuc-hoi-hu-ton-nang-giam-gay-rung-490ml
P17617,Dầu Gội Dược Liệu NGUYÊN XUÂN Nâu Dành Cho Tóc Thường (Chai 200ml),Dầu gội đầu,dau-goi-dau,cham-soc-toc,Nguyen Xuan,45000,75000,40.0,Chai,4.83,7632,https://www.pharmacity.vn/dau-goi-duoc-lieu-nguyen-xuan-nau-200ml
P18994,Dầu Gội TSUBAKI Phục Hồi Ngăn Rụng Tóc (Chai 490ml),Dầu gội đầu,dau-goi-dau,cham-soc-toc,Tsubaki,215000,215000,0.0,Chai,4.89,8237,https://www.pharmacity.vn/dau-goi-tsubaki-phuc-hoi-ngan-rung-toc-chai-490ml
P25497,"Dầu Gội CLEAR 9 Loại Thảo Dược Cổ Truyền Sạch Gàu, Giảm Gãy Rụng chai (630g)",Dầu gội đầu,dau-goi-dau,cham-soc-toc,Clear,204250,215000,5.0,Chai,4.66,5491,https://www.pharmacity.vn/clear-dau-goi-9-loai-thao-duoc-sach-gau-630g
P23563,Dầu Gội TSUBAKI Dưỡng Tóc Bóng Mượt (chai 490ml),Dầu gội đầu,dau-goi-dau,cham-soc-toc,Tsubaki,215000,215000,0.0,Chai,4.7,6278,https://www.pharmacity.vn/tsubaki-dau-goi-duong-toc-bong-muot-490ml
P11365,Bộ Đôi Bàn Chải Đánh Răng COLGATE SlimSoft Than Hoạt Tính,Bàn chải đánh răng,ban-chai-danh-rang,cham-soc-rang-mieng,Colgate,56250,75000,25.0,Cây,4.99,6275,https://www.pharmacity.vn/ban-chai-danh-rang-colgate-sieu-mem-slim-soft-charcoal-vi-2-cay
P03635,Nước Súc Miệng LISTERINE Green Tea Cho Răng Chắc Khỏe (Chai 250ml),Nước súc miệng,nuoc-suc-mieng,cham-soc-rang-mieng,Listerine,82000,82000,0.0,Chai,4.82,7710,https://www.pharmacity.vn/nuoc-suc-mieng-ngua-sau-rang-huong-tra-xanh-listerine-250ml
P13777,Bàn chải đánh răng trẻ em Pharmacity,Bàn chải đánh răng,ban-chai-danh-rang,cham-soc-rang-mieng,Pharmacity,18000,18000,,Cái,4.86,8591,https://www.pharmacity.vn/ban-chai-danh-rang-tre-em-pharmacity
P13363,Nước Súc Miệng LISTERINE Cool Mint Hơi Thở Thơm Mát (Chai 100ml),Nước súc miệng,nuoc-suc-mieng,cham-soc-rang-mieng,Listerine,31000,31000,,Chai,4.52,6561,https://www.pharmacity.vn/nuoc-suc-mieng-bac-ha-listerine-cool-mint-100ml
P14242,"Kem đánh răng COLGATE Optic White Exfoliating Mineral giúp răng trắng sáng, sạch mảng bám (100g)",Kem đánh răng,kem-danh-rang,cham-soc-rang-mieng,Colgate,63000,63000,0.0,Hộp,4.79,9248,https://www.pharmacity.vn/kem-danh-rang-trang-sang-colgate-optic-white-exfoliating-mineral-100g
P14148,Kem Đánh Răng Dược Liệu NGỌC CHÂU Truyền Thống tuýp 100g,Kem đánh răng,kem-danh-rang,cham-soc-rang-mieng,Ngoc Chau,49280,56000,12.0,Hộp,4.96,7054,https://www.pharmacity.vn/kem-danh-rang-duoc-lieu-ngoc-chau-100g
P18065,Kem Đánh Răng COLGATE Hương Dâu Tây Cho Trẻ Em 3-5 Tuổi (tuýp 80g),Kem đánh răng,kem-danh-rang,cham-soc-rang-mieng,Colgate,59000,59000,0.0,Tuýp,4.55,7314,https://www.pharmacity.vn/kem-danh-rang-colgate-huong-dau-tay-cho-tre-3-5-tuoi-tuyp-80g
P18066,Kem Đánh Răng COLGATE Cho Trẻ Em 6-9 Tuổi Hương Dâu Bạc Hà (Tuýp 80g),Kem đánh răng,kem-danh-rang,cham-soc-rang-mieng,Colgate,59000,59000,0.0,Tuýp,4.66,7755,https://www.pharmacity.vn/kem-danh-rang-colgate-huong-bac-ha-dau-tay-cho-tre-6-9-tuoi-tuyp-80g
P18083,Kem Đánh Răng CLOSE UP Muối Biển Detox Giúp Trắng Răng (tuýp 180g),Kem đánh răng,kem-danh-rang,cham-soc-rang-mieng,Close up,46000,46000,0.0,Tuýp,4.79,6423,https://www.pharmacity.vn/kem-danh-rang-muoi-bien-va-chanh-closeup-trang-rang-tu-nhien-180g
P17555,Nước Súc Miệng LISTERINE Tartar Protection Giảm Mảng Bám (Chai 750ml),Nước súc miệng,nuoc-suc-mieng,cham-soc-rang-mieng,Listerine,191000,191000,,Chai,4.93,7743,https://www.pharmacity.vn/nuoc-suc-mieng-ngan-ngua-voi-rang-listerine-tartar-protection-750ml
P17557,Bàn Chải Đánh Răng CLOSE UP Precision Clean (hộp 1 cái),Bàn chải đánh răng,ban-chai-danh-rang,cham-soc-rang-mieng,Close up,51500,51500,0.0,Cây,4.64,7372,https://www.pharmacity.vn/ban-chai-danh-rang-close-up-precision-clean-hop-1-cai
P22138,Kem Đánh Răng COLGATE Muối Himalaya Sáng Khỏe (tuýp 180g),Kem đánh răng,kem-danh-rang,cham-soc-rang-mieng,Colgate,64000,64000,0.0,Tuýp,4.55,6407,https://www.pharmacity.vn/kem-danh-rang-colgate-muoi-himalaya-sang-khoe-180g
P23086,Kem Đánh Răng SENSODYNE Cool Gel Mát Lạnh (tuýp 160g),Kem đánh răng,kem-danh-rang,cham-soc-rang-mieng,Sensodyne (GSK OTC),95000,95000,0.0,Tuýp,4.87,6114,https://www.pharmacity.vn/sensodyne-kdr-cool-gel-160g
P22141,Tăm Chỉ Kẽ Răng JOMI Hỗ Trợ Làm Sạch Mảng Bám Trong Kẻ Răng (gói 80 cái),Tăm chỉ nha khoa,tam-chi-nha-khoa,cham-soc-rang-mieng,Jomi,30375,40500,25.0,Gói,4.88,7668,https://www.pharmacity.vn/tam-chi-ke-rang-jomi-goi-80-cai
P20089,"Bàn Chải Kẻ Răng OKAMURA Asahi Hình L Loại Bỏ Thức Ăn Thừa, Mảng Bám (Túi 6 cái)",Tăm chỉ nha khoa,tam-chi-nha-khoa,cham-soc-rang-mieng,Okamura,30000,30000,0.0,Túi,4.57,9347,https://www.pharmacity.vn/ban-chai-ke-rang-okamura-asahi-chu-l-as-ldxd6p-tui-6-cai
P29095,Pharmacity Chỉ nha khoa (Cuộn 50m),Tăm chỉ nha khoa,tam-chi-nha-khoa,cham-soc-rang-mieng,Pharmacity,39000,39000,0.0,Hộp,4.65,5780,https://www.pharmacity.vn/chi-nha-khoa-pharmacity-cuon-50m
P29618,Kem Đánh Răng Marvis Smokers Whitening Mint Vị Bạc Hà hỗ trợ khử ố vàng răng cho người hút thuốc lá (85ml),Kem đánh răng,kem-danh-rang,cham-soc-rang-mieng,Marvis,195300,279000,30.0,Tuýp,4.69,5162,https://www.pharmacity.vn/kem-danh-rang-marvis-smokers-whitening-mint-vi-bac-ha-ho-tro-khu-o-vang-rang-cho-nguoi-hut-thuoc-la-85ml
P29621,Kem Đánh Răng Marvis Amarelli Licorice Vị Cam Thảo & Than tre hỗ trợ khử ố vàng & trắng răng (85ml),Kem đánh răng,kem-danh-rang,cham-soc-rang-mieng,Marvis,194250,259000,25.0,Tuýp,4.73,9808,https://www.pharmacity.vn/kem-danh-rang-marvis-amarelli-licorice-vi-cam-thao--than-tre-ho-tro-khu-o-vang--trang-rang-85ml
P30052,Pharmacity Tăm chỉ nha khoa (Gói 90 cây),Tăm chỉ nha khoa,tam-chi-nha-khoa,cham-soc-rang-mieng,Pharmacity,35000,35000,,Gói,4.51,8115,https://www.pharmacity.vn/tam-chi-nha-khoa-pharmacity-goi-90-cay
P29594,"Pharmacity Nước muối sinh lý Natri Clorid 0,9% (Chai 500ml)",Nước súc miệng,nuoc-suc-mieng,cham-soc-rang-mieng,Pharmacity,11000,11000,,Chai,4.94,41807,https://www.pharmacity.vn/nuoc-muoi-sinh-ly-pharmacity-natri-clorid-09-500ml
P26598,Bộ Đôi Bàn Chải Đánh Răng COLGATE Gum Expert,Bàn chải đánh răng,ban-chai-danh-rang,cham-soc-rang-mieng,Colgate,97750,115000,15.0,Bộ,4.74,7426,https://www.pharmacity.vn/colgate-bcdr-bo-doi-gum-expert
P27991,Kem đánh răng Colgate Total Plaque (tuýp 95g),Kem đánh răng,kem-danh-rang,cham-soc-rang-mieng,Colgate,87200,109000,20.0,Hộp,4.85,6711,https://www.pharmacity.vn/kem-danh-rang-colgate-total-plaque-tuyp-95g
P28349,Nước súc miệng SMC Ag+ vệ sinh răng miệng (Chai 250ml),Nước súc miệng,nuoc-suc-mieng,cham-soc-rang-mieng,,110000,110000,0.0,Chai,4.85,4751,https://www.pharmacity.vn/smc-ag-nsm-sat-khuan-rang-mieng-ho-tro-dieu-tri-viem-hong-chai-250ml
P05528,Kem Đánh Răng P/S Ngừa Sâu Răng Vượt Trội (tuýp 230g),Kem đánh răng,kem-danh-rang,cham-soc-rang-mieng,P/S,38000,38000,0.0,Hộp,4.66,9439,https://www.pharmacity.vn/ps-kdr-ngua-sau-rang-vuot-troi-240g
P11350,Pharmacity Bàn chải đánh răng cho răng nhạy cảm Sensitive,Bàn chải đánh răng,ban-chai-danh-rang,cham-soc-rang-mieng,Pharmacity,31000,31000,,Cái,4.72,7003,https://www.pharmacity.vn/ban-chai-danh-rang-cho-rang-nhay-cam-pharmacity-sensitive
P11351,Pharmacity Bàn chải đánh răng siêu mảnh Slim Soft,Bàn chải đánh răng,ban-chai-danh-rang,cham-soc-rang-mieng,Pharmacity,18000,18000,,Cái,4.95,8801,https://www.pharmacity.vn/ban-chai-danh-rang-sieu-manh-pharmacity-slim-soft
P10953,Bàn Chải Đánh Răng SENSODYNE Repair & Protect,Bàn chải đánh răng,ban-chai-danh-rang,cham-soc-rang-mieng,Sensodyne (GSK OTC),47000,47000,0.0,Cây,4.97,8289,https://www.pharmacity.vn/ban-chai-danh-rang-thiet-ke-danh-rieng-cho-rang-e-buot-sensodyne-repair-protect
P12629,Bàn Chải Đánh Răng COLGATE SlimSoft Flex Clean Charcoal,Bàn chải đánh răng,ban-chai-danh-rang,cham-soc-rang-mieng,Colgate,65000,65000,0.0,Cây,4.83,7596,https://www.pharmacity.vn/ban-chai-danh-rang-mem-manh-than-hoat-tinh-colgate-flex-clean-slim-soft
P07569,Bàn Chải Đánh Răng P/S Lông Tơ Mềm Mại,Bàn chải đánh răng,ban-chai-danh-rang,cham-soc-rang-mieng,P/S,20000,20000,,Cây,4.57,9397,https://www.pharmacity.vn/ps-bcdr-long-to-mem-mai
P08889,"Nước Súc Miệng LISTERINE Cool Mint Zero Hơi Thở Thơm Mát, Không Cay (Chai 250ml)",Nước súc miệng,nuoc-suc-mieng,cham-soc-rang-mieng,Listerine,71000,71000,0.0,Chai,4.82,6343,https://www.pharmacity.vn/nuoc-suc-mieng-diet-khuan-vi-khong-cay-listerine-zero-250ml
P10076,Xịt Thơm Miệng DENTIPLUS Hiệu Quả Gấp Đôi chai (25ml),Sản phẩm chăm sóc răng miệng khác,san-pham-cham-soc-rang-mieng-khac,cham-soc-rang-mieng,Dentiplus,92250,123000,25.0,Chai,4.83,8501,https://www.pharmacity.vn/xit-thom-mieng-dentiplus-hieu-qua-gap-doi-khong-con-25ml
P10405,Kem Đánh Răng CLOSE UP Thơm Mát Bất Tận Tinh Thể Băng Tuyết tuýp 230g,Kem đánh răng,kem-danh-rang,cham-soc-rang-mieng,Close up,45900,54000,15.0,Hộp,4.65,8443,https://www.pharmacity.vn/kem-danh-rang-thom-mat-bat-tan-tinh-the-bang-tuyet-closeup-everfresh-winter-blast-230g
P10500,Kem Đánh Răng COLGATE Ngừa Ê Buốt Và Bảo Vệ Toàn Diện (Tuýp 110g),Kem đánh răng,kem-danh-rang,cham-soc-rang-mieng,Colgate,79000,79000,,Cây,4.67,14786,https://www.pharmacity.vn/kem-danh-rang-colgate-sensitive-pro-relief-110g
P14247,Kem Đánh Răng CLOSE UP Thơm Mát Tự Nhiên Dầu Quất và Thảo Dược (tuýp 180g),Kem đánh răng,kem-danh-rang,cham-soc-rang-mieng,Close up,46000,46000,0.0,Hộp,4.9,6822,https://www.pharmacity.vn/kem-danh-rang-thom-mat-tu-nhien-dau-quat-thao-duoc-close-up-180g
P20106,Nước Súc Miệng P/S Pro Complete Bảo Vệ Răng Miệng Tối Ưu (chai 500ml),Nước súc miệng,nuoc-suc-mieng,cham-soc-rang-mieng,P/S,52500,75000,30.0,Chai,4.94,8642,https://www.pharmacity.vn/nuoc-suc-mieng-ps-pro-complete-500-ml
P19172,"Kem đánh răng EUCRYL loại bỏ mảng bám, giúp răng trắng sáng (tuýp 62g)",Kem đánh răng,kem-danh-rang,cham-soc-rang-mieng,Eucryl,57200,88000,35.0,Tuýp,4.79,8808,https://www.pharmacity.vn/kem-danh-rang-tay-trang-vi-bac-ha-eucryl-62g
P19173,Bột Hỗ Trợ Tẩy Trắng Răng EUCRYL Toothpowder hũ 50g,Sản phẩm chăm sóc răng miệng khác,san-pham-cham-soc-rang-mieng-khac,cham-soc-rang-mieng,Eucryl,61600,88000,30.0,Hộp,4.67,9408,https://www.pharmacity.vn/bot-lam-trang-rang-vi-bac-ha-eucryl-50g
P17298,Colgate KDR MaxFresh Peppermint Ice 225g + BCDR,Kem đánh răng,kem-danh-rang,cham-soc-rang-mieng,Colgate,40600,58000,30.0,Hộp,4.54,10156,https://www.pharmacity.vn/colgate-kdr-maxfresh-peppermint-ice-225g-bcdr
P17556,"Nước Súc Miệng LISTERINE Cool Mint Zero Hơi Thở Thơm Mát, Không Cay (Chai 750ml)",Nước súc miệng,nuoc-suc-mieng,cham-soc-rang-mieng,Listerine,171000,171000,0.0,Chai,4.91,5605,https://www.pharmacity.vn/nuoc-suc-mieng-listerine-cool-mint-zero-hoi-tho-thom-mat-khong-cay-chai-750ml
P18076,Bộ Đôi Bàn Chải Đánh Răng SENSODYNE Sensitive Extra Soft Ê Chăm Sóc Răng  Buốt và Êm Dịu Nướu,Bàn chải đánh răng,ban-chai-danh-rang,cham-soc-rang-mieng,Sensodyne (GSK OTC),49000,49000,0.0,Bộ,4.52,5612,https://www.pharmacity.vn/ban-chai-danh-rang-cho-rang-e-buot-sensodyne-vi-2-cay
P18077,Kem Đánh Răng SENSODYNE Fresh Mint Hương Bạc Hà (tuýp 160g),Kem đánh răng,kem-danh-rang,cham-soc-rang-mieng,Sensodyne (GSK OTC),95000,95000,0.0,Tuýp,4.53,6766,https://www.pharmacity.vn/kem-danh-rang-giam-e-buot-bac-ha-sensodyne-sensitive-fresh-mint-160g
P29185,Colgate Kem Đánh Răng Total Sensitivity + Gum Health 150g,Kem đánh răng,kem-danh-rang,cham-soc-rang-mieng,Colgate,63000,63000,0.0,Hộp,4.54,9565,https://www.pharmacity.vn/colgate-kem-danh-rang-total-sensitivity-gum-health-150g
P24607,Bộ Ba Bàn Chải Đánh Răng P/S Lông Tơ Mềm Mại,Bàn chải đánh răng,ban-chai-danh-rang,cham-soc-rang-mieng,P/S,42000,42000,0.0,Bộ,4.86,5964,https://www.pharmacity.vn/ps-bcdr-long-to-mem-mai-bo-3-cay
P00429,Nước Súc Miệng LISTERINE Cool Mint Hơi Thở Thơm Mát (Chai 250ml),Nước súc miệng,nuoc-suc-mieng,cham-soc-rang-mieng,Listerine,71000,71000,,Chai,4.95,8828,https://www.pharmacity.vn/nuoc-suc-mieng-diet-khuan-huong-bac-ha-mat-lanh-listerine-250ml
P02389,"Nước súc miệng KIN GINGIVAL Ngăn Ngừa Mảng Bám, Viêm Nướu, Sâu Răng (chai 250ml)",Nước súc miệng,nuoc-suc-mieng,cham-soc-rang-mieng,Kin Gingival,142000,142000,,Hộp,4.83,11615,https://www.pharmacity.vn/nuoc-suc-mieng-dieu-tri-nha-chu-viem-nuou-kin-gingival-250ml
P03926,Tăm Chỉ Nha Khoa OKAMURA Làm Sạch Kẻ Răng (gói 90 cây),Tăm chỉ nha khoa,tam-chi-nha-khoa,cham-soc-rang-mieng,Okamura,35000,35000,,Gói,4.67,13116,https://www.pharmacity.vn/okamura-tam-chi-nha-khoa-90-cay-goi
P08733,Kem Đánh Răng SENSODYNE Repair & Protect Giúp Phục Hồi Răng Nhạy Cảm (tuýp 100g),Kem đánh răng,kem-danh-rang,cham-soc-rang-mieng,Sensodyne (GSK OTC),108000,108000,0.0,Cây,4.78,8667,https://www.pharmacity.vn/sensodyne-kdr-repair-protect-100g
P08734,Kem Đánh Răng SENSODYNE Repair & Protect Whitening (tuýp 100g),Kem đánh răng,kem-danh-rang,cham-soc-rang-mieng,Sensodyne (GSK OTC),108000,108000,0.0,Cây,4.91,9827,https://www.pharmacity.vn/kem-danh-rang-phuc-hoi-rang-nhay-cam-sensodyne-repair-protect-extra-fresh-75ml
P10408,Bàn Chải Đánh Răng P/S Muối Đá Himalaya,Bàn chải đánh răng,ban-chai-danh-rang,cham-soc-rang-mieng,P/S,32000,32000,0.0,Cây,4.78,7730,https://www.pharmacity.vn/ban-chai-danh-rang-muoi-da-himalaya-ps
P10411,Bộ Đôi Bàn Chải Đánh Răng P/S Than Bạc Kháng Khuẩn Màu Ngẫu Nhiên,Bàn chải đánh răng,ban-chai-danh-rang,cham-soc-rang-mieng,P/S,57000,57000,0.0,Cây,4.94,6885,https://www.pharmacity.vn/ban-chai-danh-rang-ps-than-bac-khang-khuan-vi-2-cai
P11349,Pharmacity Bàn chải đánh răng cho răng siêu nhạy cảm Extra Sensitive,Bàn chải đánh răng,ban-chai-danh-rang,cham-soc-rang-mieng,Pharmacity,37000,37000,0.0,Cái,4.72,5896,https://www.pharmacity.vn/ban-chai-danh-rang-cho-rang-sieu-nhay-cam-pharmacity-extra-sensitive
P18078,Kem Đánh Răng ORAL CLEAN Trẻ Em Tom & Jerry Tutti Frutti (tuýp 75ml),Kem đánh răng,kem-danh-rang,cham-soc-rang-mieng,Oral Clean,63000,63000,0.0,Tuýp,4.75,9215,https://www.pharmacity.vn/kem-danh-rang-cho-tre-tu-3-tuoi-oral-clean-kids-mild-mint-75ml
P18303,Kem Đánh Răng P/S Sensitive Giảm Ê Buốt và Trắng Răng (tuýp 100g),Kem đánh răng,kem-danh-rang,cham-soc-rang-mieng,P/S,67000,67000,0.0,Tuýp,4.71,6608,https://www.pharmacity.vn/kem-danh-rang-giam-e-buot-ps-sensitive-expert-whitening-100g
P17507,Bàn Chải Đánh Răng COLGATE SlimSoft Flex Clean,Bàn chải đánh răng,ban-chai-danh-rang,cham-soc-rang-mieng,Colgate,65000,65000,0.0,Cây,4.72,5937,https://www.pharmacity.vn/ban-chai-danh-rang-colgate-slimsoft-flex-clean-vi-1-cai
P29593,"Pharmacity Nước muối sinh lý Natri Clorid 0,9% (Chai 1000ml)",Nước súc miệng,nuoc-suc-mieng,cham-soc-rang-mieng,Pharmacity,20000,20000,,Chai,4.78,30965,https://www.pharmacity.vn/nuoc-muoi-sinh-ly-pharmacity-natri-clorid-09-1000ml
P29620,Kem Đánh Răng Marvis Jasmin Mint Vị Hoa Nhài & Bạc Hà hỗ trợ sạch mảng bám & khử mùi hôi miệng (85ml),Kem đánh răng,kem-danh-rang,cham-soc-rang-mieng,Marvis,194250,259000,25.0,Tuýp,4.87,6622,https://www.pharmacity.vn/kem-danh-rang-marvis-jasmin-mint-vi-hoa-nhai--bac-ha-ho-tro-sach-mang-bam--khu-mui-hoi-mieng-85ml
P24071,Nước Súc Miệng Fujiwa Ion Muối Hương Bạc Hà (Chai 680 ml),Nước súc miệng,nuoc-suc-mieng,cham-soc-rang-mieng,Fujiwa,31000,31000,0.0,Chai,4.61,8864,https://www.pharmacity.vn/fujiwa-nsm-ion-muoi-huong-bac-ha-680ml
P23014,Bàn Chải Đánh Răng P/S White Detox Kháng Khuẩn,Bàn chải đánh răng,ban-chai-danh-rang,cham-soc-rang-mieng,P/S,37800,42000,10.0,Cây,4.93,6898,https://www.pharmacity.vn/ps-bcdr-white-detox-khang-khuan
P25487,Nước Súc Miệng LISTERINE Total Care Sensitive Cho Răng Nhạy Cảm (Chai 750ml),Nước súc miệng,nuoc-suc-mieng,cham-soc-rang-mieng,Listerine,140250,187000,25.0,Chai,4.5,5496,https://www.pharmacity.vn/nuoc-suc-mieng-listerine-total-care-sensitive-cho-rang-nhay-cam-chai-750ml
P29942,Nước Súc Miệng LISTERINE Cool Mint Hơi Thở Thơm Mát (Chai 750ml),Nước súc miệng,nuoc-suc-mieng,cham-soc-rang-mieng,Listerine,100800,168000,40.0,Chai,4.89,11791,https://www.pharmacity.vn/nuoc-suc-mieng-listerine-cool-mint-hoi-tho-thom-mat-chai-750ml
P01144,Kem Đánh Răng SENSODYNE Gentle Whitening Trắng Sáng (tuýp 100g),Kem đánh răng,kem-danh-rang,cham-soc-rang-mieng,Sensodyne (GSK OTC),74000,74000,0.0,Tuýp,4.57,9097,https://www.pharmacity.vn/kem-danh-rang-chong-e-buot-sensodyne-gentle-whitening-100g
P03492,Bàn Chải Đánh Răng COLGATE SlimSoft Charcoal Siêu Mềm Mảnh,Bàn chải đánh răng,ban-chai-danh-rang,cham-soc-rang-mieng,Colgate,45050,53000,15.0,Cây,4.79,6816,https://www.pharmacity.vn/ban-chai-danh-rang-colgate-slimsoft
P03927,Tăm chỉ nha khoa Okamura (50 cây/gói),Tăm chỉ nha khoa,tam-chi-nha-khoa,cham-soc-rang-mieng,Okamura,28000,28000,,Gói,4.51,4585,https://www.pharmacity.vn/tam-chi-nha-khoa-okamura-50-cay-goi
P07555,Kem Đánh Răng CLOSE UP White Attraction Diamond Trắng Sáng (tuýp 100g),Kem đánh răng,kem-danh-rang,cham-soc-rang-mieng,Close up,39000,39000,,Cây,4.92,9779,https://www.pharmacity.vn/close-up-kdr-kim-cuong-100g
P11369,Bộ Chăm Sóc Răng Miệng Du Lịch COLGATE,Bàn chải đánh răng,ban-chai-danh-rang,cham-soc-rang-mieng,Colgate,90000,90000,0.0,Bộ,4.53,6756,https://www.pharmacity.vn/bo-cham-soc-rang-mieng-colgate-du-lich-charcoal
P08888,Nước Súc Miệng LISTERINE Tartar Protection Giảm Mảng Bám (Chai 250ml),Nước súc miệng,nuoc-suc-mieng,cham-soc-rang-mieng,Listerine,82000,82000,0.0,Chai,4.51,6906,https://www.pharmacity.vn/listerine-tartar-protection-250ml
P10075,Xịt Thơm Miệng DENTIPLUS Không Cồn (chai 25ml),Sản phẩm chăm sóc răng miệng khác,san-pham-cham-soc-rang-mieng-khac,cham-soc-rang-mieng,Dentiplus,123000,123000,0.0,Chai,4.87,8219,https://www.pharmacity.vn/xit-thom-mieng-dentiplus-bac-ha-khong-con-khong-duong-25ml
P10403,Kem Đánh Răng CLOSE UP Bạc Hà The Mát (tuýp 230g),Kem đánh răng,kem-danh-rang,cham-soc-rang-mieng,Close up,45900,54000,15.0,Hộp,4.74,8332,https://www.pharmacity.vn/kem-danh-rang-dang-gel-huong-bac-ha-closeup-do-nong-230g
P10414,Kem Đánh Răng P/S Green Tea Trà Xanh (Tuýp 180g),Kem đánh răng,kem-danh-rang,cham-soc-rang-mieng,P/S,43000,43000,0.0,Cây,4.99,7469,https://www.pharmacity.vn/kem-danh-rang-ps-tra-xanh-190g
P10495,Bàn Chải Đánh Răng ORAL-B Tinh Chất Trà Đen Chăm Sóc Nướu,Bàn chải đánh răng,ban-chai-danh-rang,cham-soc-rang-mieng,Oral-B,38250,45000,15.0,Cây,4.95,6215,https://www.pharmacity.vn/ban-chai-danh-rang-tinh-chat-tra-den-oral-b
P10502,Bàn Chải Đánh Răng COLGATE 360 Charcoal Spiral Lông Chải Siêu Mềm Xoắn Kép Phủ Than,Bàn chải đánh răng,ban-chai-danh-rang,cham-soc-rang-mieng,Colgate,58000,58000,0.0,Cây,4.96,7189,https://www.pharmacity.vn/ban-chai-danh-rang-colgate-360-spiral-charcoal
P18082,Kem Đánh Răng P/S Chăm Sóc Toàn Diện (tuýp 230g),Kem đánh răng,kem-danh-rang,cham-soc-rang-mieng,P/S,41000,41000,0.0,Tuýp,4.92,9727,https://www.pharmacity.vn/kem-danh-rang-ps-cham-soc-toan-dien-240g
P20093,Bộ Đôi Bàn Chải Đánh Răng COLGATE Cushion Clean,Bàn chải đánh răng,ban-chai-danh-rang,cham-soc-rang-mieng,Colgate,105000,105000,0.0,Bộ,4.66,7682,https://www.pharmacity.vn/ban-chai-danh-rang-colgate-cushion-clean-vi-2-cai
P22140,Chỉ Nha Khoa JOMI Hỗ Trợ Làm Sạch Mảng Bám Trong Kẽ Răng (cuộn 50m),Tăm chỉ nha khoa,tam-chi-nha-khoa,cham-soc-rang-mieng,Jomi,33540,43000,22.0,Cái,4.93,7555,https://www.pharmacity.vn/chi-nha-khoa-jomi-cuon-50m
P23056,Nước súc miệng ngừa viêm nướu Kin B5 (Chai 500ml),Nước súc miệng,nuoc-suc-mieng,cham-soc-rang-mieng,Kin B5,275000,275000,0.0,Chai,4.51,1769,https://www.pharmacity.vn/kin-nsm-b5-ngua-viem-nuou-500ml
P29184,Colgate Kem Đánh Răng Total Active Fresh (150g),Kem đánh răng,kem-danh-rang,cham-soc-rang-mieng,Colgate,63000,63000,0.0,Hộp,4.73,10326,https://www.pharmacity.vn/colgate-kem-danh-rang-total-active-fresh-150g
P23467,Nước Súc Miệng DR.MUỐI Hương Vỏ Chanh (chai 1000ml),Nước súc miệng,nuoc-suc-mieng,cham-soc-rang-mieng,Dr.Muoi,24000,32000,25.0,Chai,4.95,12755,https://www.pharmacity.vn/drmuoi-nsm-huong-vo-chanh-1000ml
P26445,Bộ Đôi Nước Súc Miệng COLGATE Optic White Charcoal (2 chai x 500ml),Nước súc miệng,nuoc-suc-mieng,cham-soc-rang-mieng,Colgate,84000,168000,50.0,Bộ,4.71,7427,https://www.pharmacity.vn/colgate-bo-doi-nsm-optic-white-charcoal-500ml2
OL00414,"Combo 5 Chai  Nước muối sinh lý Pharmacity Natri Clorid 0,9% (1000ml)",Nước súc miệng,nuoc-suc-mieng,cham-soc-rang-mieng,,100000,100000,0.0,Bộ,4.57,8892,https://www.pharmacity.vn/combo-5-chai-nuoc-muoi-sinh-ly-pharmacity-natri-clorid-09-1000ml
OL00415,"Combo 5 Chai Nước muối sinh lý Pharmacity Natri Clorid 0,9% (500ml)",Nước súc miệng,nuoc-suc-mieng,cham-soc-rang-mieng,,55000,55000,0.0,Bộ,4.56,8552,https://www.pharmacity.vn/combo-5-chai-nuoc-muoi-sinh-ly-pharmacity-natri-clorid-09-500ml
P00989,Chỉ Nha Khoa ORAL-B Hỗ Trợ Làm Sạch Mảng Bám Trong Kẽ Răng (cuộn 50m),Tăm chỉ nha khoa,tam-chi-nha-khoa,cham-soc-rang-mieng,Oral-B,51200,64000,20.0,Cái,4.56,11598,https://www.pharmacity.vn/chi-nha-khoa-oral-b-essential-floss-50m-hop
P01143,Kem đánh răng hương bạc hà the mát Sensodyne (100g),Kem đánh răng,kem-danh-rang,cham-soc-rang-mieng,Sensodyne (GSK OTC),53550,63000,15.0,Tuýp,4.86,2662,https://www.pharmacity.vn/sensodyne-kdr-cfreshmint-bac-ha-100g
P01949,Kem Đánh Răng SENSODYNE Multi Care Bảo Vệ Toàn Diện (tuýp 100g),Kem đánh răng,kem-danh-rang,cham-soc-rang-mieng,Sensodyne (GSK OTC),78000,78000,0.0,Hộp,4.57,8055,https://www.pharmacity.vn/kem-danh-rang-sensodyne-multi-care-100g
P03491,Bàn Chải Đánh Răng COLGATE Batman Cho Bé Trai,Bàn chải đánh răng,ban-chai-danh-rang,cham-soc-rang-mieng,Colgate,40000,40000,0.0,Cây,4.59,7858,https://www.pharmacity.vn/ban-chai-danh-rang-tre-em-colgate-batman-vi-1-cay
P03925,Dụng Cụ Cạo Lưỡi OKAMURA Giúp Làm Sạch Mảng Bám Trên Lưỡi,Sản phẩm chăm sóc răng miệng khác,san-pham-cham-soc-rang-mieng-khac,cham-soc-rang-mieng,Okamura,33000,33000,0.0,Vỉ,4.58,8027,https://www.pharmacity.vn/dung-cu-cao-luoi-okamura
P10114,Bàn Chải Đánh Răng P/S Muối Tre Chăm Sóc Nướu,Bàn chải đánh răng,ban-chai-danh-rang,cham-soc-rang-mieng,P/S,34000,34000,0.0,Cây,4.9,7468,https://www.pharmacity.vn/ban-chai-danh-rang-ps-cham-soc-nuou-chua-muoi-tre
P10412,Bàn chải đánh răng trẻ em từ 2 đến 6 tuổi P/S siêu mềm,Bàn chải đánh răng,ban-chai-danh-rang,cham-soc-rang-mieng,P/S,19000,19000,0.0,Cây,4.88,3109,https://www.pharmacity.vn/ban-chai-danh-rang-tre-em-tu-2-den-6-tuoi-ps-sieu-mem
P14241,Kem Đánh Răng COLGATE Tinh Chất Than Tre (tuýp 180g),Kem đánh răng,kem-danh-rang,cham-soc-rang-mieng,Colgate,64000,64000,0.0,Hộp,4.68,6229,https://www.pharmacity.vn/kem-danh-rang-thien-nhien-colgate-tinh-chat-than-tre-giup-rang-chac-khoe-cung-hoi-tho-thom-mat-tu-nhien-180g
P14248,Kem Đánh Răng P/S Than Hoạt Tính (tuýp 230g),Kem đánh răng,kem-danh-rang,cham-soc-rang-mieng,P/S,54000,54000,0.0,Hộp,4.58,7253,https://www.pharmacity.vn/kem-danh-rang-bao-ve-123-than-hoat-tinh-ps-230g
P14296,Nước Súc Miệng THÁI DƯƠNG Valentine (chai 500ml),Nước súc miệng,nuoc-suc-mieng,cham-soc-rang-mieng,Thai Duong,60000,60000,0.0,Chai,4.94,10093,https://www.pharmacity.vn/nuoc-suc-mieng-thai-duong-valentine-500ml
P10952,Bàn Chải Đánh Răng SENSODYNE Multi Care Dành Cho Răng Nhạy Cảm,Bàn chải đánh răng,ban-chai-danh-rang,cham-soc-rang-mieng,Sensodyne (GSK OTC),39500,39500,0.0,Cây,4.67,6532,https://www.pharmacity.vn/ban-chai-danh-rang-thiet-ke-danh-rieng-cho-rang-nhay-cam-sensodyne-multicare
P10766,Nước Muối VĨNH PHÚC Natri Clorid 0.9% chai làm sạch răng miệng (500ml),Nước súc miệng,nuoc-suc-mieng,cham-soc-rang-mieng,Vinh Phuc,10000,10000,,Chai,4.99,22820,https://www.pharmacity.vn/nuoc-muoi-sinh-ly-vinh-phuc-natriclorid-0-9-500ml
P12662,Dụng Cụ Vệ Sinh Lưỡi BEAUTY FORMULAS Giúp Làm Sạch Mảng Bám Trên Lưỡi,Sản phẩm chăm sóc răng miệng khác,san-pham-cham-soc-rang-mieng-khac,cham-soc-rang-mieng,Beauty Fomulas,68500,68500,0.0,Cái,4.86,7046,https://www.pharmacity.vn/dung-cu-ve-sinh-luoi-beauty-formulas
P12633,Kem Đánh Răng P/S Trẻ Em Từ 2-6 Tuổi Hương Dâu và Trái Cây (tuýp 45g),Kem đánh răng,kem-danh-rang,cham-soc-rang-mieng,P/S,21500,21500,0.0,Tuýp,4.89,7395,https://www.pharmacity.vn/kem-danh-rang-tre-em-tu-2-6-tuoi-huong-dau-trai-cay-ps-45g
P15979,Kem Đánh Răng SENSODYNE Rapid Action Giúp Giảm Ê Buốt Nhanh (Tuýp 100g),Kem đánh răng,kem-danh-rang,cham-soc-rang-mieng,Sensodyne (GSK OTC),108000,108000,0.0,Tuýp,4.62,6215,https://www.pharmacity.vn/kem-danh-rang-sensodyne-rapid-action-100g
P17527,Kem Đánh Răng SENSODYNE Gentle Whitening Trắng Sáng (tuýp 160g),Kem đánh răng,kem-danh-rang,cham-soc-rang-mieng,Sensodyne (GSK OTC),90950,107000,15.0,Tuýp,4.79,8206,https://www.pharmacity.vn/kem-danh-rang-gentle-whitening-sensodyne-160g
P17554,Nước Súc Miệng LISTERINE Green Tea Cho Răng Chắc Khỏe (Chai 750ml),Nước súc miệng,nuoc-suc-mieng,cham-soc-rang-mieng,Listerine,187000,187000,0.0,Chai,4.94,7436,https://www.pharmacity.vn/nuoc-suc-mieng-ngua-sau-rang-huong-tra-xanh-listerine-750ml
P17299,Kem đánh răng Colgate ngừa sâu răng hương bạc hà 225g,Kem đánh răng,kem-danh-rang,cham-soc-rang-mieng,Colgate,46000,46000,0.0,Hộp,4.72,6260,https://www.pharmacity.vn/kem-danh-rang-colgate-ngua-sau-rang-huong-bac-ha-225g
P18072,Bộ Đôi Bàn Chải Đánh Răng COLGATE 360 Charcoal Spiral Lông Chải Siêu Mềm Xoắn Kép Phủ Than,Bàn chải đánh răng,ban-chai-danh-rang,cham-soc-rang-mieng,Colgate,85000,85000,0.0,Bộ,4.87,7235,https://www.pharmacity.vn/bo-ban-chai-danh-rang-colgate-360-charcoal-spiral-vi-2-cay
P18080,Nước Súc Miệng Trẻ Em LISTERINE Vị Không Cay (Chai 250ml),Nước súc miệng,nuoc-suc-mieng,cham-soc-rang-mieng,Listerine,57000,57000,0.0,Chai,4.72,9416,https://www.pharmacity.vn/nuoc-suc-mieng-cho-tre-em-listerine-huong-berry-250ml
P25106,Nước Súc Miệng LISTERINE Total Care Sensitive Cho Răng Nhạy Cảm (Chai 250ml),Nước súc miệng,nuoc-suc-mieng,cham-soc-rang-mieng,Listerine,84000,84000,0.0,Chai,4.94,6696,https://www.pharmacity.vn/nuoc-suc-mieng-listerine-total-care-sensitive-cho-rang-nhay-cam-chai-250ml
P24604,Kem đánh răng P/S trà xanh (Tuýp 230g),Kem đánh răng,kem-danh-rang,cham-soc-rang-mieng,P/S,44805,51500,13.0,Hộp,4.76,7237,https://www.pharmacity.vn/ps-kdr-123-tra-xanh-230g
P29592,"Pharmacity Nước muối sinh lý Natri Clorid 0,9% Hương chanh (Chai 500ml)",Nước súc miệng,nuoc-suc-mieng,cham-soc-rang-mieng,Pharmacity,18000,18000,,Chai,4.77,3247,https://www.pharmacity.vn/nuoc-muoi-sinh-ly-pharmacity-natri-clorid-09-huong-chanh-500ml
P29595,"Pharmacity Nước muối sinh lý Natri Clorid 0,9% Hương bạc hà (Chai 500ml)",Nước súc miệng,nuoc-suc-mieng,cham-soc-rang-mieng,Pharmacity,18000,18000,,Chai,4.77,6683,https://www.pharmacity.vn/nuoc-muoi-sinh-ly-pharmacity-natri-clorid-09-huong-bac-ha-500ml
P29619,Kem Đánh Răng Marvis Whitening Mint Vị Bạc Hà hỗ trợ sạch mảng bám & trắng răng tự nhiên (85ml),Kem đánh răng,kem-danh-rang,cham-soc-rang-mieng,Marvis,195300,279000,30.0,Tuýp,4.89,2712,https://www.pharmacity.vn/kem-danh-rang-marvis-whitening-mint-vi-bac-ha-ho-tro-sach-mang-bam--trang-rang-tu-nhien-85ml
OL00014,Combo trắng răng Eucryl Bạc Hà,Kem đánh răng,kem-danh-rang,cham-soc-rang-mieng,Eucryl,118800,176000,32.0,Bộ,4.86,8386,https://www.pharmacity.vn/combo-trang-rang-eucryl-bac-ha
P11371,Kem đánh răng CLOSE UP than hoạt tính Detox (Tuýp 180g),Kem đánh răng,kem-danh-rang,cham-soc-rang-mieng,Close up,41860,46000,9.0,Hộp,4.7,6025,https://www.pharmacity.vn/kem-danh-rang-giup-rang-trang-sang-closeup-white-attraction-natural-glow-dua-than-hoat-tinh-180g
P23089,Nước Súc Miệng LISTERINE Gum Care Giúp Nướu Chắc Khỏe (Chai 750ml),Nước súc miệng,nuoc-suc-mieng,cham-soc-rang-mieng,Listerine,153900,171000,10.0,Chai,4.85,5316,https://www.pharmacity.vn/listerine-nsm-gum-care-vi-gung-750ml
P26443,Bộ Đôi Bàn Chải Đánh Răng COLGATE Cushion Clean Charcoal,Bàn chải đánh răng,ban-chai-danh-rang,cham-soc-rang-mieng,Colgate,90000,100000,10.0,Bộ,4.55,8201,https://www.pharmacity.vn/colgate-bo-doi-bcdr-cushion-clean-charcoal
P26446,Kem đánh răng Sensodyne Deep Clean 100g,Kem đánh răng,kem-danh-rang,cham-soc-rang-mieng,Sensodyne (GSK OTC),68640,78000,12.0,Hộp,4.98,7267,https://www.pharmacity.vn/sensodyne-kem-danh-rang-deep-clean-100g
P18064,"Kem đánh răng COLGATE Optic White Volcanic Mineral làm sáng răng, loại bỏ các vết ố màu (Tuýp 100g)",Kem đánh răng,kem-danh-rang,cham-soc-rang-mieng,Colgate,46750,55000,15.0,Tuýp,4.79,7824,https://www.pharmacity.vn/kem-danh-rang-colgate-optic-white-volcanic-mineral-100g
P11368,Bàn Chải Đánh Răng COLGATE Barbie Cho Bé Gái,Bàn chải đánh răng,ban-chai-danh-rang,cham-soc-rang-mieng,Colgate,38000,38000,0.0,Cây,4.96,7007,https://www.pharmacity.vn/ban-chai-danh-rang-cho-be-gai-colgate-barbie
P17508,Bộ Đôi Bàn Chải Đánh Răng COLGATE SlimSoft Advanced Siêu Mềm Mảnh,Bàn chải đánh răng,ban-chai-danh-rang,cham-soc-rang-mieng,Colgate,81000,81000,0.0,Cây,4.95,6539,https://www.pharmacity.vn/bo-doi-ban-chai-danh-rang-colgate-slimsoft-advanced
P20092,Bàn Chải Đánh Răng SENSODYNE Sensitive & Gum Soft Lông Tơ Mềm Mại,Bàn chải đánh răng,ban-chai-danh-rang,cham-soc-rang-mieng,Sensodyne (GSK OTC),57600,64000,10.0,Cái,4.99,7247,https://www.pharmacity.vn/ban-chai-danh-rang-cho-rang-e-buot-sensodyne-sensitivity-gum-vi-1-cai
P26440,Kem Đánh Răng Colgate Optic White O2 Peach Osmanthus (tuýp 85g),Kem đánh răng,kem-danh-rang,cham-soc-rang-mieng,Colgate,103500,115000,10.0,Hộp,4.75,8088,https://www.pharmacity.vn/colgate-kem-danh-rang-optic-white-o2-peach-85g
P09600,Băng vệ sinh Diana Sensi Cool Fresh Siêu thấm có cánh 23cm (8 miếng),Băng vệ sinh,bang-ve-sinh,ve-sinh-phu-nu,Diana,27000,27000,0.0,Gói,4.89,11139,https://www.pharmacity.vn/bang-ve-sinh-diana-sensi-cool-fresh-sieu-tham-co-canh-23cm-8-mieng
P03249,Băng Vệ Sinh DIANA Siêu Thấm Cánh (8 Miếng),Băng vệ sinh,bang-ve-sinh,ve-sinh-phu-nu,Diana,27500,27500,,Gói,4.76,9956,https://www.pharmacity.vn/dian-bvs-sieu-tham-canh-8m
P04720,Băng Vệ Sinh Hằng Ngày KOTEX Hương Tự Nhiên (20 Miếng),Băng vệ sinh,bang-ve-sinh,ve-sinh-phu-nu,Kotex,21000,21000,0.0,Gói,4.93,9358,https://www.pharmacity.vn/kotex-hn-huong-tu-nhien-20m
P04801,Băng Vệ Sinh Kháng Khuẩn Hàng Ngày DIANA SENSI (8 Miếng),Băng vệ sinh,bang-ve-sinh,ve-sinh-phu-nu,Diana,10000,10000,0.0,Gói,4.99,7696,https://www.pharmacity.vn/diana-bvs-hang-ngay-st-khang-khuan-8m
P11374,Băng vệ sinh Diana siêu thấm siêu mỏng cánh (Gói 20 miếng),Băng vệ sinh,bang-ve-sinh,ve-sinh-phu-nu,Diana,47600,56000,15.0,Gói,4.55,7701,https://www.pharmacity.vn/bang-ve-sinh-diana-sieu-tham-sieu-mong-canh-goi-20-mieng
P12843,Băng vệ sinh ban đêm dạng quần Diana Super Night Size S-M (2 chiếc/gói),Băng vệ sinh,bang-ve-sinh,ve-sinh-phu-nu,Diana,44000,44000,,Gói,4.85,10553,https://www.pharmacity.vn/bang-ve-sinh-ban-dem-dang-quan-diana-super-night-size-s-m-2-chiecgoi
P12846,Tã dán siêu thấm cho người lớn Caryn size XL (Gói 10 miếng),Tã dán,ta-dan,ve-sinh-phu-nu,Caryn,159000,159000,0.0,Gói,4.98,8632,https://www.pharmacity.vn/ta-dan-sieu-tham-cho-nguoi-lon-caryn-size-xl-goi-10-mieng
P14041,Băng vệ sinh siêu mỏng mát lạnh Diana Sensi Cool Fresh (Gói 20 miếng),Băng vệ sinh,bang-ve-sinh,ve-sinh-phu-nu,Diana,61000,61000,,Gói,4.99,9388,https://www.pharmacity.vn/bang-ve-sinh-sieu-mong-mat-lanh-diana-sensi-cool-fresh-goi-20-mieng
P17786,Cốc nguyệt san siêu mềm BeU Cup,Băng vệ sinh,bang-ve-sinh,ve-sinh-phu-nu,Beucup,399200,499000,20.0,Cái,4.68,7912,https://www.pharmacity.vn/coc-nguyet-san-sieu-mem-beu-cup
P18208,Băng vệ sinh ban đêm siêu thấm có cánh Diana Supernight 35cm (Gói 12 miếng),Băng vệ sinh,bang-ve-sinh,ve-sinh-phu-nu,Diana,83000,83000,0.0,Gói,4.96,5824,https://www.pharmacity.vn/bang-ve-sinh-ban-dem-sieu-tham-co-canh-diana-supernight-35cm-goi-12-mieng
P21582,Dung dịch vệ sinh phụ nữ cao cấp hằng ngày Femfresh Daily Intimate Wash (250ml),Dung dịch vệ sinh phụ nữ,dung-dich-ve-sinh-phu-nu,ve-sinh-phu-nu,Femfresh,186000,186000,0.0,Chai,4.82,6660,https://www.pharmacity.vn/femfresh-dung-dich-ve-sinh-phu-nu-cao-cap-hang-ngay-daily-intimate-wash-250ml
P23144,Băng vệ sinh siêu mỏng không cánh Diana Sensi Cool Fresh (Gói 20 miếng),Băng vệ sinh,bang-ve-sinh,ve-sinh-phu-nu,Diana,58000,58000,0.0,Gói,4.74,6811,https://www.pharmacity.vn/diana-bvs-sensi-cool-fresh-sieu-mong-khong-canh-23cm-20m
P23803,Băng vệ sinh Kotex Max Cool  siêu mỏng có cánh 23cm (20 miếng),Băng vệ sinh,bang-ve-sinh,ve-sinh-phu-nu,Kotex,58000,58000,,Gói,4.8,9301,https://www.pharmacity.vn/kotex-max-cool-bang-ve-sinh-sieu-mong-co-canh-23cm-20m
P19284,Dung Dịch Vệ Sinh Saforelle Soin Lavant Ultra Hydratant  (chai 100ml),Dung dịch vệ sinh phụ nữ,dung-dich-ve-sinh-phu-nu,ve-sinh-phu-nu,Saforelle,175000,175000,0.0,Chai,4.51,5928,https://www.pharmacity.vn/saforelle-ddvs-tang-cuong-duong-am-chiet-xuat-lo-hoi-100ml
P29282,Băng quần ban đêm Kotex Herbal size M-L (2 miếng/gói),Băng vệ sinh,bang-ve-sinh,ve-sinh-phu-nu,Kotex,42000,42000,,Gói,4.61,12214,https://www.pharmacity.vn/bang-quan-ban-dem-kotex-herbal-size-m-l-2-mienggoi
P30109,Dung dịch vệ sinh Saforelle Ultra Mild Cleansing Foam (Ultra Douce) 250ml,Dung dịch vệ sinh phụ nữ,dung-dich-ve-sinh-phu-nu,ve-sinh-phu-nu,Saforelle,280000,280000,0.0,Hộp,4.85,1313,https://www.pharmacity.vn/dung-dich-ve-sinh-saforelle-ultra-mild-cleansing-foam-ultra-douce-250ml
P27323,Băng vệ sinh Molped tự nhiên siêu bảo vệ siêu thấm mỏng cánh (23 cm x 8 Miếng),Băng vệ sinh,bang-ve-sinh,ve-sinh-phu-nu,Molped,22000,22000,0.0,Gói,4.85,8298,https://www.pharmacity.vn/molped-bvs-thien-nhien-ban-ngay-sieu-mong-canh-23cm-8m
P27324,Băng vệ sinh Molped mát lạnh siêu mỏng cánh (23cm x 8 miếng),Băng vệ sinh,bang-ve-sinh,ve-sinh-phu-nu,Molped,22000,22000,0.0,Gói,4.54,10665,https://www.pharmacity.vn/molped-bvs-thien-nhien-mat-lanh-ban-ngay-sieu-mong-canh-23cm-8m
P27850,Sữa Vệ Sinh Phụ Nữ Shema Lá Đôi Xanh (200ml),Dung dịch vệ sinh phụ nữ,dung-dich-ve-sinh-phu-nu,ve-sinh-phu-nu,Shema Baby,40000,40000,0.0,Hộp,4.61,9153,https://www.pharmacity.vn/sua-ve-sinh-phu-nu-shema-la-doi-xanh-200ml
P27882,Băng vệ sinh Kotex bảo vệ toàn diện cho ngày nhiều và đêm 28cm (14 miếng),Băng vệ sinh,bang-ve-sinh,ve-sinh-phu-nu,Kotex,47000,47000,0.0,Gói,4.5,4024,https://www.pharmacity.vn/bang-ve-sinh-kotex-bao-ve-toan-dien-cho-ngay-nhieu-va-dem-28cm-14-mieng
P28806,Pharmacity Dung dịch vệ sinh phụ nữ dạng bọt làm sạch dịu nhẹ (Chai100ml),Dung dịch vệ sinh phụ nữ,dung-dich-ve-sinh-phu-nu,ve-sinh-phu-nu,Pharmacity,68000,68000,0.0,Chai,4.66,7376,https://www.pharmacity.vn/dung-dich-ve-sinh-phu-nu-pharmacity-dang-bot-lam-sach-diu-nhe-100-ml
P30963,Kotex BVS Cicada SMC 24cm 7M,Băng vệ sinh,bang-ve-sinh,ve-sinh-phu-nu,Kotex,39500,39500,,Gói,4.78,9567,https://www.pharmacity.vn/kotex-bvs-cicada-smc-24cm-7m
P30966,Kotex BVS Mặt Bông Cotton SMC 24cm 8M,Băng vệ sinh,bang-ve-sinh,ve-sinh-phu-nu,Kotex,40000,40000,,Gói,4.53,4293,https://www.pharmacity.vn/kotex-bvs-mat-bong-cotton-smc-24cm-8m
P30968,Kotex BVS Hằng Ngày Bông Thuần Khiết 19cm 10M,Băng vệ sinh,bang-ve-sinh,ve-sinh-phu-nu,Kotex,29500,29500,0.0,Gói,4.97,7874,https://www.pharmacity.vn/kotex-bvs-hang-ngay-bong-thuan-khiet-19cm-10m
P03251,Băng Vệ Sinh DIANA Siêu Thấm Siêu Mỏng Cánh (8 Miếng),Băng vệ sinh,bang-ve-sinh,ve-sinh-phu-nu,Diana,26000,26000,0.0,Gói,4.85,7979,https://www.pharmacity.vn/diana-bvs-sieu-tham-sieu-mong-ko-canh-8m
P04450,Dung Dịch Vệ Sinh Phụ Nữ Lactacyd Pro Sensitive (250ml),Dung dịch vệ sinh phụ nữ,dung-dich-ve-sinh-phu-nu,ve-sinh-phu-nu,Sanofi CHC (Lactacyd brand),120000,120000,0.0,Chai,4.65,7103,https://www.pharmacity.vn/dung-dich-ve-sinh-phu-nu-lactacyd-pro-sensitive-250ml
P04695,Băng Vệ Sinh Ban Đêm DIANA SENSI NIGHT 29 cm (4 Miếng),Băng vệ sinh,bang-ve-sinh,ve-sinh-phu-nu,Diana,22000,22000,,Gói,4.97,7389,https://www.pharmacity.vn/bang-ve-sinh-ban-dem-diana-sensi-night-29cm-4-mienggoi
P09608,Dung Dịch Vệ Sinh Phụ Nữ Lactacyd Odor Fresh (150ml),Dung dịch vệ sinh phụ nữ,dung-dich-ve-sinh-phu-nu,ve-sinh-phu-nu,Sanofi CHC (Lactacyd brand),63000,63000,,Chai,4.7,8242,https://www.pharmacity.vn/dung-dich-ve-sinh-phu-nu-lactacyd-odor-fresh-150ml
P10808,Dung dịch vệ sinh phụ nữ Crevil intim waschlotion (100ml),Dung dịch vệ sinh phụ nữ,dung-dich-ve-sinh-phu-nu,ve-sinh-phu-nu,Crevil,135000,135000,0.0,Chai,4.76,1636,https://www.pharmacity.vn/dung-dich-ve-sinh-phu-nu-crevil-intim-waschlotion-100ml
P11373,Băng vệ sinh Diana Sensi kháng khuẩn siêu mỏng cánh (20 miếng/gói),Băng vệ sinh,bang-ve-sinh,ve-sinh-phu-nu,Diana,49300,58000,15.0,Gói,4.65,9949,https://www.pharmacity.vn/bang-ve-sinh-diana-sensi-khang-khuan-sieu-mong-canh-20-mienggoi
P12638,Băng vệ sinh ban đêm siêu thoáng Diana Sensi Cool Fresh 35cm (3 miếng/gói),Băng vệ sinh,bang-ve-sinh,ve-sinh-phu-nu,Diana,27000,27000,,Gói,4.57,8779,https://www.pharmacity.vn/bang-ve-sinh-ban-dem-sieu-thoang-diana-sensi-cool-fresh-35cm-3-mienggoi
P18032,Băng vệ sinh Kotex Max Cool siêu mỏng cánh (gói 8 miếng),Băng vệ sinh,bang-ve-sinh,ve-sinh-phu-nu,Kotex,25000,25000,0.0,Gói,4.8,17429,https://www.pharmacity.vn/bang-ve-sinh-kotex-max-cool-sieu-mong-canh-goi-8-mieng
P18193,Băng vệ sinh siêu mỏng cánh Sofy Skin Comfort Ultra Thin 26cm (Gói 17 miếng),Băng vệ sinh,bang-ve-sinh,ve-sinh-phu-nu,Sofy,74400,93000,20.0,Gói,4.55,11929,https://www.pharmacity.vn/bang-ve-sinh-sieu-mong-canh-sofy-skin-comfort-ultra-thin-26cm-goi-17-mieng
P18200,Băng vệ sinh bạc hà mát lạnh có cánh Laurier Super Slimguard Cool 22.5cm (16 miếng),Băng vệ sinh,bang-ve-sinh,ve-sinh-phu-nu,Laurier,85000,85000,0.0,Gói,4.95,7355,https://www.pharmacity.vn/bang-ve-sinh-bac-ha-mat-lanh-co-canh-laurier-super-slimguard-cool-225cm-16-mieng
P18209,Băng vệ sinh ban đêm siêu thấm cánh Diana Supernight 29cm (12 miếng),Băng vệ sinh,bang-ve-sinh,ve-sinh-phu-nu,Diana,59000,59000,0.0,Gói,4.95,6973,https://www.pharmacity.vn/bang-ve-sinh-ban-dem-sieu-tham-canh-diana-supernight-29cm-12-mieng
P17486,Băng vệ sinh siêu thấm Diana Cool Fresh mỏng không cánh 23cm (Gói 8 miếng),Băng vệ sinh,bang-ve-sinh,ve-sinh-phu-nu,Diana,26000,26000,0.0,Gói,4.51,6658,https://www.pharmacity.vn/bang-ve-sinh-sieu-tham-diana-cool-fresh-mong-khong-canh-23cm-goi-8-mieng
P17487,Băng vệ sinh siêu mỏng không cánh Diana Cool Fresh 23cm (8 miếng),Băng vệ sinh,bang-ve-sinh,ve-sinh-phu-nu,Diana,27500,27500,0.0,Gói,4.8,6843,https://www.pharmacity.vn/diana-bvs-cool-fresh-sieu-mong-khong-canh-23cm-8m
P23129,Gel vệ sinh phụ nữ X2 Nano nghệ Cocayhoala (Chai 150ml),Dung dịch vệ sinh phụ nữ,dung-dich-ve-sinh-phu-nu,ve-sinh-phu-nu,Cocayhoala,221400,246000,10.0,Chai,4.54,5189,https://www.pharmacity.vn/co-cay-hoa-la-gel-ve-sinh-phu-nu-x2-nano-nghe-150ml
P23142,Băng vệ sinh mát dịu siêu mỏng có cánh Diana SenSi Cool Fresh (8 Miếng),Băng vệ sinh,bang-ve-sinh,ve-sinh-phu-nu,Diana,22400,28000,20.0,Gói,4.97,10841,https://www.pharmacity.vn/diana-bvs-sensi-cool-fresh-mat-diu-sieu-mong-canh-8m
P25459,Băng vệ sinh Sensi Supernight 29cm (Gói 12 miếng),Băng vệ sinh,bang-ve-sinh,ve-sinh-phu-nu,Diana,58000,58000,0.0,Gói,4.68,4968,https://www.pharmacity.vn/diana-bvs-ban-dem-sensi-night-29cm-12m
P29186,Băng vệ sinh dạng quần Diana Comfy Night Size M-L (5 Chiếc/Gói),Băng vệ sinh,bang-ve-sinh,ve-sinh-phu-nu,Diana,71000,71000,,Gói,4.6,11404,https://www.pharmacity.vn/diana-bvs-dang-quan-comfy-night-size-m-l-5-chiecgoi
P28808,Pharmacity Dung dịch vệ sinh phụ nữ dạng gel dưỡng ẩm mềm mại (Chai 100ml),Dung dịch vệ sinh phụ nữ,dung-dich-ve-sinh-phu-nu,ve-sinh-phu-nu,Pharmacity,19000,38000,50.0,Chai,4.95,10870,https://www.pharmacity.vn/dung-dich-ve-sinh-phu-nu-pharmacity-dang-gel-duong-am-mem-mai-100ml
P28809,Pharmacity Khăn ướt vệ sinh phụ nữ làm sạch dịu nhẹ (Gói 20 miếng),Dung dịch vệ sinh phụ nữ,dung-dich-ve-sinh-phu-nu,ve-sinh-phu-nu,Pharmacity,17500,35000,50.0,Gói,4.63,9695,https://www.pharmacity.vn/khan-uot-ve-sinh-phu-nu-pharmacity-lam-sach-diu-nhe-20-mieng
P30092,Dung dịch vệ sinh phụ nữ Dạ Hương Chăm sóc toàn diện 100ml,Dung dịch vệ sinh phụ nữ,dung-dich-ve-sinh-phu-nu,ve-sinh-phu-nu,Da Huong,40940,44500,8.0,Hộp,4.73,5028,https://www.pharmacity.vn/dung-dich-ve-sinh-phu-nu-da-huong-cham-soc-toan-dien-100ml
P30093,Dung dịch vệ sinh phụ nữ Dạ Hương Thoáng sạch 100ml,Dung dịch vệ sinh phụ nữ,dung-dich-ve-sinh-phu-nu,ve-sinh-phu-nu,Da Huong,41860,45500,8.0,Hộp,4.79,6580,https://www.pharmacity.vn/dung-dich-ve-sinh-phu-nu-da-huong-thoang-sach-100ml
P27325,Băng vệ sinh thiên nhiên ban đêm có cánh Molped (35cm x 3 miếng),Băng vệ sinh,bang-ve-sinh,ve-sinh-phu-nu,Molped,20000,20000,0.0,Gói,4.9,11522,https://www.pharmacity.vn/molped-bvs-thien-nhien-ban-dem-co-canh-35cm-3m
P30967,Kotex BVS BioCare SMC 23cm 6M,Băng vệ sinh,bang-ve-sinh,ve-sinh-phu-nu,Kotex,25000,25000,0.0,Gói,4.78,5712,https://www.pharmacity.vn/kotex-bvs-biocare-smc-23cm-6m
P30702,Kotex BVS Nam Việt Quốc SMC 24cm 8M,Băng vệ sinh,bang-ve-sinh,ve-sinh-phu-nu,Kotex,45000,45000,,Gói,4.61,2825,https://www.pharmacity.vn/tang-1-bvs-kotex-nam-viet-quoc-8-mieng
P00044,Dung Dịch Vệ Sinh Saforelle Soin Lavant Doux Apaisant (chai 100ml),Dung dịch vệ sinh phụ nữ,dung-dich-ve-sinh-phu-nu,ve-sinh-phu-nu,Saforelle,133000,133000,0.0,Chai,4.73,7780,https://www.pharmacity.vn/gel-rua-phu-khoa-saforelle-100ml
P03252,Băng vệ sinh Diana siêu thấm siêu mỏng không cánh 23cm (Gói 8 miếng),Băng vệ sinh,bang-ve-sinh,ve-sinh-phu-nu,Diana,26500,26500,0.0,Gói,4.85,8299,https://www.pharmacity.vn/diana-bvs-sieu-tham-sieu-mong-ko-canh-goi-8-mieng
P04869,Dung Dịch Vệ Sinh Phụ Nữ Lactacyd Soft & Silky (150ml),Dung dịch vệ sinh phụ nữ,dung-dich-ve-sinh-phu-nu,ve-sinh-phu-nu,Sanofi CHC (Lactacyd brand),72000,72000,,Chai,4.97,6815,https://www.pharmacity.vn/dung-dich-ve-sinh-phu-nu-lactacyd-soft--silky-150ml
P04708,Băng Vệ Sinh KOTEX LUXE TAMPONS (Hộp 16 Tampons ),Băng vệ sinh,bang-ve-sinh,ve-sinh-phu-nu,Kotex,74000,74000,,Hộp,4.98,9910,https://www.pharmacity.vn/bang-ve-sinh-kotex-luxe-tampons-16-tampons-loai-vua-hop
P04694,Băng Vệ Sinh DIANA SENSI  Siêu Mỏng Cánh (8 Miếng),Băng vệ sinh,bang-ve-sinh,ve-sinh-phu-nu,Diana,27000,27000,,Gói,4.54,9139,https://www.pharmacity.vn/bang-ve-sinh-sieu-mong-canh-diana-sensi-8-mieng-goi
P08276,Băng vệ sinh kháng khuẩn hàng ngày Diana Sensi (20 miếng/gói),Băng vệ sinh,bang-ve-sinh,ve-sinh-phu-nu,Diana,20500,20500,0.0,Gói,4.58,11716,https://www.pharmacity.vn/bang-ve-sinh-khang-khuan-hang-ngay-diana-sensi-20-mieng-goi
P08754,Băng vệ sinh siêu mỏng cánh ban đêm Kotex Style (3 miếng/gói),Băng vệ sinh,bang-ve-sinh,ve-sinh-phu-nu,Kotex,11000,22000,50.0,Gói,4.66,5344,https://www.pharmacity.vn/bang-ve-sinh-sieu-mong-canh-ban-dem-kotex-style-3-mieng-goi
P09561,Băng vệ sinh ban ngày siêu mỏng cánh Laurier Super Slimguard 22.5cm (10 miếng/gói),Băng vệ sinh,bang-ve-sinh,ve-sinh-phu-nu,Laurier,45000,45000,0.0,Gói,4.97,11563,https://www.pharmacity.vn/bang-ve-sinh-ban-ngay-sieu-mong-canh-laurier-super-slimguard-225cm-10-mienggoi
P11372,Băng vệ sinh Diana Sensi siêu mỏng không cánh (Gói 8 miếng),Băng vệ sinh,bang-ve-sinh,ve-sinh-phu-nu,Diana,27000,27000,0.0,Gói,4.87,7538,https://www.pharmacity.vn/bang-ve-sinh-diana-sensi-sieu-mong-khong-canh-goi-8-mieng
P14056,Băng vệ sinh siêu êm thoáng ban đêm Sofy Skin Comfort 36cm (4 miếng/gói),Băng vệ sinh,bang-ve-sinh,ve-sinh-phu-nu,Sofy,31600,39500,20.0,Gói,4.77,9855,https://www.pharmacity.vn/bang-ve-sinh-sieu-em-thoang-ban-dem-sofy-skin-comfort-36cm-4-mienggoi
P12836,Quần lót miễn giặt cho nữ Travel-Mate size L (5 cái/gói),Sản phẩm vệ sinh khác,san-pham-ve-sinh-khac,ve-sinh-phu-nu,Travel-Mate,37000,37000,,Gói,4.99,16596,https://www.pharmacity.vn/quan-lot-mien-giat-cho-nu-travel-mate-size-l-5-caigoi
P12837,Quần lót miễn giặt cho nữ Travel-Mate size XL (5 cái/gói),Sản phẩm vệ sinh khác,san-pham-ve-sinh-khac,ve-sinh-phu-nu,Travel-Mate,37000,37000,,Gói,4.57,14211,https://www.pharmacity.vn/quan-lot-mien-giat-cho-nu-travel-mate-size-xl-5-caigoi
P12847,Tấm đệm lót mỏng nhẹ size XL Caryn (14 miếng/gói),Tã dán,ta-dan,ve-sinh-phu-nu,Caryn,114000,114000,0.0,Gói,4.97,8952,https://www.pharmacity.vn/tam-dem-lot-mong-nhe-size-xl-caryn-14-mienggoi
P13640,Băng vệ sinh Kotex Siêu ban đêm 35cm (8 miếng/ gói),Băng vệ sinh,bang-ve-sinh,ve-sinh-phu-nu,Kotex,36000,45000,20.0,Gói,4.97,8262,https://www.pharmacity.vn/bang-ve-sinh-kotex-sieu-ban-dem-35cm-8-mieng-goi
P17762,Băng vệ sinh hàng ngày Kotex Cool (20 miếng),Băng vệ sinh,bang-ve-sinh,ve-sinh-phu-nu,Kotex,25000,25000,,Gói,4.52,9762,https://www.pharmacity.vn/bang-ve-sinh-hang-ngay-kotex-cool-20-mieng
P18203,Băng vệ sinh hàng ngày siêu mỏng dịu mát từ thảo dược Kotex (Gói 40 miếng),Băng vệ sinh,bang-ve-sinh,ve-sinh-phu-nu,Kotex,46000,46000,,Gói,4.83,7134,https://www.pharmacity.vn/bang-ve-sinh-hang-ngay-sieu-mong-diu-mat-tu-thao-duoc-kotex-goi-40-mieng
P18205,Băng vệ sinh hàng ngày kháng khuẩn Diana Sensi 15.5cm (Gói 40 miếng),Băng vệ sinh,bang-ve-sinh,ve-sinh-phu-nu,Diana,28900,34000,15.0,Gói,4.6,10423,https://www.pharmacity.vn/bang-ve-sinh-hang-ngay-khang-khuan-diana-sensi-155cm-goi-40-4-mieng
P17506,Băng vệ Laurier Fresh & Free siêu mỏng cánh siêu thấm tối đa (Gói 20 miếng),Băng vệ sinh,bang-ve-sinh,ve-sinh-phu-nu,Laurier,48000,48000,,Gói,4.96,12641,https://www.pharmacity.vn/bang-ve-laurier-fresh-free-sieu-mong-canh-sieu-tham-toi-da-goi-20-mieng
P18774,Băng vệ sinh dạng quần chống tràn 360 độ Diana Sensi (Gói 5 cái - Size M-L),Băng vệ sinh,bang-ve-sinh,ve-sinh-phu-nu,Diana,103000,103000,,Gói,4.79,24562,https://www.pharmacity.vn/bang-ve-sinh-dang-quan-chong-tran-360-do-diana-sensi-goi-5-cai-size-m-l
P27321,Dung dịch vệ sinh phụ nữ hàng ngày DottorPrimo Emergyn Fresh 100ml,Dung dịch vệ sinh phụ nữ,dung-dich-ve-sinh-phu-nu,ve-sinh-phu-nu,Dottorprimo,111000,111000,0.0,Chai,4.94,7007,https://www.pharmacity.vn/dottorprimo-emergyn-fresh-gel-ve-sinh-vung-kin-hang-ngay-chai-100ml
P25943,Băng vệ sinh Diana than hoạt tính siêu thấm siêu mỏng cánh (Gói 8 miếng),Băng vệ sinh,bang-ve-sinh,ve-sinh-phu-nu,Diana,27000,27000,0.0,Gói,4.88,6771,https://www.pharmacity.vn/diana-bvs-than-hoat-tinh-sieu-tham-sieu-mong-canh-8m
P25944,Băng vệ sinh Diana than hoạt tính Sensi siêu mỏng cánh (Gói 8 miếng),Băng vệ sinh,bang-ve-sinh,ve-sinh-phu-nu,Diana,27000,27000,0.0,Gói,4.99,8269,https://www.pharmacity.vn/diana-bvs-than-hoat-tinh-sensi-sieu-mong-canh-8m
P05585,Băng Vệ Sinh KOTEX STYLE Siêu Mỏng Cánh (8 Miếng),Băng vệ sinh,bang-ve-sinh,ve-sinh-phu-nu,Kotex,24000,24000,,Gói,4.79,15593,https://www.pharmacity.vn/kotex-style-sm-canh-8m
P08756,Băng vệ sinh hằng ngày Kotex (40 miếng/gói),Băng vệ sinh,bang-ve-sinh,ve-sinh-phu-nu,Kotex,34000,34000,,Gói,4.76,10605,https://www.pharmacity.vn/bang-ve-sinh-hang-ngay-huong-tu-nhien-kotex-40-mieng-goi
P06631,Băng Vệ Sinh Hàng Ngày LAURIER Không Hương (20 Miếng),Băng vệ sinh,bang-ve-sinh,ve-sinh-phu-nu,Laurier,17600,22000,20.0,Gói,4.92,10013,https://www.pharmacity.vn/bvs-laurier-hang-ngay-khong-huong-20-mienggoi
P12637,Băng vệ sinh mát lạnh hàng ngày Diana Sensi Cool Fresh (40 miếng/gói),Băng vệ sinh,bang-ve-sinh,ve-sinh-phu-nu,Diana,48000,48000,,Gói,4.66,6844,https://www.pharmacity.vn/bang-ve-sinh-mat-lanh-hang-ngay-diana-sensi-cool-fresh-40-mienggoi
P19807,Dung Dịch Vệ Sinh Phụ Nữ Lactacyd Pro Sensitive (150ml),Dung dịch vệ sinh phụ nữ,dung-dich-ve-sinh-phu-nu,ve-sinh-phu-nu,Sanofi CHC (Lactacyd brand),71000,71000,0.0,Chai,4.71,8240,https://www.pharmacity.vn/dung-dich-ve-sinh-phu-nu-lactacyd-pro-sensitive-150ml
P17513,Băng vệ sinh siêu ban đêm Kotex 28cm (12 miếng),Băng vệ sinh,bang-ve-sinh,ve-sinh-phu-nu,Kotex,40800,51000,20.0,Gói,4.85,8276,https://www.pharmacity.vn/kotex-bvs-sieu-ban-dem-28cm-12m
P18126,Dung Dịch Vệ Sinh Phụ Nữ Lactacyd Odor Fresh (250ml),Dung dịch vệ sinh phụ nữ,dung-dich-ve-sinh-phu-nu,ve-sinh-phu-nu,Sanofi CHC (Lactacyd brand),102000,102000,0.0,Chai,4.62,9568,https://www.pharmacity.vn/dung-dich-ve-sinh-phu-nu-lactacyd-odor-fresh-250ml
P18198,Băng vệ sinh ban đêm siêu thấm hút có cánh Laurier 35cm (Gói 4 miếng),Băng vệ sinh,bang-ve-sinh,ve-sinh-phu-nu,Laurier,22400,28000,20.0,Gói,4.66,8436,https://www.pharmacity.vn/bang-ve-sinh-ban-dem-sieu-tham-hut-co-canh-laurier-35cm-goi-4-mieng
P25085,Băng vệ sinh ban ngày siêu mỏng có cánh Kotex Gardenia Deo+ 23cm (20 miếng),Băng vệ sinh,bang-ve-sinh,ve-sinh-phu-nu,Kotex,55000,55000,0.0,Gói,4.94,6283,https://www.pharmacity.vn/kotex-gardenia-deo-bvs-ban-ngay-co-canh-23cm-20m
P21581,Dung dịch vệ sinh phụ nữ cao cấp Femfresh Soothing Wash (250ml),Dung dịch vệ sinh phụ nữ,dung-dich-ve-sinh-phu-nu,ve-sinh-phu-nu,Femfresh,236000,236000,0.0,Chai,4.79,9320,https://www.pharmacity.vn/femfresh-dung-dich-ve-sinh-phu-nu-dac-tri-cao-cap-soothing-wash-250ml
P28959,Pharmacity Dung dịch vệ sinh phụ nữ dạng gel hương thơm tươi mát (Chai 100ml),Dung dịch vệ sinh phụ nữ,dung-dich-ve-sinh-phu-nu,ve-sinh-phu-nu,Pharmacity,19000,38000,50.0,Chai,4.69,6687,https://www.pharmacity.vn/dung-dich-ve-sinh-phu-nu-pharmacity-dang-gel-huong-thom-tuoi-mat-100ml
P29227,Dung Dịch Vệ Sinh Phụ Nữ Lactacyd Cool Sensation (250ml),Dung dịch vệ sinh phụ nữ,dung-dich-ve-sinh-phu-nu,ve-sinh-phu-nu,Sanofi CHC (Lactacyd brand),119000,119000,0.0,Chai,4.96,3092,https://www.pharmacity.vn/dung-dich-ve-sinh-phu-nu-lactacyd-cool-sensation-250ml
P21701,Băng vệ sinh ban đêm dạng quần Kotex size M/L (Gói 2 miếng),Băng vệ sinh,bang-ve-sinh,ve-sinh-phu-nu,Kotex,38000,38000,,Gói,4.83,21705,https://www.pharmacity.vn/bang-ve-sinh-ban-dem-dang-quan-kotex-size-ml-goi-2-mieng
P27207,Tã quần loại mỏng thoáng Caryn size M (16 miếng/gói),Tã dán,ta-dan,ve-sinh-phu-nu,Caryn,189660,218000,13.0,Gói,4.7,5226,https://www.pharmacity.vn/caryn-ta-quan-loai-mong-nhe-size-m-16m
P30094,Dung dịch vệ sinh phụ nữ Dạ Hương Dịu nhẹ 100ml,Dung dịch vệ sinh phụ nữ,dung-dich-ve-sinh-phu-nu,ve-sinh-phu-nu,Da Huong,53500,53500,0.0,Hộp,4.96,3300,https://www.pharmacity.vn/dung-dich-ve-sinh-phu-nu-da-huong-diu-nhe-100ml
P30095,Dung dịch vệ sinh phụ nữ Dạ Hương Mềm mịn 100ml,Dung dịch vệ sinh phụ nữ,dung-dich-ve-sinh-phu-nu,ve-sinh-phu-nu,Da Huong,53500,53500,0.0,Hộp,4.67,4991,https://www.pharmacity.vn/dung-dich-ve-sinh-phu-nu-da-huong-mem-min-100ml
P30108,Dung dịch vệ sinh Saforelle Fresh Cleansing care (Fraicheur) 100ml,Dung dịch vệ sinh phụ nữ,dung-dich-ve-sinh-phu-nu,ve-sinh-phu-nu,Saforelle,172000,172000,,Hộp,4.54,1469,https://www.pharmacity.vn/dung-dich-ve-sinh-saforelle-fresh-cleansing-care-fraicheur-100ml
P37398,Băng vệ sinh Diana dạng quần Double Fresh Size M-L (2 miếng),Băng vệ sinh,bang-ve-sinh,ve-sinh-phu-nu,Diana,34000,34000,,Gói,4.73,2995,https://www.pharmacity.vn/diana-bvs-dang-quan-double-fresh-size-m-l-2m
P00890,Dung Dịch Vệ Sinh Saforelle Soin Lavant Doux Apaisant (chai 250ml),Dung dịch vệ sinh phụ nữ,dung-dich-ve-sinh-phu-nu,ve-sinh-phu-nu,Saforelle,236000,236000,0.0,Chai,4.74,8964,https://www.pharmacity.vn/gel-rua-phu-khoa-saforelle-250ml
P03250,Băng Vệ Sinh DIANA Siêu Thấm Không Cánh (8 Miếng),Băng vệ sinh,bang-ve-sinh,ve-sinh-phu-nu,Diana,25500,25500,0.0,Gói,4.94,7419,https://www.pharmacity.vn/bang-ve-sinh-diana-sieu-tham-khong-canh-8-mienggoi
P03253,Băng Vệ Sinh Ban Đêm DIANA SUPER NIGHT 35Cm (3 Miếng),Băng vệ sinh,bang-ve-sinh,ve-sinh-phu-nu,Diana,20400,24000,15.0,Gói,4.87,12925,https://www.pharmacity.vn/bang-ve-sinh-ban-dem-diana-super-night-35cm-3-mienggoi
P04214,Dung Dịch Vệ Sinh Phụ Nữ Lactacyd Soft & Silky (250ml),Dung dịch vệ sinh phụ nữ,dung-dich-ve-sinh-phu-nu,ve-sinh-phu-nu,Sanofi CHC (Lactacyd brand),106000,106000,0.0,Chai,4.57,7097,https://www.pharmacity.vn/dung-dich-ve-sinh-phu-nu-lactacyd-soft--silky-250ml
P08277,Băng vệ sinh siêu thấm mỏng cánh Diana Super Ultra Slim 0.1 (8 miếng/gói),Băng vệ sinh,bang-ve-sinh,ve-sinh-phu-nu,Diana,21060,26000,19.0,Gói,4.83,5530,https://www.pharmacity.vn/diana-bvs-sieu-tham-sieu-mong-01-8m
P08280,Băng vệ sinh ban đêm Diana Super Night 29cm (4 miếng/gói),Băng vệ sinh,bang-ve-sinh,ve-sinh-phu-nu,Diana,22000,22000,0.0,Gói,4.56,8326,https://www.pharmacity.vn/bang-ve-sinh-ban-dem-diana-super-night-29cm-4-mienggoi
P08378,Băng vệ sinh siêu mỏng cánh ban đêm Kotex Style (4 miếng/gói),Băng vệ sinh,bang-ve-sinh,ve-sinh-phu-nu,Kotex,10000,20000,50.0,Gói,4.92,10516,https://www.pharmacity.vn/kotex-style-ban-dem-moi-smc-28cm-4m
P08879,Băng vệ sinh siêu mỏng cánh mát lạnh Diana Sensi Cool Fresh (8 miếng/gói),Băng vệ sinh,bang-ve-sinh,ve-sinh-phu-nu,Diana,28000,28000,,Gói,4.77,7034,https://www.pharmacity.vn/bang-ve-sinh-sieu-mong-canh-mat-lanh-diana-sensi-cool-fresh-8-mieng-goi
P08880,Băng vệ sinh siêu mát lạnh hàng ngày Diana Sensi Cool Fresh (20 miếng/gói),Băng vệ sinh,bang-ve-sinh,ve-sinh-phu-nu,Diana,25000,25000,0.0,Gói,4.75,8153,https://www.pharmacity.vn/bang-ve-sinh-sieu-mat-lanh-hang-ngay-diana-sensi-cool-fresh-20-mienggoi
P10956,Băng vệ sinh siêu mỏng cánh Sofy Skin Comfort Ultra Thin 26cm (8 miếng/gói),Băng vệ sinh,bang-ve-sinh,ve-sinh-phu-nu,Sofy,45000,45000,0.0,Gói,4.95,10622,https://www.pharmacity.vn/bang-ve-sinh-sieu-mong-canh-sofy-skin-comfort-ultra-thin-25cm-8-mienggoi
P11377,Kotex Bảo vệ toàn diện siêu mỏng cánh (gói 20 Miếng),Băng vệ sinh,bang-ve-sinh,ve-sinh-phu-nu,Kotex,49000,49000,0.0,Gói,4.58,8311,https://www.pharmacity.vn/kotex-bao-ve-toan-dien-sieu-mong-canh-goi-20-mieng
P09749,Băng vệ sinh Sofy Soft Tampon mềm mại (9 miếng/hộp),Băng vệ sinh,bang-ve-sinh,ve-sinh-phu-nu,Sofy,68000,68000,,Gói,4.97,13686,https://www.pharmacity.vn/bang-ve-sinh-sofy-soft-tampon-mem-mai-9-mieng-hop
P12848,Tã quần mỏng thoáng size L cho người lớn Caryn (14 miếng/gói),Tã dán,ta-dan,ve-sinh-phu-nu,Caryn,189660,218000,13.0,Gói,4.86,7313,https://www.pharmacity.vn/ta-quan-mong-nhe-size-l-cho-nguoi-lon-caryn-14-mienggoi
P17488,Băng vệ sinh ban đêm có cánh Diana Sensi Cool Night Fresh 29cm (4 Miếng),Băng vệ sinh,bang-ve-sinh,ve-sinh-phu-nu,Diana,19200,24000,20.0,Gói,4.67,8053,https://www.pharmacity.vn/diana-bvs-sensi-cool-night-fresh-co-canh-29cm-4m
P19043,Băng vệ sinh Kotex Mini Meow siêu mềm 24cm (Gói 8 miếng),Băng vệ sinh,bang-ve-sinh,ve-sinh-phu-nu,Kotex,26000,26000,0.0,Gói,4.56,14148,https://www.pharmacity.vn/bang-ve-sinh-kotex-mini-meow-sieu-mem-24cm-goi-8-mieng
P27851,Sữa Vệ Sinh Phụ Nữ Shema Lá Đôi Hồng (200ml),Dung dịch vệ sinh phụ nữ,dung-dich-ve-sinh-phu-nu,ve-sinh-phu-nu,Shema Baby,40000,40000,0.0,Hộp,4.69,6722,https://www.pharmacity.vn/sua-ve-sinh-phu-nu-shema-la-doi-hong-200ml-
P28564,Băng vệ sinh Whisper 5X bảo vệ siêu mỏng 24cm (Gói 13 miếng ),Băng vệ sinh,bang-ve-sinh,ve-sinh-phu-nu,Whisper,41400,46000,10.0,Gói,4.88,4378,https://www.pharmacity.vn/whisper-bvs-5x-bao-ve-sieu-mong-13sx12-24cm-13-mieng
P24425,Băng vệ sinh siêu mỏng có cánh Sofy Organic 23cm 100% Cotton (Gói 8 miếng),Băng vệ sinh,bang-ve-sinh,ve-sinh-phu-nu,Sofy,53000,53000,0.0,Gói,4.65,6159,https://www.pharmacity.vn/sofy-bang-ve-sinh-ban-ngay-8-mieng
P28807,Pharmacity Dung dịch vệ sinh phụ nữ dạng bọt hương thơm tươi mát (Chai 100ml),Dung dịch vệ sinh phụ nữ,dung-dich-ve-sinh-phu-nu,ve-sinh-phu-nu,Pharmacity,68000,68000,,Chai,4.83,10645,https://www.pharmacity.vn/dung-dich-ve-sinh-phu-nu-pharmacity-dang-bot-huong-thom-tuoi-mat-100ml
P30962,Kotex BVS Dạng Quần MaxProtect size M/L 5M,Băng vệ sinh,bang-ve-sinh,ve-sinh-phu-nu,Kotex,91000,91000,0.0,Gói,4.59,4138,https://www.pharmacity.vn/kotex-bvs-dang-quan-maxprotect-size-m-l-5m
P25084,Băng vệ sinh ban ngày siêu mỏng không cánh Kotex Gardenia Deo+ 23cm (8 miếng),Băng vệ sinh,bang-ve-sinh,ve-sinh-phu-nu,Kotex,12000,24000,50.0,Gói,4.71,5707,https://www.pharmacity.vn/kotex-gardenia-deo-bvs-ban-ngay-khong-canh-23cm-8m
P26253,Băng vệ sinh Kotex Max Cool BVS cho ngày và đêm (Gói 6 miếng x 28cm),Băng vệ sinh,bang-ve-sinh,ve-sinh-phu-nu,Kotex,12500,25000,50.0,Gói,4.62,10018,https://www.pharmacity.vn/kotex-max-cool-bvs-cho-ngay-nhieu-va-dem-28cm-6m
P17512,Băng vệ sinh Kotex Max Cool Siêu mỏng không cánh (gói 8 miếng),Băng vệ sinh,bang-ve-sinh,ve-sinh-phu-nu,Kotex,20640,24000,14.0,Gói,4.89,7461,https://www.pharmacity.vn/bang-ve-sinh-thao-duoc-cool-khong-canh-kotex-cool-23cm-goi-8-mieng
P25083,Băng vệ sinh ban ngày siêu mỏng cánh Kotex Gardenia Deo+ 23cm (8 miếng),Băng vệ sinh,bang-ve-sinh,ve-sinh-phu-nu,Kotex,12500,25000,50.0,Gói,4.96,8261,https://www.pharmacity.vn/kotex-gardenia-deo-bvs-ban-ngay-co-canh-23cm-8m
P23795,Cốc Nguyệt San Inacup 100% Silicon Y Tế (Size B),Băng vệ sinh,bang-ve-sinh,ve-sinh-phu-nu,Inacup,382920,638200,40.0,Hộp,4.67,6464,https://www.pharmacity.vn/coc-nguyet-san-inacup-size-b-100-silicon-y-te
P04723,Băng Vệ Sinh KOTEX STYLE Maxi Cánh (Gói 8 miếng),Băng vệ sinh,bang-ve-sinh,ve-sinh-phu-nu,Kotex,20930,23000,9.0,Gói,4.83,8475,https://www.pharmacity.vn/kotex-style-day-canh-8m
P24419,Băng vệ sinh ban ngày khô thoáng dày cánh Kotex (20 miếng),Băng vệ sinh,bang-ve-sinh,ve-sinh-phu-nu,Kotex,23600,47200,50.0,Gói,4.94,8085,https://www.pharmacity.vn/bang-ve-sinh-ban-ngay-kho-thoang-day-canh-kotex-20-mieng
P03308,Lưỡi Dao Cạo Râu VECTOR GILLETTE (2 Lưỡi/Vỉ),Dao cạo râu & Bọt cạo râu,dao-cao-rau-bot-cao-rau,cham-soc-nam-gioi,Gillette,34200,38000,10.0,Gói,5.0,6270,https://www.pharmacity.vn/gillette-luoi-dcao-gl-vector-2-1csx480x2x12x400413sbd
P10970,Lăn ngăn mùi than đen hoạt tính cho nam Nivea Men Deep Black Charcoal Dark Wood 72h (50ml),Khử mùi cho nam,khu-mui-cho-nam,cham-soc-nam-gioi,Nivea,70000,100000,30.0,Chai,4.87,5494,https://www.pharmacity.vn/lan-ngan-mui-than-den-hoat-tinh-cho-nam-nivea-men-deep-black-charcoal-dark-wood-72h-50ml
P03649,Lăn Khử Mùi X-MEN FOR BOSS INTENSE (Chai 50ml),Khử mùi cho nam,khu-mui-cho-nam,cham-soc-nam-gioi,X Men,67940,86000,21.0,Chai,4.57,6003,https://www.pharmacity.vn/x-men-lan-khu-mui-for-boss-intense-50ml
P03870,Xịt Ngăn Mùi Cho Nam NIVEA MEN Silver Protect Dynamic Power (Chai 150ml),Khử mùi cho nam,khu-mui-cho-nam,cham-soc-nam-gioi,Nivea,118000,118000,0.0,Chai,4.83,6738,https://www.pharmacity.vn/nivea-xkm-nam-phan-tu-bac-150ml
P03872,Sữa Rửa Mặt Cho Nam NIVEA MEN Men Acne-Damaged Skin Giúp Giảm Mụn & Hư Tổn Da (100g),Chăm sóc da mặt cho nam,cham-soc-da-mat-cho-nam,cham-soc-nam-gioi,Nivea,89000,89000,0.0,Tuýp,4.77,7669,https://www.pharmacity.vn/sua-rua-mat-giup-giam-mun-va-hu-ton-da-nivea-men-acne-damaged-skin-reduction-100g
P03877,"Sữa Rửa Mặt Cho Nam NIVEA MEN Anti-Acne Oil Control Mud Foam giúp làm sạch, giảm mụn (Tuýp 100g)",Chăm sóc da mặt cho nam,cham-soc-da-mat-cho-nam,cham-soc-nam-gioi,Nivea,85000,85000,0.0,Tuýp,4.82,7717,https://www.pharmacity.vn/sua-rua-mat-sang-da-va-mo-tham-mun-danh-cho-nam-nivea-men-extra-white-dark-spot-reduction-100g
P03720,Lăn Khử Mùi Cho Nam ROMANO CLASSIC (50ml),Khử mùi cho nam,khu-mui-cho-nam,cham-soc-nam-gioi,Romano,75000,75000,0.0,Chai,4.82,5866,https://www.pharmacity.vn/romano-lkm-classic-xanh-la-50ml
P03723,Xịt Khử Mùi Toàn Thân ROMANO CLASSIC (150ml),Khử mùi cho nam,khu-mui-cho-nam,cham-soc-nam-gioi,Romano,110000,110000,0.0,Chai,4.64,7527,https://www.pharmacity.vn/oos-by-ncc-romano-xkm-toan-than-classic-xanh-la-150ml
P03732,Gel Tạo Kiểu Tóc ROMANO CLASSIC Giữ Nếp Lâu (150g),Chăm sóc tóc cho nam,cham-soc-toc-cho-nam,cham-soc-nam-gioi,Romano,60000,60000,0.0,Tuýp,4.55,6139,https://www.pharmacity.vn/romano-gel-giu-nep-lau-classic-xanh-la-150g
P18975,Dao cạo March3+ Gillette (Hộp 1 cán dao + 2 lưỡi dao),Dao cạo râu & Bọt cạo râu,dao-cao-rau-bot-cao-rau,cham-soc-nam-gioi,Gillette,245000,245000,,Bộ,4.78,5311,https://www.pharmacity.vn/dao-cao-march3-gillette-hop-1-can-dao-2-luoi-dao
P30403,Dầu Gội Xmen For Boss Pro Hair Sạch Gàu & Giảm Gãy Rụng 350g,Chăm sóc tóc cho nam,cham-soc-toc-cho-nam,cham-soc-nam-gioi,X Men,112850,152500,26.0,Chai,4.59,3042,https://www.pharmacity.vn/dau-goi-xmen-for-boss-pro-hair-sach-gau-giam-gay-rung-350g
P30407,Gel Xmen Vệ Sinh Khử Mùi Vùng Kín 100ml,Sản phẩm tắm & dưỡng thể cho nam,san-pham-tam-duong-the-cho-nam,cham-soc-nam-gioi,X Men,111300,159000,30.0,Chai,4.89,7098,https://www.pharmacity.vn/gel-xmen-ve-sinh-khu-mui-vung-kin-100ml
P30896,Oxy Gel Rửa Mặt Nam dịu nhẹ Hydrating Wash 100g,Chăm sóc da mặt cho nam,cham-soc-da-mat-cho-nam,cham-soc-nam-gioi,Oxy,77600,97000,20.0,Tuýp,4.79,5626,https://www.pharmacity.vn/oxy-gel-rua-mat-nam-diu-nhe-hydrating-wash-100g
P03224,Sáp Khử Mùi Cho Nam OLD SPICE PURE SPORT (85g),Khử mùi cho nam,khu-mui-cho-nam,cham-soc-nam-gioi,Old Spice,116000,145000,20.0,Chai,4.75,7826,https://www.pharmacity.vn/sap-khu-mui-old-spice-pure-sport-85g
P03233,Dao Cạo Râu GILLETTE BLUE II PLUS (6 Cái/Gói),Dao cạo râu & Bọt cạo râu,dao-cao-rau-bot-cao-rau,cham-soc-nam-gioi,Gillette,54000,54000,0.0,Gói,4.9,8294,https://www.pharmacity.vn/gillette-dao-cao-blue-ii-plus-51-6x12x121013
P03307,Dao Cạo Râu GILLETTE VECTOR PLUS RAZOR 1UP (1 Cái/Vỉ),Dao cạo râu & Bọt cạo râu,dao-cao-rau-bot-cao-rau,cham-soc-nam-gioi,Gillette,29600,37000,20.0,Gói,4.92,7767,https://www.pharmacity.vn/gillette-dao-cao-vector-plus-razor-1upx121012sbd
P06300,Dao Cạo Râu 2 Lưỡi SCHICK EXECTA 2 SYSTEM,Dao cạo râu & Bọt cạo râu,dao-cao-rau-bot-cao-rau,cham-soc-nam-gioi,Schick,64000,64000,0.0,Bộ,4.67,8203,https://www.pharmacity.vn/schick-dao-cao-execta-2-system-2s
P30404,Dầu Gội Xmen For Boss Pro Hair Ngăn Ngừa Gãy Rụng & Giảm Gàu 350g,Chăm sóc tóc cho nam,cham-soc-toc-cho-nam,cham-soc-nam-gioi,X Men,112850,152500,26.0,Chai,4.98,5711,https://www.pharmacity.vn/dau-goi-xmen-for-boss-pro-hair-ngan-ngua-gay-rung-giam-gau-350g
P30405,Tắm Gội Xmen 2in1 Amazon Hunt​ 630g,Sản phẩm tắm & dưỡng thể cho nam,san-pham-tam-duong-the-cho-nam,cham-soc-nam-gioi,X Men,212000,212000,0.0,Chai,4.58,4073,https://www.pharmacity.vn/tam-goi-xmen-2in1-amazon-hunt-630g
P30793,Pharmacity Gentcode Bọt Vệ Sinh Nam Daily Fresh (Chai 100ml),Sản phẩm tắm & dưỡng thể cho nam,san-pham-tam-duong-the-cho-nam,cham-soc-nam-gioi,Pharmacity,54500,109000,50.0,Chai,4.87,10077,https://www.pharmacity.vn/pmc-gentcode-bot-ve-sinh-nam-pmc-gentcode-bot-ve-sinh-nam-daily-fresh-chai-100ml
P03296,Dao Cạo Râu Cán Vàng GILLETTE SUPER THIN (2 Cây/Gói),Dao cạo râu & Bọt cạo râu,dao-cao-rau-bot-cao-rau,cham-soc-nam-gioi,Gillette,21000,21000,,Gói,4.69,5857,https://www.pharmacity.vn/dao-cao-rau-can-vang-gillette-super-thin-2-caygoi
P03864,Lăn Ngăn Mùi Cho Nam NIVEA MEN Cool Kick (Chai 50ml),Khử mùi cho nam,khu-mui-cho-nam,cham-soc-nam-gioi,Nivea,92000,92000,0.0,Chai,4.96,5641,https://www.pharmacity.vn/nivea-lkm-nam-mat-da-50ml
P03868,Lăn Khử Mùi NIVEA MEN DRY IMPACT (Chai 50ml),Khử mùi cho nam,khu-mui-cho-nam,cham-soc-nam-gioi,Nivea,76000,76000,0.0,Chai,4.78,5704,https://www.pharmacity.vn/nivea-lkm-nam-kho-thoang-50ml
P03912,Sáp Tạo Kiểu Tóc Cho Nam GATSBY Styling Wax Mat & Hard (Hộp 75g),Chăm sóc tóc cho nam,cham-soc-toc-cho-nam,cham-soc-nam-gioi,Gatsby,68000,68000,,Hộp,4.52,6220,https://www.pharmacity.vn/gatsby-wax-tao-kieu-toc-mathard-75g
P07598,Xịt khử mùi toàn thân X-men For Boss Intense Perfumed Deo Spray (Chai 150ml),Khử mùi cho nam,khu-mui-cho-nam,cham-soc-nam-gioi,X Men,124500,124500,0.0,Chai,4.97,7313,https://www.pharmacity.vn/xit-khu-mui-toan-than-xmen-for-boss-150ml
P10969,Sữa rửa mặt than đen hoạt tính cho nam Nivea Men Deep Britening Oil Clear Mud Foam (100g),Chăm sóc da mặt cho nam,cham-soc-da-mat-cho-nam,cham-soc-nam-gioi,Nivea,71400,102000,30.0,Tuýp,4.75,6105,https://www.pharmacity.vn/sua-rua-mat-than-den-hoat-tinh-cho-nam-giup-da-sach-nhon-sang-khoe-nivea-men-deep-white-oil-clear-100g
P18838,Sáp khử mùi Old Spice Fresh (85g),Khử mùi cho nam,khu-mui-cho-nam,cham-soc-nam-gioi,Old Spice,147000,147000,0.0,Chai,4.93,6593,https://www.pharmacity.vn/sap-khu-mui-old-spice-fresh-85g
P18977,Lưỡi dao cạo March3+ Gillette (Hộp 3 cái),Dao cạo râu & Bọt cạo râu,dao-cao-rau-bot-cao-rau,cham-soc-nam-gioi,Gillette,250000,250000,0.0,Bộ,4.55,5311,https://www.pharmacity.vn/luoi-dao-cao-march3-gillette-hop-3-cai
P23603,Dung dịch vệ sinh nam Serenys (100ml),Sản phẩm tắm & dưỡng thể cho nam,san-pham-tam-duong-the-cho-nam,cham-soc-nam-gioi,Serenys,136000,136000,,Chai,4.67,9691,https://www.pharmacity.vn/serenys-dung-dich-ve-sinh-nam-100ml
P30408,Sáp Khử Mùi Xmen For Boss Luxury Trắng 70g,Khử mùi cho nam,khu-mui-cho-nam,cham-soc-nam-gioi,X Men,174000,174000,0.0,Chai,4.61,5209,https://www.pharmacity.vn/sap-khu-mui-xmen-for-boss-luxury-trang-70g
P30897,Oxy Sửa Rửa Mặt Nam kiềm dầu Oil Acne Wash,Chăm sóc da mặt cho nam,cham-soc-da-mat-cho-nam,cham-soc-nam-gioi,Oxy,77600,97000,20.0,Tuýp,4.78,2230,https://www.pharmacity.vn/oxy-sua-rua-mat-nam-kiem-dau-oil-acne-wash
P01433,Kem Rửa Mặt Ngăn Ngừa Mụn OXY Perfect Wash (100g/Chai),Chăm sóc da mặt cho nam,cham-soc-da-mat-cho-nam,cham-soc-nam-gioi,Oxy,69700,82000,15.0,Tuýp,4.59,5852,https://www.pharmacity.vn/kem-rua-mat-ngan-ngua-mun-perfect-wash-oxy-100gchai
P03306,Bọt Cạo Râu GILLETTE FOAMY LEMON LIME Hương Chanh (175g),Dao cạo râu & Bọt cạo râu,dao-cao-rau-bot-cao-rau,cham-soc-nam-gioi,Gillette,82400,103000,20.0,Chai,4.62,7511,https://www.pharmacity.vn/bot-cao-rau-huong-chanh-gillette-foamy-lemon-lime-175g
P03866,Lăn ngăn mùi NIVEA MEN SILVER PROTECT (Chai 50ml),Khử mùi cho nam,khu-mui-cho-nam,cham-soc-nam-gioi,Nivea,92000,92000,0.0,Chai,4.6,7850,https://www.pharmacity.vn/lan-khu-mui-phan-tu-bac-cho-nam-nivea-men-silver-protect-50ml
P03715,Sữa Tắm Gội 2in1 ROMANO CLASSIC (150ml),Sản phẩm tắm & dưỡng thể cho nam,san-pham-tam-duong-the-cho-nam,cham-soc-nam-gioi,Romano,78000,78000,,Chai,4.62,6653,https://www.pharmacity.vn/romano-tam-goi-2in1-classic-xanh-la-180g
P07904,Bọt cạo râu hương chanh Gillette Foamy Lemon Lime (50g),Dao cạo râu & Bọt cạo râu,dao-cao-rau-bot-cao-rau,cham-soc-nam-gioi,Gillette,65000,65000,0.0,Chai,4.53,8198,https://www.pharmacity.vn/gillette-bot-cao-rau-huong-chanh-50g
P17495,Lăn khử mùi X-Men For Boss Luxury (50ml),Khử mùi cho nam,khu-mui-cho-nam,cham-soc-nam-gioi,X Men,69520,88000,21.0,Chai,4.61,8126,https://www.pharmacity.vn/x-men-lan-khu-mui-for-boss-luxury-50ml
P30409,Sáp Khử Mùi Xmen For Boss Intense Xanh 80g,Khử mùi cho nam,khu-mui-cho-nam,cham-soc-nam-gioi,X Men,145000,145000,0.0,Chai,4.89,5281,https://www.pharmacity.vn/sap-khu-mui-xmen-for-boss-intense-xanh-80g
P00387,Kem Rửa Mặt OXY DEEP WASH Sạch Sâu 100g,Chăm sóc da mặt cho nam,cham-soc-da-mat-cho-nam,cham-soc-nam-gioi,Oxy,73100,86000,15.0,Tuýp,4.5,7217,https://www.pharmacity.vn/kem-rua-mat-tac-dong-sau-oxy-deep-wash-100g
P03305,Bọt Cạo Râu GILLETTE FOAMY METHOL Hương Bạc Hà (175g),Dao cạo râu & Bọt cạo râu,dao-cao-rau-bot-cao-rau,cham-soc-nam-gioi,Gillette,103000,103000,0.0,Chai,4.63,5622,https://www.pharmacity.vn/gillette-bot-cao-rau-huong-bac-ha-175g
P03875,Xịt Khử Mùi Cho Nam NIVEA MEN Ngăn Vệt Ố Vàng Invisible Black&White (150ml),Khử mùi cho nam,khu-mui-cho-nam,cham-soc-nam-gioi,Nivea,90300,129000,30.0,Chai,4.88,5622,https://www.pharmacity.vn/xit-khu-mui-cho-nam-nivea-men-ngan-vet-o-vang-invisible-blackwhite-150ml
P09121,Xịt khử mùi mát lạnh cho nam Nivea Men Cool Kick (150ml),Khử mùi cho nam,khu-mui-cho-nam,cham-soc-nam-gioi,Nivea,122000,122000,0.0,Chai,4.9,6969,https://www.pharmacity.vn/xit-khu-mui-mat-lanh-cho-nam-nivea-men-cool-kick-150ml
P09525,Sáp khử mùi cho nam Old Spice Bearglove (73g),Khử mùi cho nam,khu-mui-cho-nam,cham-soc-nam-gioi,Old Spice,184000,184000,0.0,Chai,4.96,8226,https://www.pharmacity.vn/sap-khu-mui-cho-nam-old-spice-bearglove-73g
P12977,Sáp khử mùi Old Spice Fiji With Palm Tree Anti-Perspirant & Deodorant (Chai 73g),Khử mùi cho nam,khu-mui-cho-nam,cham-soc-nam-gioi,Old Spice,147200,184000,20.0,Chai,4.63,6893,https://www.pharmacity.vn/sap-khu-mui-cho-nam-old-spice-fiji-73g
P20503,Sáp Vuốt Tóc Gatsby Styling Pomade Retro Matte 75gr,Chăm sóc tóc cho nam,cham-soc-toc-cho-nam,cham-soc-nam-gioi,Gatsby,73000,73000,,Hũ,4.77,6288,https://www.pharmacity.vn/gatsby-sap-vuot-toc-pomade-retro-matte-75gr
P25967,Dầu gội Dược liệu Nguyên Vương Lịch Lãm 260g,Chăm sóc tóc cho nam,cham-soc-toc-cho-nam,cham-soc-nam-gioi,Nguyen Vuong,127600,145000,12.0,Chai,4.5,6013,https://www.pharmacity.vn/nguyen-vuong-dau-goi-duoc-lieu-nam-250ml
P30406,Xịt Xmen For Boss Ngăn Rụng Tóc 100ml,Chăm sóc tóc cho nam,cham-soc-toc-cho-nam,cham-soc-nam-gioi,X Men,192500,275000,30.0,Chai,4.65,4662,https://www.pharmacity.vn/xit-xmen-for-boss-ngan-rung-toc-100ml
P30794,Pharmacity Gentcode Bọt Vệ Sinh Nam Sport Active (Chai 100ml),Sản phẩm tắm & dưỡng thể cho nam,san-pham-tam-duong-the-cho-nam,cham-soc-nam-gioi,Pharmacity,54500,109000,50.0,Chai,4.59,2239,https://www.pharmacity.vn/pmc-gentcode-bot-ve-sinh-nam-sport-active-chai-100ml
P18976,Dao cạo March3 Turbo Gillette (Hộp 1 cán dao + 2 lưỡi dao),Dao cạo râu & Bọt cạo râu,dao-cao-rau-bot-cao-rau,cham-soc-nam-gioi,Gillette,299000,299000,0.0,Bộ,4.98,5927,https://www.pharmacity.vn/dao-cao-march3-turbo-gillette-hop-1-can-dao-2-luoi-dao
P07595,Sữa tắm nước hoa cao cấp X-men For Boss Intense Perfumed Shower Gel (Chai 380g),Sản phẩm tắm & dưỡng thể cho nam,san-pham-tam-duong-the-cho-nam,cham-soc-nam-gioi,X Men,125800,148000,15.0,Chai,4.74,6423,https://www.pharmacity.vn/sua-tam-nuoc-hoa-cao-cap-x-men-for-boss-380g
P23031,Tắm gội X-men Clean & Fresh 2in1 sạch sâu (Chai 630g),Sản phẩm tắm & dưỡng thể cho nam,san-pham-tam-duong-the-cho-nam,cham-soc-nam-gioi,X Men,175950,207000,15.0,Chai,4.58,7667,https://www.pharmacity.vn/x-men-tam-goi-2in1-clean-fresh-630g
P25490,Sữa rửa mặt làm sạch nhờn Uno 130g,Chăm sóc da mặt cho nam,cham-soc-da-mat-cho-nam,cham-soc-nam-gioi,Uno,119000,119000,0.0,Chai,4.57,3237,https://www.pharmacity.vn/uno-srm-nam-sach-nhon-130g
P25492,Sáp Vuốt Tóc Tạo Kiểu Giữ Nếp Tự Nhiên Wax UNO Hybrid Hard 80g,Chăm sóc tóc cho nam,cham-soc-toc-cho-nam,cham-soc-nam-gioi,Uno,149000,149000,0.0,Hũ,4.84,5334,https://www.pharmacity.vn/uno-wax-giu-nep-tu-nhien-80g
P26099,Sáp ngăn mùi cho nam Nivea Cool Kick (Chai 50ml),Khử mùi cho nam,khu-mui-cho-nam,cham-soc-nam-gioi,Nivea,112000,112000,0.0,Chai,4.52,5977,https://www.pharmacity.vn/nivea-sap-khu-mui-nam-cool-kick-50ml
P11482,Sữa dưỡng thể dưỡng sáng da ban đêm Nivea (350ml),Dưỡng thể & massage,dau-duong-the-massage,cham-soc-co-the,Nivea,159000,159000,0.0,Chai,4.51,7284,https://www.pharmacity.vn/sua-duong-the-trang-da-ban-dem-350ml
P07620,Kem dưỡng ẩm da NIVEA CRÈME (30ml),Dưỡng thể & massage,dau-duong-the-massage,cham-soc-co-the,Nivea,55000,55000,0.0,Hũ,4.74,9778,https://www.pharmacity.vn/kem-duong-am-da-nivea-30ml
P16878,Nước hoa Feliz Perfume Provence (Màu hồng),Dưỡng thể & massage,dau-duong-the-massage,cham-soc-co-the,Feliz Provence,18000,18000,0.0,Chai,4.85,8383,https://www.pharmacity.vn/feliz-perfume-provence-mau-hong
P21664,Sữa dưỡng da tay Reihaku Hatomugi Hand Cream (Tuýp 65g),Dưỡng thể & massage,dau-duong-the-massage,cham-soc-co-the,Hatomugi,68000,80000,15.0,Tuýp,4.95,6607,https://www.pharmacity.vn/sua-duong-da-tay-hatomugi-65g
P26023,Kem cấp ẩm và giảm nứt nẻ dạng sáp Pure Paw Paw - Đu Đủ Truyền Thống (Tuýp 25g),Dưỡng thể & massage,dau-duong-the-massage,cham-soc-co-the,Pure Paw Paw,110000,110000,0.0,Tuýp,4.69,8589,https://www.pharmacity.vn/kem-cap-am-va-giam-nut-ne-dang-sap-pure-paw-paw---du-du-truyen-thong-tuyp-25g
P27883,Vaseline Sữa dưỡng thể ban đêm Dewy Radiance Tuýp 300ml,Dưỡng thể & massage,dau-duong-the-massage,cham-soc-co-the,Vaseline,118400,148000,20.0,Tuýp,4.73,8245,https://www.pharmacity.vn/vaseline-sua-duong-the-ban-dem-dewy-radiance-tuyp-300ml
P27884,Sữa dưỡng thể ban ngày Vaseline Flawless Bright (Túyp 300ml),Dưỡng thể & massage,dau-duong-the-massage,cham-soc-co-the,Vaseline,118400,148000,20.0,Tuýp,4.7,3537,https://www.pharmacity.vn/sua-duong-the-ban-ngay-vaseline-flawless-bright-tuyp-300ml
P29977,Kem Dưỡng Toàn Thân Anok Smoothing & Hydrating 300ml/Chai,Dưỡng thể & massage,dau-duong-the-massage,cham-soc-co-the,Anok,292500,390000,25.0,Chai,4.65,9046,https://www.pharmacity.vn/kem-duong-toan-than-anok-smoothing-hydrating-300ml-chai
P37399,Dove Tẩy tế bào chết hương lựu đỏ 280g,Tẩy tế bào chết toàn thân,tay-te-bao-chet-toan-than,cham-soc-co-the,Dove,156800,196000,20.0,Hũ,4.59,2001,https://www.pharmacity.vn/dove-tay-te-bao-chet-huong-luu-do-280g
P37400,Dove Tẩy tế bào chết hương anh đào 280g,Tẩy tế bào chết toàn thân,tay-te-bao-chet-toan-than,cham-soc-co-the,Dove,156800,196000,20.0,Hũ,4.86,8068,https://www.pharmacity.vn/dove-tay-te-bao-chet-huong-anh-dao-280g
P03880,Kem dưỡng Nivea Soft (Hộp 50ml),Dưỡng thể & massage,dau-duong-the-massage,cham-soc-co-the,Nivea,81000,81000,0.0,Hộp,4.56,7956,https://www.pharmacity.vn/kem-duong-lam-mem-da-nivea-50ml
P01007,"Kem gót sen Thái Dương, Dưỡng ẩm Tuýp 20g",Dưỡng thể & massage,dau-duong-the-massage,cham-soc-co-the,Thai Duong,25000,25000,0.0,Tuýp,4.96,1158,https://www.pharmacity.vn/kem-got-sen-thai-duong-duong-am-20g
P08130,"Muối sữa tẩy tế bào chết, trắng da A Bonne' (350g)",Tẩy tế bào chết toàn thân,tay-te-bao-chet-toan-than,cham-soc-co-the,Abonne,51000,51000,0.0,Gói,4.86,5828,https://www.pharmacity.vn/muoi-sua-tay-te-bao-chet-trang-da-a-bonne-350g
P10521,Dầu dưỡng giúp cải thiện tình trạng bên ngoài của sẹo & rạn da Bio-Oil (60ml),Dưỡng thể & massage,dau-duong-the-massage,cham-soc-co-the,Bio Oil,211000,211000,0.0,Hộp,4.73,8253,https://www.pharmacity.vn/dau-duong-giup-mo-seo-giam-ran-da-bio-oil-60ml
P10977,Dầu dưỡng giúp mờ sẹo & giảm rạn da Bio-Oil (125ml),Dưỡng thể & massage,dau-duong-the-massage,cham-soc-co-the,Bio Oil,352000,352000,0.0,Hộp,4.65,7142,https://www.pharmacity.vn/dau-duong-giup-mo-seo-giam-ran-da-bio-oil-125ml
P16879,Nước hoa Feliz Perfume Provence (Màu trắng),Dưỡng thể & massage,dau-duong-the-massage,cham-soc-co-the,Feliz Provence,18000,18000,0.0,Chai,4.99,9700,https://www.pharmacity.vn/feliz-perfume-provence-mau-trang
P16883,Nước hoa Feliz Perfume Provence (Màu tím),Dưỡng thể & massage,dau-duong-the-massage,cham-soc-co-the,Feliz Provence,18000,18000,0.0,Chai,4.74,7422,https://www.pharmacity.vn/feliz-perfume-provence-mau-tim
P21165,Tẩy Da Chết COCOON Giúp Làm Sạch Da Chết Cơ Thể (hũ 200ml),Tẩy tế bào chết toàn thân,tay-te-bao-chet-toan-than,cham-soc-co-the,Cocoon,119700,133000,10.0,Hộp,4.82,6991,https://www.pharmacity.vn/tay-da-chet-body-tu-ca-phe-dak-lak-cocoon-200ml
P13420,Sáp dưỡng ẩm Vaseline Pure Petroleum Jelly Original (50ml),Dưỡng thể & massage,dau-duong-the-massage,cham-soc-co-the,Vaseline,61000,61000,,Hũ,4.77,9490,https://www.pharmacity.vn/sap-duong-am-vaseline-original-50ml
P28072,"Kem dưỡng da chân Pharmacity Softening Foot Cream làm mềm mịn, giảm nứt nẻ gót chân ( Tuýp 50g)",Dưỡng thể & massage,dau-duong-the-massage,cham-soc-co-the,Pharmacity,59000,59000,,Hộp,4.9,8134,https://www.pharmacity.vn/-kem-duong-da-chan-pharmacity-softening-foot-cream-tuyp-50g
P08353,Kem tẩy lông cho da nhạy cảm Veet Silk & Fresh (50g),Hỗ trợ tẩy lông,san-pham-ho-tro-tay-long,cham-soc-co-the,Veet,84000,84000,0.0,Tuýp,4.53,9434,https://www.pharmacity.vn/kem-tay-long-cho-da-nhay-cam-veet-silk-fresh-50g
P13421,Sáp dưỡng ẩm Vaseline Pure Petroleum Jelly Original (100ml),Dưỡng thể & massage,dau-duong-the-massage,cham-soc-co-the,Vaseline,115000,115000,0.0,Hũ,4.81,6206,https://www.pharmacity.vn/sap-duong-am-vaseline-original-100ml
P22183,Tinh chất dưỡng thể Vaseline Healthy Bright Spf 50+ (Tuýp 300ml),Dưỡng thể & massage,dau-duong-the-massage,cham-soc-co-the,Vaseline,190000,190000,0.0,Tuýp,4.78,7839,https://www.pharmacity.vn/vaseline-tinh-chat-duong-the-sang-khoe-da-spf50-300ml
P37331,Kem tẩy lông da nhạy cảm Cleo (50g),Hỗ trợ tẩy lông,san-pham-ho-tro-tay-long,cham-soc-co-the,Cleo,75650,89000,15.0,Tuýp,4.77,1143,https://www.pharmacity.vn/kem-tay-long-da-nhay-cam-cleo-50g
P11334,Kem tẩy lông cho da thường Cléo (25g),Hỗ trợ tẩy lông,san-pham-ho-tro-tay-long,cham-soc-co-the,Cleo,28800,48000,40.0,Tuýp,4.6,6651,https://www.pharmacity.vn/kem-tay-long-cho-da-thuong-cleo-25g
P07056,Sữa Dưỡng Thể VASELINE HEALTHY BRIGHT Sáng Da Tức Thì 200ml,Dưỡng thể & massage,dau-duong-the-massage,cham-soc-co-the,Vaseline,88200,98000,10.0,Chai,4.56,6445,https://www.pharmacity.vn/sua-duong-the-duong-da-sang-tuc-thi-gap-4-lan-vaseline-healhy-white-200ml
P01562,Sữa Dưỡng Da Toàn Thân VASELINE HEALTHY BRIGHT SPF24 PA++ giúp làm sáng và giúp chống nắng cho da 200ml,Dưỡng thể & massage,dau-duong-the-massage,cham-soc-co-the,Vaseline,88200,98000,10.0,Chai,4.97,5533,https://www.pharmacity.vn/sua-duong-the-trang-da-chong-nang-vaseline-healthy-white-spf24-pa-200ml
P11331,Kem tẩy lông cho da nhạy cảm Cléo Hair Removal Cream Sensitive Skin (Tuýp 25g),Hỗ trợ tẩy lông,san-pham-ho-tro-tay-long,cham-soc-co-the,Cleo,28800,48000,40.0,Tuýp,4.82,7010,https://www.pharmacity.vn/kem-tay-long-cho-da-nhay-cam-cleo-25g
