ProductID,ProductName,Brand,Category,Price,Rating,Source,Currency,Price_VND_ref,OrderID,CustomerID,CustomerName,Age,Gender,UnitPrice,Quantity,TotalAmount,PurchaseDate,City,PaymentMethod
P07609,Lăn Khử Mùi NIVEA Ngọc Trai Quyến Rũ (chai 25ml),Nivea,Lăn khử mùi,49500.0,4.75,Pharmacity_VN,VND,49500.0,ORD00539,C0539,Hoàng Hoàng Hoàng,40,Nữ,49500,3,148500,2026-01-19,TP. Hồ Chí Minh,COD
P07609,Lăn Khử Mùi NIVEA Ngọc Trai Quyến Rũ (chai 25ml),Nivea,Lăn khử mùi,49500.0,4.75,Pharmacity_VN,VND,49500.0,ORD00789,C0789,Thảo Lê,29,Nữ,49500,2,99000,2026-01-29,Hà Nội,Thẻ ngân hàng
P07609,Lăn Khử Mùi NIVEA Ngọc Trai Quyến Rũ (chai 25ml),Nivea,Lăn khử mùi,49500.0,4.75,Pharmacity_VN,VND,49500.0,ORD00827,C0827,Quý cô Thảo Nguyễn,46,Nam,49500,4,198000,2026-08-21,Cần Thơ,COD
P07609,Lăn Khử Mùi NIVEA Ngọc Trai Quyến Rũ (chai 25ml),Nivea,Lăn khử mùi,49500.0,4.75,Pharmacity_VN,VND,49500.0,ORD00923,C0923,Chị Nhật Mai,31,Nữ,49500,3,148500,2026-03-02,Hà Nội,Thẻ ngân hàng
P00326,Bột Khử Mùi TRAPHA Hỗ Trợ Khử Mùi (chai 30g),Trapha,Sáp khử mùi,18000.0,4.66,Pharmacity_VN,VND,18000.0,ORD00077,C0077,Hà Hải Hoàng,31,Nữ,18000,3,54000,2026-05-07,Hà Nội,Thẻ ngân hàng
P00326,Bột Khử Mùi TRAPHA Hỗ Trợ Khử Mùi (chai 30g),Trapha,Sáp khử mùi,18000.0,4.66,Pharmacity_VN,VND,18000.0,ORD00245,C0245,Trọng Mai Bảo Dương,18,Nam,18000,2,36000,2026-08-20,TP. Hồ Chí Minh,Thẻ ngân hàng
P00326,Bột Khử Mùi TRAPHA Hỗ Trợ Khử Mùi (chai 30g),Trapha,Sáp khử mùi,18000.0,4.66,Pharmacity_VN,VND,18000.0,ORD00318,C0318,Cô Ánh Dương,27,Nữ,18000,1,18000,2026-07-23,Cần Thơ,Ví điện tử
P03828,Xịt Ngăn Mùi NIVEA Extra Whitening Trắng Mịn Mờ Vết Thâm (Chai 150ml),Nivea,Xịt khử mùi,116000.0,4.87,Pharmacity_VN,VND,116000.0,ORD00399,C0399,Ông Hưng Đặng,29,Nữ,116000,1,116000,2026-05-18,TP. Hồ Chí Minh,COD
P03828,Xịt Ngăn Mùi NIVEA Extra Whitening Trắng Mịn Mờ Vết Thâm (Chai 150ml),Nivea,Xịt khử mùi,116000.0,4.87,Pharmacity_VN,VND,116000.0,ORD00596,C0596,Tú Vũ,25,Nữ,116000,1,116000,2026-07-25,TP. Hồ Chí Minh,COD
P17958,Lăn Khử Mùi ETIAXIL Dành Cho Da Nhạy Cảm (chai 15ml),Etiaxil,Lăn khử mùi,270100.0,4.69,Pharmacity_VN,VND,270100.0,ORD00153,C0153,Quý cô Mai Vũ,23,Nam,270100,4,1080400,2026-04-21,Hà Nội,Tiền mặt
P17958,Lăn Khử Mùi ETIAXIL Dành Cho Da Nhạy Cảm (chai 15ml),Etiaxil,Lăn khử mùi,270100.0,4.69,Pharmacity_VN,VND,270100.0,ORD00502,C0502,Bà Bảo Lê,49,Nam,270100,1,270100,2026-06-10,Hải Phòng,Ví điện tử
P17958,Lăn Khử Mùi ETIAXIL Dành Cho Da Nhạy Cảm (chai 15ml),Etiaxil,Lăn khử mùi,270100.0,4.69,Pharmacity_VN,VND,270100.0,ORD00749,C0749,Tùng Bảo Dương,24,Nữ,270100,3,810300,2026-05-28,TP. Hồ Chí Minh,Tiền mặt
P17958,Lăn Khử Mùi ETIAXIL Dành Cho Da Nhạy Cảm (chai 15ml),Etiaxil,Lăn khử mùi,270100.0,4.69,Pharmacity_VN,VND,270100.0,ORD00882,C0882,Bác Quang Trần,25,Nam,270100,2,540200,2026-04-04,Hà Nội,Thẻ ngân hàng
P17959,Lăn Khử Mùi ETIAXIL Dành Cho Da Siêu Nhạy Cảm (chai 15ml),Etiaxil,Lăn khử mùi,270100.0,4.94,Pharmacity_VN,VND,270100.0,ORD00409,C0409,Thành Trần,31,Nữ,270100,1,270100,2026-05-18,TP. Hồ Chí Minh,Tiền mặt
P17959,Lăn Khử Mùi ETIAXIL Dành Cho Da Siêu Nhạy Cảm (chai 15ml),Etiaxil,Lăn khử mùi,270100.0,4.94,Pharmacity_VN,VND,270100.0,ORD00907,C0907,Cô Khoa Hoàng,18,Nữ,270100,1,270100,2026-04-24,TP. Hồ Chí Minh,COD
P37309,Lăn Khử Mùi Stopirex dành cho da nhạy cảm 30ml,Stopirex,Lăn khử mùi,263200.0,4.54,Pharmacity_VN,VND,263200.0,ORD00739,C0739,Chi Trần,47,Nam,263200,2,526400,2026-08-04,TP. Hồ Chí Minh,Thẻ ngân hàng
P03832,Lăn Khử Mùi NIVEA Ngọc Trai Quyến Rũ (chai 50ml),Nivea,Lăn khử mùi,97000.0,4.88,Pharmacity_VN,VND,97000.0,ORD00842,C0842,Cô Mai Trần,37,Nữ,97000,2,194000,2026-01-07,Hải Phòng,COD
P03680,Lăn khử mùi Enchantuer Charming Enchantuer Deluxe Anti-Perspirant Deodorant Charming (50ml),Enchanteur,Lăn khử mùi,91000.0,4.58,Pharmacity_VN,VND,91000.0,ORD00116,C0116,Kim Hoàng,33,Nữ,91000,1,91000,2026-02-14,Cần Thơ,Ví điện tử
P03680,Lăn khử mùi Enchantuer Charming Enchantuer Deluxe Anti-Perspirant Deodorant Charming (50ml),Enchanteur,Lăn khử mùi,91000.0,4.58,Pharmacity_VN,VND,91000.0,ORD00325,C0325,Chị Phương Vũ,20,Nam,91000,1,91000,2026-07-28,Đà Nẵng,COD
P03680,Lăn khử mùi Enchantuer Charming Enchantuer Deluxe Anti-Perspirant Deodorant Charming (50ml),Enchanteur,Lăn khử mùi,91000.0,4.58,Pharmacity_VN,VND,91000.0,ORD00733,C0733,Hà Phạm,34,Nữ,91000,1,91000,2026-02-12,Cần Thơ,COD
P03829,Xịt Ngăn Mùi NIVEA Ngọc Trai Quyến Rũ (chai 150ml),Nivea,Xịt khử mùi,115000.0,4.72,Pharmacity_VN,VND,115000.0,ORD00582,C0582,Thành Vũ,26,Nữ,115000,2,230000,2026-09-04,Hải Phòng,COD
P03829,Xịt Ngăn Mùi NIVEA Ngọc Trai Quyến Rũ (chai 150ml),Nivea,Xịt khử mùi,115000.0,4.72,Pharmacity_VN,VND,115000.0,ORD00876,C0876,Quý cô Yến Đặng,48,Nữ,115000,1,115000,2026-08-13,Hà Nội,Ví điện tử
P17499,Xịt Khử Mùi REFRE Whietening Perfume Deluxe Hương Nước Hoa Sang Trọng (30ml),Refre,Xịt khử mùi,57800.0,4.61,Pharmacity_VN,VND,57800.0,ORD00626,C0626,Chi Hoàng,25,Nữ,57800,1,57800,2026-02-09,TP. Hồ Chí Minh,Ví điện tử
P17499,Xịt Khử Mùi REFRE Whietening Perfume Deluxe Hương Nước Hoa Sang Trọng (30ml),Refre,Xịt khử mùi,57800.0,4.61,Pharmacity_VN,VND,57800.0,ORD00834,C0834,An Vũ,22,Nữ,57800,1,57800,2026-09-23,Hải Phòng,Ví điện tử
P16681,Xịt Ngăn Mùi NIVEA Whitening Deep Trắng Da Chuyên Sâu (chai 150ml),Nivea,Xịt khử mùi,78600.0,4.63,Pharmacity_VN,VND,78600.0,ORD00181,C0181,Quý ông Huy Hoàng,36,Nữ,78600,3,235800,2026-07-03,Cần Thơ,Tiền mặt
P16681,Xịt Ngăn Mùi NIVEA Whitening Deep Trắng Da Chuyên Sâu (chai 150ml),Nivea,Xịt khử mùi,78600.0,4.63,Pharmacity_VN,VND,78600.0,ORD00461,C0461,Vi Phạm,50,Nam,78600,4,314400,2026-06-06,TP. Hồ Chí Minh,Thẻ ngân hàng
P16681,Xịt Ngăn Mùi NIVEA Whitening Deep Trắng Da Chuyên Sâu (chai 150ml),Nivea,Xịt khử mùi,78600.0,4.63,Pharmacity_VN,VND,78600.0,ORD00672,C0672,Vân Bùi,18,Nữ,78600,1,78600,2026-07-04,Cần Thơ,COD
P07423,"Sữa Tắm PURITE Cherry Blossom Hương Hoa Anh Đào làm dịu da, lưu hương trên da. (chai 500ml)",Purite,Sữa tắm,175000.0,4.89,Pharmacity_VN,VND,175000.0,ORD00057,C0057,Thành Bảo Bùi,22,Nam,175000,1,175000,2026-07-29,Hà Nội,Thẻ ngân hàng
P07423,"Sữa Tắm PURITE Cherry Blossom Hương Hoa Anh Đào làm dịu da, lưu hương trên da. (chai 500ml)",Purite,Sữa tắm,175000.0,4.89,Pharmacity_VN,VND,175000.0,ORD00824,C0824,Bà Dương Trần,26,Nữ,175000,3,525000,2026-09-23,Hải Phòng,COD
P22275,Sữa Tắm LIFEBUOY Chăm Sóc Da Giúp Bảo Vệ Khỏi Vi Khuẩn Gây Bệnh (chai 800ml),Lifebuoy,Sữa tắm,172000.0,4.62,Pharmacity_VN,VND,172000.0,ORD00111,C0111,Quang Mai,18,Nữ,172000,3,516000,2026-07-23,Hà Nội,Thẻ ngân hàng
P22275,Sữa Tắm LIFEBUOY Chăm Sóc Da Giúp Bảo Vệ Khỏi Vi Khuẩn Gây Bệnh (chai 800ml),Lifebuoy,Sữa tắm,172000.0,4.62,Pharmacity_VN,VND,172000.0,ORD00161,C0161,Hạnh Bảo Vũ,20,Nam,172000,2,344000,2026-06-01,Hà Nội,Tiền mặt
P18621,FELIZ BODY WASH VANILLA SCENT (1L),Feliz,Sữa tắm,67500.0,4.81,Pharmacity_VN,VND,67500.0,ORD00597,C0597,Trọng Hải Phạm,27,Nữ,67500,3,202500,2026-01-17,TP. Hồ Chí Minh,Tiền mặt
P20100,Pharmacity Natural Care Sữa Tắm Chiết Xuất Mật Ong Và Lô Hội (Chai 550ml),Pharmacity,Sữa tắm,36000.0,4.71,Pharmacity_VN,VND,36000.0,ORD00403,C0403,Cô Nhật Trần,30,Nữ,36000,4,144000,2026-03-15,Hà Nội,Thẻ ngân hàng
P29765,Sữa tắm Lifebuoy Thảo dược & Hoa sen 800g,Lifebuoy,Sữa tắm,184500.0,4.77,Pharmacity_VN,VND,184500.0,ORD00429,C0429,Bảo Hoàng Hoàng,41,Nữ,184500,2,369000,2026-06-30,TP. Hồ Chí Minh,COD
P29766,Sữa tắm Lifebuoy Cica & Muối hồng 800g,Lifebuoy,Sữa tắm,184500.0,4.6,Pharmacity_VN,VND,184500.0,ORD00687,C0687,Lan Đặng,28,Nữ,184500,1,184500,2026-09-11,Hải Phòng,COD
P29766,Sữa tắm Lifebuoy Cica & Muối hồng 800g,Lifebuoy,Sữa tắm,184500.0,4.6,Pharmacity_VN,VND,184500.0,ORD00775,C0775,Bà Lan Dương,36,Nữ,184500,3,553500,2026-01-19,Hải Phòng,Tiền mặt
P29713,Feliz  Sữa tắm chiết xuất sữa dê (Chai 1 lít),Pharmacity,Sữa tắm,135000.0,4.91,Pharmacity_VN,VND,135000.0,ORD00467,C0467,Kim Mai Bùi,36,Nam,135000,1,135000,2026-08-06,Cần Thơ,COD
P29713,Feliz  Sữa tắm chiết xuất sữa dê (Chai 1 lít),Pharmacity,Sữa tắm,135000.0,4.91,Pharmacity_VN,VND,135000.0,ORD00818,C0818,Duyên Lê,39,Nam,135000,3,405000,2026-02-10,Hà Nội,Tiền mặt
P29716,Feliz Sữa tắm hương dưa lưới (Chai 1 lít),Pharmacity,Sữa tắm,135000.0,4.99,Pharmacity_VN,VND,135000.0,ORD00008,C0008,Nam Lê,38,Nam,135000,2,270000,2026-08-21,TP. Hồ Chí Minh,COD
P29716,Feliz Sữa tắm hương dưa lưới (Chai 1 lít),Pharmacity,Sữa tắm,135000.0,4.99,Pharmacity_VN,VND,135000.0,ORD00050,C0050,Chị Ngọc Trần,18,Nam,135000,1,135000,2026-08-31,TP. Hồ Chí Minh,COD
P27757,Pharmacity Nước rửa tay chăm sóc toàn diện (Chai 500ml),Pharmacity,Nước rửa tay,75000.0,4.72,Pharmacity_VN,VND,75000.0,ORD00031,C0031,Kim Bùi,24,Nữ,75000,1,75000,2026-03-31,TP. Hồ Chí Minh,Thẻ ngân hàng
P27757,Pharmacity Nước rửa tay chăm sóc toàn diện (Chai 500ml),Pharmacity,Nước rửa tay,75000.0,4.72,Pharmacity_VN,VND,75000.0,ORD00379,C0379,Ông Dũng Hoàng,52,Nam,75000,3,225000,2026-04-19,TP. Hồ Chí Minh,Ví điện tử
P28162,Sữa tắm dược liệu Thuần Mộc (Chai 300ml),Thuan Moc,Sữa tắm,199000.0,4.6,Pharmacity_VN,VND,199000.0,ORD00580,C0580,Anh Khoa Nguyễn,41,Nữ,199000,2,398000,2026-09-22,Hải Phòng,COD
P28162,Sữa tắm dược liệu Thuần Mộc (Chai 300ml),Thuan Moc,Sữa tắm,199000.0,4.6,Pharmacity_VN,VND,199000.0,ORD00914,C0914,Linh Hoàng,46,Nữ,199000,4,796000,2026-05-30,TP. Hồ Chí Minh,Ví điện tử
P07541,Sữa tắm dưỡng ẩm Johnson's pH 5.5  2 trong 1 (750 ml),Johnson,Sữa tắm,196000.0,4.68,Pharmacity_VN,VND,196000.0,ORD00708,C0708,Kim Quang Mai,48,Nữ,196000,1,196000,2026-07-17,TP. Hồ Chí Minh,Thẻ ngân hàng
P17550,Nước Rửa Tay LIFEBUOY Matcha và Lô Hội (chai 450g),Lifebuoy,Nước rửa tay,77000.0,4.54,Pharmacity_VN,VND,77000.0,ORD00456,C0456,Khoa Đặng,22,Nữ,77000,1,77000,2026-08-02,Hải Phòng,Ví điện tử
P21157,Xà Phòng Tắm PELICAN Giúp Giảm Mụn Lưng (135g),Pelican,Xà bông cục,149000.0,4.51,Pharmacity_VN,VND,149000.0,ORD00389,C0389,Bà Linh Lê,40,Nữ,149000,1,149000,2026-01-28,TP. Hồ Chí Minh,Thẻ ngân hàng
P27856,"Sữa tắm Pharmacity Làm Sạch, Kháng Khuẩn – Dưỡng ẩm da (Chai 850ml)",Pharmacity,Sữa tắm,139000.0,4.85,Pharmacity_VN,VND,139000.0,ORD00131,C0131,Chị Lan Nguyễn,18,Nam,139000,1,139000,2026-02-04,Đà Nẵng,COD
P27856,"Sữa tắm Pharmacity Làm Sạch, Kháng Khuẩn – Dưỡng ẩm da (Chai 850ml)",Pharmacity,Sữa tắm,139000.0,4.85,Pharmacity_VN,VND,139000.0,ORD00195,C0195,Quang Mai Vũ,32,Nam,139000,1,139000,2026-04-12,TP. Hồ Chí Minh,Thẻ ngân hàng
P27856,"Sữa tắm Pharmacity Làm Sạch, Kháng Khuẩn – Dưỡng ẩm da (Chai 850ml)",Pharmacity,Sữa tắm,139000.0,4.85,Pharmacity_VN,VND,139000.0,ORD00851,C0851,Nhiên Trần,24,Nữ,139000,1,139000,2026-09-19,Hà Nội,Tiền mặt
P28074,Sữa tắm chứa hạt Peach & Peony Pharmacity (Chai 400g),Pharmacity,Sữa tắm,40000.0,4.86,Pharmacity_VN,VND,40000.0,ORD00179,C0179,Anh Huy Lê,27,Nam,40000,1,40000,2026-09-03,Đà Nẵng,COD
P28074,Sữa tắm chứa hạt Peach & Peony Pharmacity (Chai 400g),Pharmacity,Sữa tắm,40000.0,4.86,Pharmacity_VN,VND,40000.0,ORD00750,C0750,Quý cô Dương Lê,18,Nam,40000,2,80000,2026-04-05,TP. Hồ Chí Minh,Thẻ ngân hàng
P29715,Feliz Sữa tắm hương Vanilla (Chai 1 lít),Pharmacity,Sữa tắm,135000.0,4.97,Pharmacity_VN,VND,135000.0,ORD00979,C0979,Chị Lâm Lê,18,Nam,135000,4,540000,2026-05-14,TP. Hồ Chí Minh,Tiền mặt
P30257,Xịt rửa tay PURE FRESH hương Melon (30ml),Pure Fresh,Nước rửa tay,89000.0,4.76,Pharmacity_VN,VND,89000.0,ORD00137,C0137,Quý cô An Mai,22,Nam,89000,1,89000,2026-02-28,Hà Nội,COD
P30257,Xịt rửa tay PURE FRESH hương Melon (30ml),Pure Fresh,Nước rửa tay,89000.0,4.76,Pharmacity_VN,VND,89000.0,ORD00374,C0374,Khoa Đặng,40,Nữ,89000,3,267000,2026-01-31,TP. Hồ Chí Minh,Ví điện tử
P30257,Xịt rửa tay PURE FRESH hương Melon (30ml),Pure Fresh,Nước rửa tay,89000.0,4.76,Pharmacity_VN,VND,89000.0,ORD00610,C0610,An Bùi,45,Nam,89000,1,89000,2026-02-10,TP. Hồ Chí Minh,COD
P17551,Nước Rửa Tay LIFEBUOY Bảo Vệ Vượt Trội 10 (túi 400g),Lifebuoy,Nước rửa tay,64000.0,4.78,Pharmacity_VN,VND,64000.0,ORD00930,C0930,Cô Phương Đặng,29,Nam,64000,1,64000,2026-04-12,Cần Thơ,COD
P17551,Nước Rửa Tay LIFEBUOY Bảo Vệ Vượt Trội 10 (túi 400g),Lifebuoy,Nước rửa tay,64000.0,4.78,Pharmacity_VN,VND,64000.0,ORD00994,C0994,Quang Nguyễn,23,Nam,64000,1,64000,2026-01-28,Cần Thơ,COD
P17538,Xà Phòng Tắm LIFEBUOY Matcha và Khổ Qua Bảo Vệ Khỏi Vi Khuẩn (90g),Lifebuoy,Xà bông cục,20000.0,4.95,Pharmacity_VN,VND,20000.0,ORD00070,C0070,Nhật Mai Bảo Lê,24,Nam,20000,1,20000,2026-09-15,Hải Phòng,COD
P17538,Xà Phòng Tắm LIFEBUOY Matcha và Khổ Qua Bảo Vệ Khỏi Vi Khuẩn (90g),Lifebuoy,Xà bông cục,20000.0,4.95,Pharmacity_VN,VND,20000.0,ORD00147,C0147,Cô Hồng Bùi,18,Nữ,20000,2,40000,2026-02-20,Đà Nẵng,Ví điện tử
P17538,Xà Phòng Tắm LIFEBUOY Matcha và Khổ Qua Bảo Vệ Khỏi Vi Khuẩn (90g),Lifebuoy,Xà bông cục,20000.0,4.95,Pharmacity_VN,VND,20000.0,ORD00400,C0400,Vũ Trần,42,Nữ,20000,1,20000,2026-02-22,TP. Hồ Chí Minh,Ví điện tử
P17538,Xà Phòng Tắm LIFEBUOY Matcha và Khổ Qua Bảo Vệ Khỏi Vi Khuẩn (90g),Lifebuoy,Xà bông cục,20000.0,4.95,Pharmacity_VN,VND,20000.0,ORD00632,C0632,Hoàng Mai,45,Nữ,20000,1,20000,2026-04-19,Đà Nẵng,Ví điện tử
P17538,Xà Phòng Tắm LIFEBUOY Matcha và Khổ Qua Bảo Vệ Khỏi Vi Khuẩn (90g),Lifebuoy,Xà bông cục,20000.0,4.95,Pharmacity_VN,VND,20000.0,ORD00867,C0867,Nhiên Vũ,33,Nam,20000,1,20000,2026-06-19,TP. Hồ Chí Minh,Tiền mặt
P18620,Sữa tắm hương Hoa hồng Feliz Body Wash Rose (Chai 1 lít),Feliz,Sữa tắm,67500.0,4.54,Pharmacity_VN,VND,67500.0,ORD00180,C0180,Trọng Mai,57,Nữ,67500,2,135000,2026-01-05,Hà Nội,Thẻ ngân hàng
P18620,Sữa tắm hương Hoa hồng Feliz Body Wash Rose (Chai 1 lít),Feliz,Sữa tắm,67500.0,4.54,Pharmacity_VN,VND,67500.0,ORD00465,C0465,Quang Nguyễn,29,Nữ,67500,1,67500,2026-03-20,TP. Hồ Chí Minh,COD
P18620,Sữa tắm hương Hoa hồng Feliz Body Wash Rose (Chai 1 lít),Feliz,Sữa tắm,67500.0,4.54,Pharmacity_VN,VND,67500.0,ORD00662,C0662,Quý cô Bảo Mai,25,Nam,67500,1,67500,2026-01-03,TP. Hồ Chí Minh,Tiền mặt
P21161,Sữa Tắm LIFEBUOY Bảo Vệ Vượt Trội 10 Giúp Bảo Vệ Khỏi Vi Khuẩn Gây Bệnh (chai 800g),Lifebuoy,Sữa tắm,172000.0,4.85,Pharmacity_VN,VND,172000.0,ORD00323,C0323,Chị Ánh Phạm,22,Nữ,172000,2,344000,2026-04-06,TP. Hồ Chí Minh,Ví điện tử
P21161,Sữa Tắm LIFEBUOY Bảo Vệ Vượt Trội 10 Giúp Bảo Vệ Khỏi Vi Khuẩn Gây Bệnh (chai 800g),Lifebuoy,Sữa tắm,172000.0,4.85,Pharmacity_VN,VND,172000.0,ORD00413,C0413,Cô Hạnh Mai,18,Nữ,172000,2,344000,2026-01-17,Hà Nội,Tiền mặt
P21161,Sữa Tắm LIFEBUOY Bảo Vệ Vượt Trội 10 Giúp Bảo Vệ Khỏi Vi Khuẩn Gây Bệnh (chai 800g),Lifebuoy,Sữa tắm,172000.0,4.85,Pharmacity_VN,VND,172000.0,ORD00668,C0668,Bác Hưng Hoàng,45,Nam,172000,1,172000,2026-07-09,Hà Nội,Thẻ ngân hàng
P27758,Pharmacity Nước rửa tay bảo vệ tối ưu (Chai 200ml),Pharmacity,Nước rửa tay,34000.0,4.79,Pharmacity_VN,VND,34000.0,ORD00382,C0382,Linh Lê,24,Nam,34000,1,34000,2026-06-11,Cần Thơ,Thẻ ngân hàng
P29767,Dung dịch rửa tay khô sát khuẩn TH.A 500ml,TH-A,Nước rửa tay,89000.0,4.63,Pharmacity_VN,VND,89000.0,ORD00300,C0300,Tú Mai Trần,36,Nữ,89000,2,178000,2026-02-21,Đà Nẵng,Ví điện tử
P29767,Dung dịch rửa tay khô sát khuẩn TH.A 500ml,TH-A,Nước rửa tay,89000.0,4.63,Pharmacity_VN,VND,89000.0,ORD00453,C0453,Ông Thành Đặng,20,Nữ,89000,3,267000,2026-08-13,TP. Hồ Chí Minh,COD
P29767,Dung dịch rửa tay khô sát khuẩn TH.A 500ml,TH-A,Nước rửa tay,89000.0,4.63,Pharmacity_VN,VND,89000.0,ORD00574,C0574,Cô Phương Lê,28,Nữ,89000,2,178000,2026-04-11,Hà Nội,Tiền mặt
P29767,Dung dịch rửa tay khô sát khuẩn TH.A 500ml,TH-A,Nước rửa tay,89000.0,4.63,Pharmacity_VN,VND,89000.0,ORD00715,C0715,Quý cô Duyên Hoàng,30,Nữ,89000,1,89000,2026-03-14,TP. Hồ Chí Minh,COD
P29767,Dung dịch rửa tay khô sát khuẩn TH.A 500ml,TH-A,Nước rửa tay,89000.0,4.63,Pharmacity_VN,VND,89000.0,ORD00776,C0776,Ông Nhiên Trần,18,Nam,89000,2,178000,2026-08-02,Đà Nẵng,Tiền mặt
P29767,Dung dịch rửa tay khô sát khuẩn TH.A 500ml,TH-A,Nước rửa tay,89000.0,4.63,Pharmacity_VN,VND,89000.0,ORD00934,C0934,Bác Phúc Mai,18,Nam,89000,1,89000,2026-01-21,TP. Hồ Chí Minh,Ví điện tử
P28114,Sữa tắm thảo dược gừng nghệ Cỏ Cây Hoa Lá (Túi 30g),Cocayhoala,Sữa tắm,29000.0,4.59,Pharmacity_VN,VND,29000.0,ORD00109,C0109,Dương Phạm,33,Nữ,29000,2,58000,2026-06-25,Hà Nội,Thẻ ngân hàng
P28114,Sữa tắm thảo dược gừng nghệ Cỏ Cây Hoa Lá (Túi 30g),Cocayhoala,Sữa tắm,29000.0,4.59,Pharmacity_VN,VND,29000.0,ORD00130,C0130,Vũ Hải Vũ,25,Nữ,29000,4,116000,2026-05-04,TP. Hồ Chí Minh,COD
P28114,Sữa tắm thảo dược gừng nghệ Cỏ Cây Hoa Lá (Túi 30g),Cocayhoala,Sữa tắm,29000.0,4.59,Pharmacity_VN,VND,29000.0,ORD00854,C0854,Bà Bảo Vũ,42,Nữ,29000,3,87000,2026-05-25,Đà Nẵng,Thẻ ngân hàng
P30259,Xịt rửa tay PURE FRESH hương Peppermint & Vani (30ml),Pure Fresh,Nước rửa tay,89000.0,4.64,Pharmacity_VN,VND,89000.0,ORD00163,C0163,Linh Phạm,42,Nam,89000,1,89000,2026-06-14,Hà Nội,Tiền mặt
P30259,Xịt rửa tay PURE FRESH hương Peppermint & Vani (30ml),Pure Fresh,Nước rửa tay,89000.0,4.64,Pharmacity_VN,VND,89000.0,ORD00718,C0718,Trọng Hữu Đặng,32,Nam,89000,1,89000,2026-09-19,Hà Nội,Thẻ ngân hàng
P30706,LoveBody Sữa tắm Bơ Shea Sữa Dừa (Chai 550ml),LoveBody,Sữa tắm,62500.0,4.58,Pharmacity_VN,VND,62500.0,ORD00622,C0622,Trung Trần,35,Nam,62500,2,125000,2026-04-19,Cần Thơ,Ví điện tử
P30706,LoveBody Sữa tắm Bơ Shea Sữa Dừa (Chai 550ml),LoveBody,Sữa tắm,62500.0,4.58,Pharmacity_VN,VND,62500.0,ORD01000,C1000,Quý cô Yến Dương,36,Nữ,62500,1,62500,2026-09-03,TP. Hồ Chí Minh,Ví điện tử
P02195,Nước Rửa Tay GREEN CROSS Hương Trà Xanh (chai 100ml),Green Cross,Nước rửa tay,21600.0,4.95,Pharmacity_VN,VND,21600.0,ORD00086,C0086,Phúc Dương,25,Nam,21600,1,21600,2026-07-14,TP. Hồ Chí Minh,COD
P02195,Nước Rửa Tay GREEN CROSS Hương Trà Xanh (chai 100ml),Green Cross,Nước rửa tay,21600.0,4.95,Pharmacity_VN,VND,21600.0,ORD00197,C0197,Nhật Phạm,21,Nữ,21600,1,21600,2026-08-04,Hà Nội,Thẻ ngân hàng
P02195,Nước Rửa Tay GREEN CROSS Hương Trà Xanh (chai 100ml),Green Cross,Nước rửa tay,21600.0,4.95,Pharmacity_VN,VND,21600.0,ORD00623,C0623,Vi Bùi,49,Nam,21600,1,21600,2026-07-07,Hà Nội,Tiền mặt
P02195,Nước Rửa Tay GREEN CROSS Hương Trà Xanh (chai 100ml),Green Cross,Nước rửa tay,21600.0,4.95,Pharmacity_VN,VND,21600.0,ORD00802,C0802,Hương Lê,25,Nam,21600,2,43200,2026-06-26,Hà Nội,Thẻ ngân hàng
P01547,Nước Rửa Tay LIFEBUOY Chăm Sóc Da (chai 177ml),Lifebuoy,Nước rửa tay,32200.0,4.78,Pharmacity_VN,VND,32200.0,ORD00190,C0190,Anh Châu Dương,18,Nam,32200,1,32200,2026-08-24,Hà Nội,COD
P07542,Sữa tắm dưỡng ẩm Johnson's pH 5.5  với dầu hạnh nhân (750ml),Johnson,Sữa tắm,147000.0,4.99,Pharmacity_VN,VND,147000.0,ORD00407,C0407,Kim Tấn Hoàng,19,Nam,147000,1,147000,2026-04-12,Hải Phòng,Tiền mặt
P07542,Sữa tắm dưỡng ẩm Johnson's pH 5.5  với dầu hạnh nhân (750ml),Johnson,Sữa tắm,147000.0,4.99,Pharmacity_VN,VND,147000.0,ORD00866,C0866,Ông Quang Phạm,26,Nữ,147000,2,294000,2026-02-10,TP. Hồ Chí Minh,Tiền mặt
P20101,Pharmacity Natural Care Sữa Tắm Chiết Xuất Tràm Trà Và Hương Thảo (Chai 550ml),Pharmacity,Sữa tắm,36000.0,4.73,Pharmacity_VN,VND,36000.0,ORD00509,C0509,An Hoàng,30,Nam,36000,1,36000,2026-03-03,TP. Hồ Chí Minh,COD
P20101,Pharmacity Natural Care Sữa Tắm Chiết Xuất Tràm Trà Và Hương Thảo (Chai 550ml),Pharmacity,Sữa tắm,36000.0,4.73,Pharmacity_VN,VND,36000.0,ORD00566,C0566,Hưng Vũ,26,Nữ,36000,2,72000,2026-06-05,Đà Nẵng,Tiền mặt
P20101,Pharmacity Natural Care Sữa Tắm Chiết Xuất Tràm Trà Và Hương Thảo (Chai 550ml),Pharmacity,Sữa tắm,36000.0,4.73,Pharmacity_VN,VND,36000.0,ORD00821,C0821,Hà Lê,25,Nữ,36000,1,36000,2026-03-25,Hà Nội,COD
P27855,"Sữa tắm Pharmacity Làm Sạch, Kháng Khuẩn – Chăm sóc da (Chai 850ml)",Pharmacity,Sữa tắm,139000.0,4.99,Pharmacity_VN,VND,139000.0,ORD00138,C0138,Cô Chi Lê,27,Nữ,139000,2,278000,2026-05-06,TP. Hồ Chí Minh,Thẻ ngân hàng
P27855,"Sữa tắm Pharmacity Làm Sạch, Kháng Khuẩn – Chăm sóc da (Chai 850ml)",Pharmacity,Sữa tắm,139000.0,4.99,Pharmacity_VN,VND,139000.0,ORD00545,C0545,Minh Mai Bảo Hoàng,18,Nam,139000,1,139000,2026-09-30,Hà Nội,COD
P27756,Nước rửa tay Pharmacity bảo vệ tối ưu (Chai 500ml) - New,Pharmacity,Nước rửa tay,75000.0,4.65,Pharmacity_VN,VND,75000.0,ORD00035,C0035,Huy Lê,38,Nam,75000,2,150000,2026-06-02,TP. Hồ Chí Minh,COD
P27756,Nước rửa tay Pharmacity bảo vệ tối ưu (Chai 500ml) - New,Pharmacity,Nước rửa tay,75000.0,4.65,Pharmacity_VN,VND,75000.0,ORD00402,C0402,Bà Duyên Dương,24,Nam,75000,1,75000,2026-02-22,TP. Hồ Chí Minh,COD
P29714,Feliz Sữa tắm hương hoa hồng (Chai 1 lít),Pharmacity,Sữa tắm,135000.0,4.71,Pharmacity_VN,VND,135000.0,ORD00074,C0074,Anh Hưng Mai,46,Nam,135000,1,135000,2026-08-01,TP. Hồ Chí Minh,Thẻ ngân hàng
P30705,LoveBody Sữa tắm Oải Hương Mật Ong (Chai 550ml),LoveBody,Sữa tắm,62500.0,4.71,Pharmacity_VN,VND,62500.0,ORD00042,C0042,Cô Hương Dương,32,Nam,62500,2,125000,2026-06-10,Hà Nội,COD
P30705,LoveBody Sữa tắm Oải Hương Mật Ong (Chai 550ml),LoveBody,Sữa tắm,62500.0,4.71,Pharmacity_VN,VND,62500.0,ORD00385,C0385,Phương Quang Bùi,22,Nam,62500,1,62500,2026-09-20,TP. Hồ Chí Minh,Tiền mặt
P30705,LoveBody Sữa tắm Oải Hương Mật Ong (Chai 550ml),LoveBody,Sữa tắm,62500.0,4.71,Pharmacity_VN,VND,62500.0,ORD00480,C0480,Thành Thị Hoàng,41,Nữ,62500,1,62500,2026-07-18,Cần Thơ,Thẻ ngân hàng
P30705,LoveBody Sữa tắm Oải Hương Mật Ong (Chai 550ml),LoveBody,Sữa tắm,62500.0,4.71,Pharmacity_VN,VND,62500.0,ORD00924,C0924,Phúc Dương,23,Nữ,62500,1,62500,2026-03-29,Hà Nội,Ví điện tử
P30705,LoveBody Sữa tắm Oải Hương Mật Ong (Chai 550ml),LoveBody,Sữa tắm,62500.0,4.71,Pharmacity_VN,VND,62500.0,ORD00982,C0982,Dũng Trần,34,Nữ,62500,2,125000,2026-04-04,TP. Hồ Chí Minh,COD
P29978,Sữa Tắm Anok Dưỡng Ẩm Smoothing & Hydrating 300ml/Chai,Anok,Sữa tắm,217500.0,4.73,Pharmacity_VN,VND,217500.0,ORD00170,C0170,Tú Hoàng,22,Nam,217500,1,217500,2026-03-05,TP. Hồ Chí Minh,COD
P29978,Sữa Tắm Anok Dưỡng Ẩm Smoothing & Hydrating 300ml/Chai,Anok,Sữa tắm,217500.0,4.73,Pharmacity_VN,VND,217500.0,ORD00233,C0233,Vi Vũ,30,Nữ,217500,3,652500,2026-01-19,Hà Nội,Tiền mặt
P29978,Sữa Tắm Anok Dưỡng Ẩm Smoothing & Hydrating 300ml/Chai,Anok,Sữa tắm,217500.0,4.73,Pharmacity_VN,VND,217500.0,ORD00700,C0700,Thành Phú Trần,28,Nữ,217500,2,435000,2026-08-05,Hà Nội,Thẻ ngân hàng
P30258,Xịt rửa tay PURE FRESH hương Cherry Blossom (30ml),Pure Fresh,Nước rửa tay,89000.0,4.95,Pharmacity_VN,VND,89000.0,ORD00061,C0061,Anh Huy Lê,25,Nữ,89000,4,356000,2026-02-08,Hải Phòng,Ví điện tử
P30258,Xịt rửa tay PURE FRESH hương Cherry Blossom (30ml),Pure Fresh,Nước rửa tay,89000.0,4.95,Pharmacity_VN,VND,89000.0,ORD00102,C0102,Tùng Bảo Hoàng,26,Nữ,89000,1,89000,2026-07-12,TP. Hồ Chí Minh,Ví điện tử
P30258,Xịt rửa tay PURE FRESH hương Cherry Blossom (30ml),Pure Fresh,Nước rửa tay,89000.0,4.95,Pharmacity_VN,VND,89000.0,ORD00256,C0256,Cô Hạnh Bùi,25,Nữ,89000,2,178000,2026-04-14,Hà Nội,Ví điện tử
P30258,Xịt rửa tay PURE FRESH hương Cherry Blossom (30ml),Pure Fresh,Nước rửa tay,89000.0,4.95,Pharmacity_VN,VND,89000.0,ORD00499,C0499,Vũ Mai Dương,21,Nữ,89000,1,89000,2026-03-25,TP. Hồ Chí Minh,COD
P30258,Xịt rửa tay PURE FRESH hương Cherry Blossom (30ml),Pure Fresh,Nước rửa tay,89000.0,4.95,Pharmacity_VN,VND,89000.0,ORD00711,C0711,Châu Lê,32,Nữ,89000,1,89000,2026-05-06,Hà Nội,Tiền mặt
P30258,Xịt rửa tay PURE FRESH hương Cherry Blossom (30ml),Pure Fresh,Nước rửa tay,89000.0,4.95,Pharmacity_VN,VND,89000.0,ORD00915,C0915,Cô Xuân Vũ,29,Nữ,89000,3,267000,2026-05-19,Hà Nội,Tiền mặt
P30258,Xịt rửa tay PURE FRESH hương Cherry Blossom (30ml),Pure Fresh,Nước rửa tay,89000.0,4.95,Pharmacity_VN,VND,89000.0,ORD00996,C0996,Ông Quang Lê,27,Nam,89000,1,89000,2026-07-25,TP. Hồ Chí Minh,Ví điện tử
P03374,Nước Rửa Tay LIFEBUOY Bảo Vệ Vượt Trội giúp loại bỏ vi khuẩn (chai 450g),Lifebuoy,Nước rửa tay,71760.0,4.97,Pharmacity_VN,VND,71760.0,ORD00079,C0079,Hải Tấn Vũ,31,Nam,71760,1,71760,2026-04-17,Đà Nẵng,Thẻ ngân hàng
P03374,Nước Rửa Tay LIFEBUOY Bảo Vệ Vượt Trội giúp loại bỏ vi khuẩn (chai 450g),Lifebuoy,Nước rửa tay,71760.0,4.97,Pharmacity_VN,VND,71760.0,ORD00248,C0248,An Hoàng,23,Nam,71760,1,71760,2026-05-08,Cần Thơ,Ví điện tử
P03374,Nước Rửa Tay LIFEBUOY Bảo Vệ Vượt Trội giúp loại bỏ vi khuẩn (chai 450g),Lifebuoy,Nước rửa tay,71760.0,4.97,Pharmacity_VN,VND,71760.0,ORD00334,C0334,Bảo Nguyễn,23,Nam,71760,1,71760,2026-05-27,Hà Nội,Ví điện tử
P03374,Nước Rửa Tay LIFEBUOY Bảo Vệ Vượt Trội giúp loại bỏ vi khuẩn (chai 450g),Lifebuoy,Nước rửa tay,71760.0,4.97,Pharmacity_VN,VND,71760.0,ORD00432,C0432,Hạnh Trần,18,Nam,71760,5,358800,2026-06-24,TP. Hồ Chí Minh,Ví điện tử
P03374,Nước Rửa Tay LIFEBUOY Bảo Vệ Vượt Trội giúp loại bỏ vi khuẩn (chai 450g),Lifebuoy,Nước rửa tay,71760.0,4.97,Pharmacity_VN,VND,71760.0,ORD00495,C0495,Bảo Trí Hoàng,45,Nam,71760,1,71760,2026-06-23,Hải Phòng,COD
P03374,Nước Rửa Tay LIFEBUOY Bảo Vệ Vượt Trội giúp loại bỏ vi khuẩn (chai 450g),Lifebuoy,Nước rửa tay,71760.0,4.97,Pharmacity_VN,VND,71760.0,ORD00829,C0829,Quý cô Dương Hoàng,26,Nữ,71760,5,358800,2026-02-28,Hải Phòng,Tiền mặt
P03374,Nước Rửa Tay LIFEBUOY Bảo Vệ Vượt Trội giúp loại bỏ vi khuẩn (chai 450g),Lifebuoy,Nước rửa tay,71760.0,4.97,Pharmacity_VN,VND,71760.0,ORD00944,C0944,Cô Linh Vũ,29,Nữ,71760,1,71760,2026-01-23,Hải Phòng,Thẻ ngân hàng
P04079,Xịt Rửa Tay GREEN CROSS Hương Trà Xanh (chai 70ml),Green Cross,Nước rửa tay,33500.0,4.99,Pharmacity_VN,VND,33500.0,ORD00044,C0044,Quý cô Phương Lê,27,Nam,33500,1,33500,2026-03-23,Hà Nội,COD
P12966,Sữa Tắm LIFEBUOY Matcha & Khổ Qua giúp kháng khuẩn cho da (800g),Lifebuoy,Sữa tắm,184500.0,4.98,Pharmacity_VN,VND,184500.0,ORD00714,C0714,Ông Quang Vũ,34,Nữ,184500,1,184500,2026-06-18,Cần Thơ,Ví điện tử
P20102,Pharmacity Natural Care Sữa Tắm Chiết Xuất Mâm Xôi Và Cam Thảo (Chai 550ml),Pharmacity,Sữa tắm,36000.0,4.93,Pharmacity_VN,VND,36000.0,ORD00433,C0433,Bà Nhật Mai,27,Nam,36000,3,108000,2026-08-10,Đà Nẵng,Ví điện tử
P20102,Pharmacity Natural Care Sữa Tắm Chiết Xuất Mâm Xôi Và Cam Thảo (Chai 550ml),Pharmacity,Sữa tắm,36000.0,4.93,Pharmacity_VN,VND,36000.0,ORD00488,C0488,Cô Lan Trần,19,Nữ,36000,2,72000,2026-02-21,Hà Nội,COD
P20102,Pharmacity Natural Care Sữa Tắm Chiết Xuất Mâm Xôi Và Cam Thảo (Chai 550ml),Pharmacity,Sữa tắm,36000.0,4.93,Pharmacity_VN,VND,36000.0,ORD00526,C0526,Hương Bùi,18,Nữ,36000,1,36000,2026-01-11,Hà Nội,Thẻ ngân hàng
P20102,Pharmacity Natural Care Sữa Tắm Chiết Xuất Mâm Xôi Và Cam Thảo (Chai 550ml),Pharmacity,Sữa tắm,36000.0,4.93,Pharmacity_VN,VND,36000.0,ORD00537,C0537,Bảo Trần,21,Nam,36000,2,72000,2026-05-19,Cần Thơ,Tiền mặt
P20102,Pharmacity Natural Care Sữa Tắm Chiết Xuất Mâm Xôi Và Cam Thảo (Chai 550ml),Pharmacity,Sữa tắm,36000.0,4.93,Pharmacity_VN,VND,36000.0,ORD00783,C0783,Trọng Bảo Lê,34,Nữ,36000,5,180000,2026-03-20,Hải Phòng,Thẻ ngân hàng
P20102,Pharmacity Natural Care Sữa Tắm Chiết Xuất Mâm Xôi Và Cam Thảo (Chai 550ml),Pharmacity,Sữa tắm,36000.0,4.93,Pharmacity_VN,VND,36000.0,ORD00801,C0801,Hương Dương,39,Nam,36000,2,72000,2026-08-07,Hà Nội,Thẻ ngân hàng
P21162,Sữa Tắm HATOMUGI Hỗ Trợ Làm Sáng Da (chai 800ml),Hatomugi,Sữa tắm,140000.0,4.63,Pharmacity_VN,VND,140000.0,ORD00036,C0036,Ông Anh Mai,18,Nữ,140000,2,280000,2026-06-23,Đà Nẵng,Tiền mặt
P22673,Sữa Tắm NEUTROGENA Rainbath Refreshing Shower & Bath Gel Tươi Mát Và Mịn Màng (473ml),Neutrogena,Sữa tắm,312000.0,4.75,Pharmacity_VN,VND,312000.0,ORD00316,C0316,Tú Phú Mai,30,Nữ,312000,2,624000,2026-05-07,TP. Hồ Chí Minh,COD
P22673,Sữa Tắm NEUTROGENA Rainbath Refreshing Shower & Bath Gel Tươi Mát Và Mịn Màng (473ml),Neutrogena,Sữa tắm,312000.0,4.75,Pharmacity_VN,VND,312000.0,ORD00500,C0500,Hoàng Xuân Lê,18,Nam,312000,1,312000,2026-09-05,Cần Thơ,COD
P07424,"Sữa Tắm PURITE Rose Hương Hoa Hồng giúp giữ ẩm da, sáng da (chai 500ml)",Purite,Sữa tắm,143650.0,4.74,Pharmacity_VN,VND,143650.0,ORD00140,C0140,Phương Mai Lê,18,Nam,143650,1,143650,2026-08-12,TP. Hồ Chí Minh,Thẻ ngân hàng
P07424,"Sữa Tắm PURITE Rose Hương Hoa Hồng giúp giữ ẩm da, sáng da (chai 500ml)",Purite,Sữa tắm,143650.0,4.74,Pharmacity_VN,VND,143650.0,ORD00191,C0191,Ông Vũ Vũ,26,Nam,143650,1,143650,2026-03-11,Đà Nẵng,COD
P07424,"Sữa Tắm PURITE Rose Hương Hoa Hồng giúp giữ ẩm da, sáng da (chai 500ml)",Purite,Sữa tắm,143650.0,4.74,Pharmacity_VN,VND,143650.0,ORD00680,C0680,Phương Mai Bảo Nguyễn,43,Nam,143650,4,574600,2026-08-29,TP. Hồ Chí Minh,COD
P17552,Nước Rửa Tay LIFEBUOY Chăm Sóc Da (túi 400g),Lifebuoy,Nước rửa tay,64000.0,4.71,Pharmacity_VN,VND,64000.0,ORD00120,C0120,Trọng Tấn Trần,38,Nam,64000,4,256000,2026-08-22,Cần Thơ,Ví điện tử
P17552,Nước Rửa Tay LIFEBUOY Chăm Sóc Da (túi 400g),Lifebuoy,Nước rửa tay,64000.0,4.71,Pharmacity_VN,VND,64000.0,ORD00166,C0166,Duyên Lê,34,Nam,64000,2,128000,2026-05-25,TP. Hồ Chí Minh,COD
P17552,Nước Rửa Tay LIFEBUOY Chăm Sóc Da (túi 400g),Lifebuoy,Nước rửa tay,64000.0,4.71,Pharmacity_VN,VND,64000.0,ORD00483,C0483,Thành Tấn Vũ,18,Nam,64000,1,64000,2026-09-24,TP. Hồ Chí Minh,Thẻ ngân hàng
P17552,Nước Rửa Tay LIFEBUOY Chăm Sóc Da (túi 400g),Lifebuoy,Nước rửa tay,64000.0,4.71,Pharmacity_VN,VND,64000.0,ORD00894,C0894,Nhật Hải Trần,42,Nữ,64000,2,128000,2026-03-14,Hà Nội,Thẻ ngân hàng
P17624,Dầu gội PANTENE Pro-V Hair Fall Control Ngăn Rụng Tóc (chai 650ml),Pantene,Dầu gội đầu,189000.0,4.85,Pharmacity_VN,VND,189000.0,ORD00113,C0113,Hạnh Lê,31,Nữ,189000,2,378000,2026-04-23,Hà Nội,Tiền mặt
P17624,Dầu gội PANTENE Pro-V Hair Fall Control Ngăn Rụng Tóc (chai 650ml),Pantene,Dầu gội đầu,189000.0,4.85,Pharmacity_VN,VND,189000.0,ORD00618,C0618,Vi Nguyễn,37,Nam,189000,1,189000,2026-05-19,Hà Nội,Thẻ ngân hàng
P17624,Dầu gội PANTENE Pro-V Hair Fall Control Ngăn Rụng Tóc (chai 650ml),Pantene,Dầu gội đầu,189000.0,4.85,Pharmacity_VN,VND,189000.0,ORD00886,C0886,Hà Phú Phạm,48,Nữ,189000,1,189000,2026-06-13,TP. Hồ Chí Minh,Tiền mặt
P22881,Dầu Gội Thảo Dược Hà Thủ Ô 2in1 Làm Sạch Da Đầu Cỏ Cây Hoa Lá 450g,Cocayhoala,Dầu gội đầu,246500.0,4.9,Pharmacity_VN,VND,246500.0,ORD00188,C0188,Tùng Nguyễn,29,Nam,246500,1,246500,2026-06-03,Cần Thơ,COD
P22881,Dầu Gội Thảo Dược Hà Thủ Ô 2in1 Làm Sạch Da Đầu Cỏ Cây Hoa Lá 450g,Cocayhoala,Dầu gội đầu,246500.0,4.9,Pharmacity_VN,VND,246500.0,ORD00959,C0959,Cô Ngọc Bùi,36,Nữ,246500,3,739500,2026-04-19,Hà Nội,Thẻ ngân hàng
P28113,Dầu xả thảo dược gừng sả Cỏ Cây Hoa Lá dưỡng tóc mềm mại tự nhiên (Túi 30g),Cocayhoala,Dầu xả,29000.0,4.84,Pharmacity_VN,VND,29000.0,ORD00362,C0362,Quý cô Hồng Dương,45,Nam,29000,1,29000,2026-05-20,Cần Thơ,Ví điện tử
P28567,Dầu gội dược liệu Nguyên Xuân xanh cho tóc hư tổn (Chai 450ml/520g),Nguyen Xuan,Dầu gội đầu,183000.0,4.99,Pharmacity_VN,VND,183000.0,ORD00553,C0553,Cô Chi Đặng,42,Nam,183000,3,549000,2026-02-08,TP. Hồ Chí Minh,Ví điện tử
P28567,Dầu gội dược liệu Nguyên Xuân xanh cho tóc hư tổn (Chai 450ml/520g),Nguyen Xuan,Dầu gội đầu,183000.0,4.99,Pharmacity_VN,VND,183000.0,ORD00565,C0565,Kim Phú Lê,42,Nữ,183000,3,549000,2026-04-11,Hải Phòng,Ví điện tử
P28567,Dầu gội dược liệu Nguyên Xuân xanh cho tóc hư tổn (Chai 450ml/520g),Nguyen Xuan,Dầu gội đầu,183000.0,4.99,Pharmacity_VN,VND,183000.0,ORD00705,C0705,Thành Mai,18,Nam,183000,1,183000,2026-04-14,TP. Hồ Chí Minh,Ví điện tử
P28567,Dầu gội dược liệu Nguyên Xuân xanh cho tóc hư tổn (Chai 450ml/520g),Nguyen Xuan,Dầu gội đầu,183000.0,4.99,Pharmacity_VN,VND,183000.0,ORD00993,C0993,Cô Yến Dương,28,Nữ,183000,1,183000,2026-08-22,TP. Hồ Chí Minh,COD
P29689,Kem Nhuộm Tóc Garnier Màu 3 Nâu Đen (50g+50ml+5g/Hộp),Garnier,Nhuộm tóc,149000.0,4.93,Pharmacity_VN,VND,149000.0,ORD00764,C0764,Quý cô Kim Hoàng,29,Nam,149000,2,298000,2026-05-06,TP. Hồ Chí Minh,Tiền mặt
P29975,Dầu Gội Anok Giúp Giảm Rụng Tóc Anti Hair Loss 400ml/Chai,Anok,Dầu gội đầu,270000.0,4.8,Pharmacity_VN,VND,270000.0,ORD00006,C0006,Vân Phạm,28,Nữ,270000,4,1080000,2026-07-11,TP. Hồ Chí Minh,COD
P29975,Dầu Gội Anok Giúp Giảm Rụng Tóc Anti Hair Loss 400ml/Chai,Anok,Dầu gội đầu,270000.0,4.8,Pharmacity_VN,VND,270000.0,ORD00933,C0933,Hoàng Xuân Bùi,18,Nam,270000,1,270000,2026-07-21,TP. Hồ Chí Minh,Tiền mặt
P37395,Dầu Gội Head & Shoulders Sạch Gàu Da Đầu Dầu Clinical Strength Advanced Oil Control 400ml,Head & Shoulders,Dầu gội đầu,224000.0,4.67,Pharmacity_VN,VND,224000.0,ORD00734,C0734,Phúc Thị Hoàng,18,Nam,224000,2,448000,2026-03-19,TP. Hồ Chí Minh,Thẻ ngân hàng
P00244,Dầu Gội Dược Liệu THÁI DƯƠNG 3 Hương Lá Sạch Gàu Mềm Mượt (200ml),Thai Duong,Dầu gội đầu,60000.0,4.76,Pharmacity_VN,VND,60000.0,ORD00339,C0339,Thành Thế Dương,34,Nữ,60000,4,240000,2026-03-24,Đà Nẵng,COD
P00244,Dầu Gội Dược Liệu THÁI DƯƠNG 3 Hương Lá Sạch Gàu Mềm Mượt (200ml),Thai Duong,Dầu gội đầu,60000.0,4.76,Pharmacity_VN,VND,60000.0,ORD00647,C0647,Chị Chi Phạm,18,Nữ,60000,3,180000,2026-06-30,TP. Hồ Chí Minh,Thẻ ngân hàng
P00244,Dầu Gội Dược Liệu THÁI DƯƠNG 3 Hương Lá Sạch Gàu Mềm Mượt (200ml),Thai Duong,Dầu gội đầu,60000.0,4.76,Pharmacity_VN,VND,60000.0,ORD00960,C0960,Anh Hưng Đặng,34,Nữ,60000,2,120000,2026-02-04,Đà Nẵng,Ví điện tử
P00248,Dầu Gội Dược Liệu THÁI DƯƠNG 3 Hương Hoa Giảm Gàu (chai 200ml),Thai Duong,Dầu gội đầu,60000.0,4.82,Pharmacity_VN,VND,60000.0,ORD00557,C0557,Quý ông Dũng Lê,25,Nam,60000,3,180000,2026-03-29,TP. Hồ Chí Minh,Tiền mặt
P00248,Dầu Gội Dược Liệu THÁI DƯƠNG 3 Hương Hoa Giảm Gàu (chai 200ml),Thai Duong,Dầu gội đầu,60000.0,4.82,Pharmacity_VN,VND,60000.0,ORD00694,C0694,Thành Văn Vũ,36,Nữ,60000,2,120000,2026-04-21,Hà Nội,Tiền mặt
P00248,Dầu Gội Dược Liệu THÁI DƯƠNG 3 Hương Hoa Giảm Gàu (chai 200ml),Thai Duong,Dầu gội đầu,60000.0,4.82,Pharmacity_VN,VND,60000.0,ORD00732,C0732,Phương Thị Đặng,20,Nữ,60000,5,300000,2026-05-08,Hà Nội,Thẻ ngân hàng
P07038,Dầu Gội CLEAR Bạc Hà Mát Lạnh Sạch Gàu (chai 630g),Clear,Dầu gội đầu,210000.0,4.76,Pharmacity_VN,VND,210000.0,ORD00921,C0921,Chị Khoa Đặng,41,Nữ,210000,3,630000,2026-09-13,Cần Thơ,Tiền mặt
P15466,"Dầu Gội MATRIX Gội Là Nâu ngăn ngừa rụng tóc, không gây kích ứng da (hộp 10 gói)",MATRIX,Dầu gội đầu,27000.0,4.57,Pharmacity_VN,VND,27000.0,ORD00809,C0809,An Phạm,43,Nữ,27000,3,81000,2026-05-04,Hà Nội,COD
P21170,Serum Dưỡng Tóc ELLIPS Pro Keratin Smooth & Silky Mềm Mượt Tóc (Vỉ 6 viên),Ellips,Dưỡng tóc,25000.0,4.75,Pharmacity_VN,VND,25000.0,ORD00072,C0072,Yến Đặng,45,Nữ,25000,4,100000,2026-09-25,Hà Nội,COD
P21170,Serum Dưỡng Tóc ELLIPS Pro Keratin Smooth & Silky Mềm Mượt Tóc (Vỉ 6 viên),Ellips,Dưỡng tóc,25000.0,4.75,Pharmacity_VN,VND,25000.0,ORD00122,C0122,Thành Hữu Vũ,21,Nữ,25000,1,25000,2026-09-19,Hải Phòng,Ví điện tử
P21170,Serum Dưỡng Tóc ELLIPS Pro Keratin Smooth & Silky Mềm Mượt Tóc (Vỉ 6 viên),Ellips,Dưỡng tóc,25000.0,4.75,Pharmacity_VN,VND,25000.0,ORD00242,C0242,Tú Hữu Mai,29,Nữ,25000,2,50000,2026-01-01,Hà Nội,COD
P21170,Serum Dưỡng Tóc ELLIPS Pro Keratin Smooth & Silky Mềm Mượt Tóc (Vỉ 6 viên),Ellips,Dưỡng tóc,25000.0,4.75,Pharmacity_VN,VND,25000.0,ORD00983,C0983,Kim Mai,20,Nam,25000,2,50000,2026-05-30,Hà Nội,Ví điện tử
P22888,"Dầu Gội Dược Liệu NGUYÊN XUÂN Dành Cho Tóc Dầu, Bết (chai 250ml/260g)",Nguyen Xuan,Dầu gội đầu,122000.0,4.6,Pharmacity_VN,VND,122000.0,ORD00870,C0870,Cô Kim Nguyễn,50,Nữ,122000,5,610000,2026-02-08,TP. Hồ Chí Minh,Ví điện tử
P28944,Dầu gội thảo mộc giảm gàu Herbal Wellness by Pharmacity chai 450ml,Herbal Wellness,Dầu gội đầu,94500.0,4.71,Pharmacity_VN,VND,94500.0,ORD00918,C0918,Lâm Phạm,32,Nữ,94500,4,378000,2026-07-24,Hà Nội,Ví điện tử
P29692,Kem nhuộm tóc GARNIER màu 5.32 Nâu Caramel 30ml+30g/gói,Garnier,Nhuộm tóc,89000.0,4.85,Pharmacity_VN,VND,89000.0,ORD00681,C0681,Yến Lê,37,Nữ,89000,1,89000,2026-09-29,Hà Nội,COD
P29693,Dầu xả L'ORÉAL PARIS ngăn ngừa và giảm gãy rụng tóc 440ml/chai,L'oreal,Dầu xả,289000.0,4.83,Pharmacity_VN,VND,289000.0,ORD00920,C0920,Quý cô Linh Lê,32,Nữ,289000,1,289000,2026-08-02,Hà Nội,Ví điện tử
P24704,Dầu Gội CLEAR 48 Giờ Sạch Gàu Ngứa (chai 630g),Clear,Dầu gội đầu,191900.0,4.61,Pharmacity_VN,VND,191900.0,ORD00186,C0186,Phúc Mai Bảo Phạm,37,Nam,191900,1,191900,2026-01-17,TP. Hồ Chí Minh,COD
P24704,Dầu Gội CLEAR 48 Giờ Sạch Gàu Ngứa (chai 630g),Clear,Dầu gội đầu,191900.0,4.61,Pharmacity_VN,VND,191900.0,ORD00561,C0561,Quang Vũ,33,Nam,191900,3,575700,2026-02-13,Hà Nội,Thẻ ngân hàng
P11517,Dầu Gội và Tắm ABENA Không Dùng Nước Hương Thơm Nhẹ (chai 200ml),Abena,Dầu gội đầu,205000.0,4.9,Pharmacity_VN,VND,205000.0,ORD00013,C0013,Kim Trần,32,Nam,205000,1,205000,2026-02-28,Hà Nội,COD
P13012,"Pharmacity Dầu gội Olive Oil phục hồi, giảm khô tóc (Chai 490ml)",Pharmacity,Dầu gội đầu,87500.0,4.77,Pharmacity_VN,VND,87500.0,ORD00055,C0055,Quý cô Lâm Dương,40,Nữ,87500,3,262500,2026-07-21,Hải Phòng,COD
P13012,"Pharmacity Dầu gội Olive Oil phục hồi, giảm khô tóc (Chai 490ml)",Pharmacity,Dầu gội đầu,87500.0,4.77,Pharmacity_VN,VND,87500.0,ORD00546,C0546,Châu Nguyễn,22,Nữ,87500,1,87500,2026-04-17,Cần Thơ,Thẻ ngân hàng
P15467,Dầu Gội MATRIX Gội Là Đen hộp 10 gói,MATRIX,Dầu gội đầu,22950.0,4.72,Pharmacity_VN,VND,22950.0,ORD00635,C0635,Quý cô Phương Dương,20,Nam,22950,2,45900,2026-05-27,Hải Phòng,COD
P15467,Dầu Gội MATRIX Gội Là Đen hộp 10 gói,MATRIX,Dầu gội đầu,22950.0,4.72,Pharmacity_VN,VND,22950.0,ORD00639,C0639,Anh Quang Vũ,18,Nữ,22950,2,45900,2026-09-28,TP. Hồ Chí Minh,Tiền mặt
P15467,Dầu Gội MATRIX Gội Là Đen hộp 10 gói,MATRIX,Dầu gội đầu,22950.0,4.72,Pharmacity_VN,VND,22950.0,ORD00846,C0846,Lan Dương,35,Nữ,22950,2,45900,2026-05-18,Cần Thơ,Ví điện tử
P17535,Dầu Gội CLEAR Bạc Hà Mát Lạnh Sạch Gàu (chai 880g),Clear,Dầu gội đầu,212000.0,4.97,Pharmacity_VN,VND,212000.0,ORD00772,C0772,Quý ông Phúc Trần,24,Nam,212000,1,212000,2026-02-28,Đà Nẵng,Thẻ ngân hàng
P22880,Dầu Gội Dược Liệu THÁI DƯƠNG 7 Plus Dưỡng Tóc (chai 250ml),Thai Duong,Dầu gội đầu,152000.0,4.64,Pharmacity_VN,VND,152000.0,ORD00064,C0064,An Mai,18,Nữ,152000,2,304000,2026-03-25,Hà Nội,Ví điện tử
P22880,Dầu Gội Dược Liệu THÁI DƯƠNG 7 Plus Dưỡng Tóc (chai 250ml),Thai Duong,Dầu gội đầu,152000.0,4.64,Pharmacity_VN,VND,152000.0,ORD00474,C0474,Bảo Mai Đặng,44,Nam,152000,1,152000,2026-05-23,Hải Phòng,Ví điện tử
P22880,Dầu Gội Dược Liệu THÁI DƯƠNG 7 Plus Dưỡng Tóc (chai 250ml),Thai Duong,Dầu gội đầu,152000.0,4.64,Pharmacity_VN,VND,152000.0,ORD00525,C0525,Quý ông Khoa Dương,22,Nữ,152000,1,152000,2026-02-19,TP. Hồ Chí Minh,Ví điện tử
P29694,Dầu gội L'ORÉAL PARIS ngăn ngừa và giảm gãy rụng tóc 440ml/chai,L'oreal,Dầu gội đầu,289000.0,4.66,Pharmacity_VN,VND,289000.0,ORD00637,C0637,Huy Bảo Lê,38,Nam,289000,2,578000,2026-04-13,TP. Hồ Chí Minh,COD
P26020,Dầu Gội Dược Liệu NGUYÊN XUÂN Sạch Gàu chai 350ml/400g,Nguyen Xuan,Dầu gội đầu,189000.0,4.62,Pharmacity_VN,VND,189000.0,ORD00567,C0567,Thành Dương,18,Nam,189000,1,189000,2026-09-12,Hà Nội,Thẻ ngân hàng
P28071,"Pharmacity Dầu xả Argan Oil mềm mượt, giảm hư tổn (Chai 200ml)",Pharmacity,Dầu xả,84000.0,4.6,Pharmacity_VN,VND,84000.0,ORD00418,C0418,Chị Lan Lê,31,Nữ,84000,1,84000,2026-06-20,TP. Hồ Chí Minh,Ví điện tử
P28071,"Pharmacity Dầu xả Argan Oil mềm mượt, giảm hư tổn (Chai 200ml)",Pharmacity,Dầu xả,84000.0,4.6,Pharmacity_VN,VND,84000.0,ORD00627,C0627,Mai Nguyễn,20,Nam,84000,2,168000,2026-05-13,Hà Nội,COD
P28071,"Pharmacity Dầu xả Argan Oil mềm mượt, giảm hư tổn (Chai 200ml)",Pharmacity,Dầu xả,84000.0,4.6,Pharmacity_VN,VND,84000.0,ORD00932,C0932,Thành Vũ,49,Nữ,84000,2,168000,2026-05-13,Hà Nội,Thẻ ngân hàng
P28161,Dầu gội dược liệu Thuần Mộc (Chai 300ml),Thuan Moc,Dầu gội đầu,199000.0,4.83,Pharmacity_VN,VND,199000.0,ORD00171,C0171,Xuân Vũ,21,Nữ,199000,5,995000,2026-04-01,TP. Hồ Chí Minh,COD
P28161,Dầu gội dược liệu Thuần Mộc (Chai 300ml),Thuan Moc,Dầu gội đầu,199000.0,4.83,Pharmacity_VN,VND,199000.0,ORD00227,C0227,Bảo Trần,31,Nữ,199000,1,199000,2026-06-01,Đà Nẵng,Tiền mặt
P28161,Dầu gội dược liệu Thuần Mộc (Chai 300ml),Thuan Moc,Dầu gội đầu,199000.0,4.83,Pharmacity_VN,VND,199000.0,ORD00542,C0542,Quý ông Hoàng Hoàng,19,Nữ,199000,1,199000,2026-04-18,TP. Hồ Chí Minh,COD
P28161,Dầu gội dược liệu Thuần Mộc (Chai 300ml),Thuan Moc,Dầu gội đầu,199000.0,4.83,Pharmacity_VN,VND,199000.0,ORD00593,C0593,Khoa Văn Vũ,35,Nam,199000,2,398000,2026-04-09,TP. Hồ Chí Minh,Tiền mặt
P28161,Dầu gội dược liệu Thuần Mộc (Chai 300ml),Thuan Moc,Dầu gội đầu,199000.0,4.83,Pharmacity_VN,VND,199000.0,ORD00663,C0663,Vân Nguyễn,30,Nữ,199000,2,398000,2026-06-28,TP. Hồ Chí Minh,Ví điện tử
P28945,Dầu gội thảo mộc giảm rụng tóc Herbal Wellness by Pharmacity chai 450ml,Herbal Wellness,Dầu gội đầu,94500.0,4.99,Pharmacity_VN,VND,94500.0,ORD00279,C0279,Quý cô Xuân Hoàng,31,Nam,94500,1,94500,2026-08-03,Đà Nẵng,Ví điện tử
P28945,Dầu gội thảo mộc giảm rụng tóc Herbal Wellness by Pharmacity chai 450ml,Herbal Wellness,Dầu gội đầu,94500.0,4.99,Pharmacity_VN,VND,94500.0,ORD00393,C0393,Quý ông Nhiên Hoàng,18,Nam,94500,2,189000,2026-08-23,TP. Hồ Chí Minh,Ví điện tử
P00596,Dầu Gội SELSUN Anti Dandruff Giảm Gàu và Giảm Ngứa Da Đầu (Chai 100ml),Selsun,Dầu gội đầu,84150.0,4.91,Pharmacity_VN,VND,84150.0,ORD00274,C0274,Bà An Nguyễn,30,Nữ,84150,1,84150,2026-05-24,TP. Hồ Chí Minh,Thẻ ngân hàng
P00596,Dầu Gội SELSUN Anti Dandruff Giảm Gàu và Giảm Ngứa Da Đầu (Chai 100ml),Selsun,Dầu gội đầu,84150.0,4.91,Pharmacity_VN,VND,84150.0,ORD00901,C0901,Cô Thành Trần,34,Nữ,84150,1,84150,2026-09-15,TP. Hồ Chí Minh,COD
P00596,Dầu Gội SELSUN Anti Dandruff Giảm Gàu và Giảm Ngứa Da Đầu (Chai 100ml),Selsun,Dầu gội đầu,84150.0,4.91,Pharmacity_VN,VND,84150.0,ORD00969,C0969,Bảo Dương,30,Nữ,84150,2,168300,2026-06-14,TP. Hồ Chí Minh,Ví điện tử
P01267,Dầu Gội SELSUN Anti Dandruff Giảm Gàu và Giảm Ngứa Da Đầu (Chai 50ml),Selsun,Dầu gội đầu,56700.0,4.84,Pharmacity_VN,VND,56700.0,ORD00143,C0143,Bà Chi Trần,18,Nam,56700,1,56700,2026-06-14,Hà Nội,COD
P01267,Dầu Gội SELSUN Anti Dandruff Giảm Gàu và Giảm Ngứa Da Đầu (Chai 50ml),Selsun,Dầu gội đầu,56700.0,4.84,Pharmacity_VN,VND,56700.0,ORD00310,C0310,Ông Tú Phạm,28,Nữ,56700,2,113400,2026-07-24,TP. Hồ Chí Minh,Ví điện tử
P01267,Dầu Gội SELSUN Anti Dandruff Giảm Gàu và Giảm Ngứa Da Đầu (Chai 50ml),Selsun,Dầu gội đầu,56700.0,4.84,Pharmacity_VN,VND,56700.0,ORD00327,C0327,Cô Thành Phạm,42,Nam,56700,2,113400,2026-09-21,TP. Hồ Chí Minh,Thẻ ngân hàng
P01267,Dầu Gội SELSUN Anti Dandruff Giảm Gàu và Giảm Ngứa Da Đầu (Chai 50ml),Selsun,Dầu gội đầu,56700.0,4.84,Pharmacity_VN,VND,56700.0,ORD00348,C0348,Cô Khoa Mai,18,Nam,56700,2,113400,2026-04-30,Hải Phòng,COD
P01267,Dầu Gội SELSUN Anti Dandruff Giảm Gàu và Giảm Ngứa Da Đầu (Chai 50ml),Selsun,Dầu gội đầu,56700.0,4.84,Pharmacity_VN,VND,56700.0,ORD00410,C0410,Hạnh Đức Hoàng,35,Nam,56700,1,56700,2026-06-12,Hà Nội,Ví điện tử
P01267,Dầu Gội SELSUN Anti Dandruff Giảm Gàu và Giảm Ngứa Da Đầu (Chai 50ml),Selsun,Dầu gội đầu,56700.0,4.84,Pharmacity_VN,VND,56700.0,ORD00419,C0419,Hạnh Trần,42,Nữ,56700,1,56700,2026-08-16,Hải Phòng,COD
P01267,Dầu Gội SELSUN Anti Dandruff Giảm Gàu và Giảm Ngứa Da Đầu (Chai 50ml),Selsun,Dầu gội đầu,56700.0,4.84,Pharmacity_VN,VND,56700.0,ORD00661,C0661,Anh Quang Lê,24,Nữ,56700,2,113400,2026-07-31,Hải Phòng,Ví điện tử
P01267,Dầu Gội SELSUN Anti Dandruff Giảm Gàu và Giảm Ngứa Da Đầu (Chai 50ml),Selsun,Dầu gội đầu,56700.0,4.84,Pharmacity_VN,VND,56700.0,ORD00706,C0706,Khoa Hoàng,36,Nam,56700,1,56700,2026-09-28,Hải Phòng,Tiền mặt
P01267,Dầu Gội SELSUN Anti Dandruff Giảm Gàu và Giảm Ngứa Da Đầu (Chai 50ml),Selsun,Dầu gội đầu,56700.0,4.84,Pharmacity_VN,VND,56700.0,ORD00903,C0903,Quý cô Nhật Bùi,30,Nữ,56700,2,113400,2026-05-03,Cần Thơ,COD
P04630,Dầu Gội THORAKAO Hoa Bưởi Mềm Mại và Óng Mượt (chai 400ml),Thorakao,Dầu gội đầu,104000.0,4.82,Pharmacity_VN,VND,104000.0,ORD00015,C0015,Cô Ngọc Phạm,18,Nữ,104000,1,104000,2026-02-10,Đà Nẵng,COD
P04630,Dầu Gội THORAKAO Hoa Bưởi Mềm Mại và Óng Mượt (chai 400ml),Thorakao,Dầu gội đầu,104000.0,4.82,Pharmacity_VN,VND,104000.0,ORD00575,C0575,Hải Mai Bảo Dương,38,Nam,104000,3,312000,2026-06-04,TP. Hồ Chí Minh,Tiền mặt
P04630,Dầu Gội THORAKAO Hoa Bưởi Mềm Mại và Óng Mượt (chai 400ml),Thorakao,Dầu gội đầu,104000.0,4.82,Pharmacity_VN,VND,104000.0,ORD00585,C0585,Phúc Mai Vũ,32,Nữ,104000,2,208000,2026-05-09,TP. Hồ Chí Minh,COD
P04630,Dầu Gội THORAKAO Hoa Bưởi Mềm Mại và Óng Mượt (chai 400ml),Thorakao,Dầu gội đầu,104000.0,4.82,Pharmacity_VN,VND,104000.0,ORD00689,C0689,Quý cô Hà Vũ,37,Nam,104000,1,104000,2026-05-19,Đà Nẵng,COD
P03819,Dầu Xả SELSUN Dành Cho Tóc Gàu (chai 100ml),Selsun,Dầu xả,55800.0,4.82,Pharmacity_VN,VND,55800.0,ORD00149,C0149,Mai Bùi,35,Nam,55800,3,167400,2026-01-21,TP. Hồ Chí Minh,COD
P03819,Dầu Xả SELSUN Dành Cho Tóc Gàu (chai 100ml),Selsun,Dầu xả,55800.0,4.82,Pharmacity_VN,VND,55800.0,ORD00239,C0239,Nhật Mai Bảo Vũ,23,Nữ,55800,1,55800,2026-03-06,TP. Hồ Chí Minh,Tiền mặt
P03819,Dầu Xả SELSUN Dành Cho Tóc Gàu (chai 100ml),Selsun,Dầu xả,55800.0,4.82,Pharmacity_VN,VND,55800.0,ORD00497,C0497,Nhật Mai Bảo Mai,20,Nam,55800,2,111600,2026-08-29,TP. Hồ Chí Minh,COD
P03819,Dầu Xả SELSUN Dành Cho Tóc Gàu (chai 100ml),Selsun,Dầu xả,55800.0,4.82,Pharmacity_VN,VND,55800.0,ORD00615,C0615,Hà Trí Đặng,54,Nữ,55800,1,55800,2026-03-09,Hà Nội,Ví điện tử
P18999,Dầu Gội TRESEMME Salon Rebond Giúp Giảm Gãy Rụng (chai 640g),Tresemme,Dầu gội đầu,194400.0,4.7,Pharmacity_VN,VND,194400.0,ORD00001,C0001,An Vũ,35,Nữ,194400,1,194400,2026-07-09,TP. Hồ Chí Minh,Tiền mặt
P18999,Dầu Gội TRESEMME Salon Rebond Giúp Giảm Gãy Rụng (chai 640g),Tresemme,Dầu gội đầu,194400.0,4.7,Pharmacity_VN,VND,194400.0,ORD00009,C0009,Thành Đức Lê,25,Nam,194400,2,388800,2026-09-22,Cần Thơ,Ví điện tử
P18999,Dầu Gội TRESEMME Salon Rebond Giúp Giảm Gãy Rụng (chai 640g),Tresemme,Dầu gội đầu,194400.0,4.7,Pharmacity_VN,VND,194400.0,ORD00503,C0503,Quang Phú Mai,18,Nam,194400,1,194400,2026-08-14,TP. Hồ Chí Minh,Ví điện tử
P18999,Dầu Gội TRESEMME Salon Rebond Giúp Giảm Gãy Rụng (chai 640g),Tresemme,Dầu gội đầu,194400.0,4.7,Pharmacity_VN,VND,194400.0,ORD00962,C0962,Trọng Dương,43,Nữ,194400,1,194400,2026-05-30,TP. Hồ Chí Minh,COD
P21168,Dầu Gội OGX Thick & Full Bổ Sung Biotin Collagen Cho Tóc (chai 385ml),OGX,Dầu gội đầu,245000.0,4.75,Pharmacity_VN,VND,245000.0,ORD00343,C0343,Nhật Đức Đặng,32,Nam,245000,5,1225000,2026-02-25,Cần Thơ,Tiền mặt
P21168,Dầu Gội OGX Thick & Full Bổ Sung Biotin Collagen Cho Tóc (chai 385ml),OGX,Dầu gội đầu,245000.0,4.75,Pharmacity_VN,VND,245000.0,ORD00447,C0447,Ông Tú Dương,34,Nữ,245000,3,735000,2026-02-12,TP. Hồ Chí Minh,Ví điện tử
P21171,Serum Dưỡng Tóc ELLIPS Phục Hồi Hư Tổn Pro Keratin Hair Repair (vỉ 6 viên),Ellips,Dưỡng tóc,25000.0,4.7,Pharmacity_VN,VND,25000.0,ORD00642,C0642,Bà Mai Đặng,47,Nữ,25000,3,75000,2026-07-08,TP. Hồ Chí Minh,Tiền mặt
P21171,Serum Dưỡng Tóc ELLIPS Phục Hồi Hư Tổn Pro Keratin Hair Repair (vỉ 6 viên),Ellips,Dưỡng tóc,25000.0,4.7,Pharmacity_VN,VND,25000.0,ORD00902,C0902,Chi Nguyễn,26,Nam,25000,3,75000,2026-02-27,Đà Nẵng,Thẻ ngân hàng
P21172,Serum Dưỡng Tóc ELLIPS Dành Cho Tóc Nhuộm Nutri Color (vỉ 6 viên),Ellips,Dưỡng tóc,25000.0,4.63,Pharmacity_VN,VND,25000.0,ORD00080,C0080,Bà Mai Vũ,18,Nam,25000,3,75000,2026-05-26,TP. Hồ Chí Minh,COD
P21172,Serum Dưỡng Tóc ELLIPS Dành Cho Tóc Nhuộm Nutri Color (vỉ 6 viên),Ellips,Dưỡng tóc,25000.0,4.63,Pharmacity_VN,VND,25000.0,ORD00518,C0518,Thành Trí Đặng,20,Nam,25000,1,25000,2026-04-03,Hà Nội,COD
P21172,Serum Dưỡng Tóc ELLIPS Dành Cho Tóc Nhuộm Nutri Color (vỉ 6 viên),Ellips,Dưỡng tóc,25000.0,4.63,Pharmacity_VN,VND,25000.0,ORD00981,C0981,Lâm Trí Hoàng,38,Nam,25000,2,50000,2026-01-18,TP. Hồ Chí Minh,Tiền mặt
P21174,Serum Dưỡng Tóc ELLIPS Giúp Tóc Phục Hồi Hư Tổn Hair Treatment (hũ 50 viên),Ellips,Dưỡng tóc,203000.0,4.89,Pharmacity_VN,VND,203000.0,ORD00005,C0005,Chị Vân Hoàng,28,Nữ,203000,1,203000,2026-09-02,TP. Hồ Chí Minh,Tiền mặt
P17618,Dầu Gội Dược Liệu NGUYÊN XUÂN Xanh Dành Cho Tóc Khô Xơ và Hư Tổn (chai 250ml/260g),Nguyen Xuan,Dầu gội đầu,93840.0,4.89,Pharmacity_VN,VND,93840.0,ORD00196,C0196,Anh Phạm,34,Nữ,93840,1,93840,2026-03-16,Cần Thơ,COD
P17618,Dầu Gội Dược Liệu NGUYÊN XUÂN Xanh Dành Cho Tóc Khô Xơ và Hư Tổn (chai 250ml/260g),Nguyen Xuan,Dầu gội đầu,93840.0,4.89,Pharmacity_VN,VND,93840.0,ORD00501,C0501,Phương Thị Trần,39,Nữ,93840,2,187680,2026-02-23,Hà Nội,COD
P17519,Dầu gội Head & Shoulders Anti-Dandruff Shampoo Sub Zero Sensation (Chai 800ml),Head & Shoulders,Dầu gội đầu,210400.0,4.77,Pharmacity_VN,VND,210400.0,ORD00716,C0716,Quý cô Hương Lê,41,Nam,210400,1,210400,2026-05-21,Hà Nội,COD
P29691,Kem Nhuộm Tóc Garnier Màu 7.3 Nâu Ánh Vàng (50g + 50ml + 5g/Hộp),Garnier,Nhuộm tóc,149000.0,4.59,Pharmacity_VN,VND,149000.0,ORD00315,C0315,Quý cô Chi Phạm,43,Nữ,149000,3,447000,2026-09-05,TP. Hồ Chí Minh,Thẻ ngân hàng
P29691,Kem Nhuộm Tóc Garnier Màu 7.3 Nâu Ánh Vàng (50g + 50ml + 5g/Hộp),Garnier,Nhuộm tóc,149000.0,4.59,Pharmacity_VN,VND,149000.0,ORD00347,C0347,Nhật Đặng,18,Nữ,149000,2,298000,2026-08-05,Hải Phòng,Tiền mặt
P29691,Kem Nhuộm Tóc Garnier Màu 7.3 Nâu Ánh Vàng (50g + 50ml + 5g/Hộp),Garnier,Nhuộm tóc,149000.0,4.59,Pharmacity_VN,VND,149000.0,ORD00951,C0951,Linh Vũ,28,Nữ,149000,1,149000,2026-02-24,TP. Hồ Chí Minh,Tiền mặt
P28070,"Dầu gội Pharmacity Argan Oil phục hồi, giảm khô tóc (Chai 490ml)",Pharmacity,Dầu gội đầu,125000.0,4.75,Pharmacity_VN,VND,125000.0,ORD00230,C0230,Xuân Bùi,37,Nữ,125000,1,125000,2026-02-26,Hải Phòng,Thẻ ngân hàng
P28070,"Dầu gội Pharmacity Argan Oil phục hồi, giảm khô tóc (Chai 490ml)",Pharmacity,Dầu gội đầu,125000.0,4.75,Pharmacity_VN,VND,125000.0,ORD00238,C0238,Tú Xuân Đặng,32,Nam,125000,1,125000,2026-03-08,Hà Nội,Thẻ ngân hàng
P28070,"Dầu gội Pharmacity Argan Oil phục hồi, giảm khô tóc (Chai 490ml)",Pharmacity,Dầu gội đầu,125000.0,4.75,Pharmacity_VN,VND,125000.0,ORD00240,C0240,Phương Thị Dương,39,Nữ,125000,1,125000,2026-01-25,TP. Hồ Chí Minh,COD
P28070,"Dầu gội Pharmacity Argan Oil phục hồi, giảm khô tóc (Chai 490ml)",Pharmacity,Dầu gội đầu,125000.0,4.75,Pharmacity_VN,VND,125000.0,ORD00244,C0244,Quý ông Hưng Phạm,39,Nữ,125000,2,250000,2026-05-21,Hà Nội,Tiền mặt
P28070,"Dầu gội Pharmacity Argan Oil phục hồi, giảm khô tóc (Chai 490ml)",Pharmacity,Dầu gội đầu,125000.0,4.75,Pharmacity_VN,VND,125000.0,ORD00340,C0340,Hà Đức Mai,24,Nam,125000,1,125000,2026-06-26,Hà Nội,Ví điện tử
P24705,Dầu Gội SELSUN Anti Dandruff Giảm Gàu và Giảm Ngứa Da Đầu (chai 250ml),Selsun,Dầu gội đầu,182400.0,4.55,Pharmacity_VN,VND,182400.0,ORD00438,C0438,Quang Văn Đặng,18,Nữ,182400,1,182400,2026-06-02,TP. Hồ Chí Minh,Tiền mặt
P24705,Dầu Gội SELSUN Anti Dandruff Giảm Gàu và Giảm Ngứa Da Đầu (chai 250ml),Selsun,Dầu gội đầu,182400.0,4.55,Pharmacity_VN,VND,182400.0,ORD00646,C0646,Ánh Trần,27,Nữ,182400,1,182400,2026-01-04,Hà Nội,Ví điện tử
P11518,Dầu xả PANTENE Pro-V Hair Fall Control Ngăn Rụng Tóc (chai 150ml),Pantene,Dầu xả,54400.0,4.77,Pharmacity_VN,VND,54400.0,ORD00641,C0641,Kim Trí Bùi,27,Nữ,54400,1,54400,2026-02-09,TP. Hồ Chí Minh,Tiền mặt
P15244,"Dầu Gội THORAKAO Bồ Kết Giúp Bóng Mượt, Đen Tóc và Sạch Gàu (Chai 400ml)",Thorakao,Dầu gội đầu,104000.0,4.78,Pharmacity_VN,VND,104000.0,ORD00210,C0210,Khoa Nguyễn,69,Nữ,104000,1,104000,2026-02-17,Hà Nội,Ví điện tử
P15244,"Dầu Gội THORAKAO Bồ Kết Giúp Bóng Mượt, Đen Tóc và Sạch Gàu (Chai 400ml)",Thorakao,Dầu gội đầu,104000.0,4.78,Pharmacity_VN,VND,104000.0,ORD00338,C0338,Cô Bảo Vũ,27,Nữ,104000,3,312000,2026-05-21,TP. Hồ Chí Minh,Thẻ ngân hàng
P15244,"Dầu Gội THORAKAO Bồ Kết Giúp Bóng Mượt, Đen Tóc và Sạch Gàu (Chai 400ml)",Thorakao,Dầu gội đầu,104000.0,4.78,Pharmacity_VN,VND,104000.0,ORD00421,C0421,Quý cô Bảo Lê,51,Nam,104000,1,104000,2026-08-18,Hà Nội,Ví điện tử
P17520,Dầu Gội HEAD & SHOULDERS Bạc Hà Mát Lạnh Giảm Gàu (chai 850ml),Head & Shoulders,Dầu gội đầu,206400.0,4.65,Pharmacity_VN,VND,206400.0,ORD00530,C0530,Ánh Trần,21,Nam,206400,2,412800,2026-09-29,Hải Phòng,COD
P17520,Dầu Gội HEAD & SHOULDERS Bạc Hà Mát Lạnh Giảm Gàu (chai 850ml),Head & Shoulders,Dầu gội đầu,206400.0,4.65,Pharmacity_VN,VND,206400.0,ORD00799,C0799,Khoa Tấn Mai,30,Nữ,206400,1,206400,2026-06-18,TP. Hồ Chí Minh,COD
P21166,Nước Dưỡng Tóc COCOON Tinh Dầu Bưởi Giúp Giảm Gãy Rụng và Làm Mềm Tóc (chai 140ml),Cocoon,Dưỡng tóc,123750.0,4.51,Pharmacity_VN,VND,123750.0,ORD00544,C0544,Quý cô Khoa Vũ,44,Nam,123750,1,123750,2026-05-05,TP. Hồ Chí Minh,Tiền mặt
P21166,Nước Dưỡng Tóc COCOON Tinh Dầu Bưởi Giúp Giảm Gãy Rụng và Làm Mềm Tóc (chai 140ml),Cocoon,Dưỡng tóc,123750.0,4.51,Pharmacity_VN,VND,123750.0,ORD00939,C0939,Trọng Hải Hoàng,32,Nữ,123750,2,247500,2026-03-10,Hải Phòng,COD
P21169,Dầu Xả OGX Thick & Full Bổ Sung Biotin Collagen Cho Tóc (chai 385ml),OGX,Dầu xả,245000.0,4.85,Pharmacity_VN,VND,245000.0,ORD00883,C0883,Chị Vi Hoàng,25,Nam,245000,2,490000,2026-05-18,Cần Thơ,Thẻ ngân hàng
P22886,Dầu Gội COCOON Tinh Dầu Bưởi Giúp Giảm Gãy Rụng và Làm Mềm Tóc (chai 310ml),Cocoon,Dầu gội đầu,234900.0,4.61,Pharmacity_VN,VND,234900.0,ORD00335,C0335,Chi Bùi,40,Nữ,234900,3,704700,2026-05-17,Hà Nội,Ví điện tử
P22886,Dầu Gội COCOON Tinh Dầu Bưởi Giúp Giảm Gãy Rụng và Làm Mềm Tóc (chai 310ml),Cocoon,Dầu gội đầu,234900.0,4.61,Pharmacity_VN,VND,234900.0,ORD00522,C0522,Thành Hoàng,35,Nam,234900,3,704700,2026-06-10,TP. Hồ Chí Minh,Ví điện tử
P22899,"Mặt Nạ Tóc TSUBAKI Giúp Phục Hồi, Giảm Xơ Rối (180g)",Tsubaki,Dưỡng tóc,290000.0,4.78,Pharmacity_VN,VND,290000.0,ORD00209,C0209,Kim Dương,35,Nam,290000,1,290000,2026-06-12,TP. Hồ Chí Minh,Ví điện tử
P27326,Tresemme DX Vao Nep Muot Ma 620g,Tresemme,Dầu xả,243000.0,4.98,Pharmacity_VN,VND,243000.0,ORD00010,C0010,Bà Hương Trần,35,Nam,243000,3,729000,2026-02-06,Hà Nội,Thẻ ngân hàng
P27326,Tresemme DX Vao Nep Muot Ma 620g,Tresemme,Dầu xả,243000.0,4.98,Pharmacity_VN,VND,243000.0,ORD00538,C0538,Thành Tấn Mai,26,Nữ,243000,2,486000,2026-03-30,Hà Nội,Tiền mặt
P27326,Tresemme DX Vao Nep Muot Ma 620g,Tresemme,Dầu xả,243000.0,4.98,Pharmacity_VN,VND,243000.0,ORD00723,C0723,Bà Hồng Vũ,18,Nữ,243000,1,243000,2026-03-17,Hà Nội,Thẻ ngân hàng
P27326,Tresemme DX Vao Nep Muot Ma 620g,Tresemme,Dầu xả,243000.0,4.98,Pharmacity_VN,VND,243000.0,ORD00747,C0747,Hải Lê,32,Nữ,243000,2,486000,2026-02-12,Đà Nẵng,COD
P27326,Tresemme DX Vao Nep Muot Ma 620g,Tresemme,Dầu xả,243000.0,4.98,Pharmacity_VN,VND,243000.0,ORD00843,C0843,Hà Mai Hoàng,19,Nữ,243000,1,243000,2026-05-17,Hà Nội,COD
P28112,"Gel gội thảo dược gừng sả Cỏ Cây Hoa Lá dành cho tóc dầu bết, dưỡng tóc giúp tóc chắc khỏe, mềm mượt (Túi 30g)",Cocayhoala,Dầu gội đầu,29000.0,4.91,Pharmacity_VN,VND,29000.0,ORD00267,C0267,Ông Hoàng Bùi,46,Nữ,29000,3,87000,2026-03-24,Hà Nội,COD
P29690,Kem Nhuộm Tóc Garnier Màu 5.32 Nâu Caramel (50g+50ml+5g/Hộp),Garnier,Nhuộm tóc,149000.0,4.58,Pharmacity_VN,VND,149000.0,ORD00281,C0281,Bác Nam Dương,31,Nữ,149000,1,149000,2026-02-24,TP. Hồ Chí Minh,Thẻ ngân hàng
P29690,Kem Nhuộm Tóc Garnier Màu 5.32 Nâu Caramel (50g+50ml+5g/Hộp),Garnier,Nhuộm tóc,149000.0,4.58,Pharmacity_VN,VND,149000.0,ORD00517,C0517,Bà Nhật Đặng,35,Nam,149000,1,149000,2026-01-06,Hà Nội,Tiền mặt
P23564,Dầu Xả TSUBAKI Dưỡng Tóc Bóng Mượt (chai 490ml),Tsubaki,Dầu xả,215000.0,4.58,Pharmacity_VN,VND,215000.0,ORD00485,C0485,Quý ông Tùng Trần,22,Nữ,215000,1,215000,2026-03-09,TP. Hồ Chí Minh,Thẻ ngân hàng
P18993,Dầu Xả TSUBAKI Phục Hồi Ngăn Rụng Tóc (Chai 490ml),Tsubaki,Dầu xả,215000.0,4.86,Pharmacity_VN,VND,215000.0,ORD00254,C0254,Nhật Mai Bảo Phạm,40,Nữ,215000,2,430000,2026-07-13,Đà Nẵng,Thẻ ngân hàng
P18993,Dầu Xả TSUBAKI Phục Hồi Ngăn Rụng Tóc (Chai 490ml),Tsubaki,Dầu xả,215000.0,4.86,Pharmacity_VN,VND,215000.0,ORD00543,C0543,Bà Khoa Đặng,35,Nam,215000,4,860000,2026-02-28,TP. Hồ Chí Minh,Thẻ ngân hàng
P18993,Dầu Xả TSUBAKI Phục Hồi Ngăn Rụng Tóc (Chai 490ml),Tsubaki,Dầu xả,215000.0,4.86,Pharmacity_VN,VND,215000.0,ORD00777,C0777,Tùng Đặng,23,Nữ,215000,1,215000,2026-07-16,TP. Hồ Chí Minh,COD
P18993,Dầu Xả TSUBAKI Phục Hồi Ngăn Rụng Tóc (Chai 490ml),Tsubaki,Dầu xả,215000.0,4.86,Pharmacity_VN,VND,215000.0,ORD00782,C0782,Ông Quang Phạm,18,Nữ,215000,1,215000,2026-07-01,Cần Thơ,Thẻ ngân hàng
P18993,Dầu Xả TSUBAKI Phục Hồi Ngăn Rụng Tóc (Chai 490ml),Tsubaki,Dầu xả,215000.0,4.86,Pharmacity_VN,VND,215000.0,ORD00998,C0998,Huy Hoàng,36,Nam,215000,2,430000,2026-09-04,Hà Nội,Ví điện tử
P25734,Kem Ủ Tóc FINO Premium Touch Phục Hồi Hư Tổn hũ (230g),Fino,Dưỡng tóc,209000.0,4.8,Pharmacity_VN,VND,209000.0,ORD00443,C0443,Thảo Phạm,18,Nữ,209000,1,209000,2026-05-06,Hà Nội,Tiền mặt
P25734,Kem Ủ Tóc FINO Premium Touch Phục Hồi Hư Tổn hũ (230g),Fino,Dưỡng tóc,209000.0,4.8,Pharmacity_VN,VND,209000.0,ORD00533,C0533,Duyên Mai,29,Nữ,209000,3,627000,2026-02-17,Hà Nội,Ví điện tử
P25498,Dầu Gội TSUBAKI Phục Hồi Hư Tổn Nặng & Giảm Gãy Rụng (Chai 490ml),Tsubaki,Dầu gội đầu,249000.0,4.64,Pharmacity_VN,VND,249000.0,ORD00201,C0201,Quang Đặng,34,Nữ,249000,2,498000,2026-08-30,Cần Thơ,COD
P25498,Dầu Gội TSUBAKI Phục Hồi Hư Tổn Nặng & Giảm Gãy Rụng (Chai 490ml),Tsubaki,Dầu gội đầu,249000.0,4.64,Pharmacity_VN,VND,249000.0,ORD00299,C0299,Châu Vũ,38,Nam,249000,2,498000,2026-02-23,TP. Hồ Chí Minh,Thẻ ngân hàng
P25498,Dầu Gội TSUBAKI Phục Hồi Hư Tổn Nặng & Giảm Gãy Rụng (Chai 490ml),Tsubaki,Dầu gội đầu,249000.0,4.64,Pharmacity_VN,VND,249000.0,ORD00373,C0373,Bà Mai Lê,45,Nữ,249000,1,249000,2026-04-10,TP. Hồ Chí Minh,Tiền mặt
P25498,Dầu Gội TSUBAKI Phục Hồi Hư Tổn Nặng & Giảm Gãy Rụng (Chai 490ml),Tsubaki,Dầu gội đầu,249000.0,4.64,Pharmacity_VN,VND,249000.0,ORD00428,C0428,Thành Mai,37,Nam,249000,1,249000,2026-07-05,Hải Phòng,Tiền mặt
P25499,Dầu Xả TSUBAKI Phục Hồi Hư Tổn Nặng & Giảm Gãy Rụng chai 490ml,Tsubaki,Dầu xả,249000.0,4.73,Pharmacity_VN,VND,249000.0,ORD00118,C0118,Vân Mai,18,Nữ,249000,1,249000,2026-06-03,Đà Nẵng,Ví điện tử
P25499,Dầu Xả TSUBAKI Phục Hồi Hư Tổn Nặng & Giảm Gãy Rụng chai 490ml,Tsubaki,Dầu xả,249000.0,4.73,Pharmacity_VN,VND,249000.0,ORD00303,C0303,Tùng Trần,37,Nữ,249000,1,249000,2026-01-14,Cần Thơ,Ví điện tử
P25499,Dầu Xả TSUBAKI Phục Hồi Hư Tổn Nặng & Giảm Gãy Rụng chai 490ml,Tsubaki,Dầu xả,249000.0,4.73,Pharmacity_VN,VND,249000.0,ORD00536,C0536,Bác Trọng Hoàng,30,Nữ,249000,2,498000,2026-03-31,Hà Nội,Ví điện tử
P17617,Dầu Gội Dược Liệu NGUYÊN XUÂN Nâu Dành Cho Tóc Thường (Chai 200ml),Nguyen Xuan,Dầu gội đầu,45000.0,4.83,Pharmacity_VN,VND,45000.0,ORD00246,C0246,Mai Vũ,27,Nữ,45000,1,45000,2026-05-16,Cần Thơ,Tiền mặt
P17617,Dầu Gội Dược Liệu NGUYÊN XUÂN Nâu Dành Cho Tóc Thường (Chai 200ml),Nguyen Xuan,Dầu gội đầu,45000.0,4.83,Pharmacity_VN,VND,45000.0,ORD00255,C0255,Anh Thành Phạm,18,Nữ,45000,4,180000,2026-07-10,Cần Thơ,Thẻ ngân hàng
P18994,Dầu Gội TSUBAKI Phục Hồi Ngăn Rụng Tóc (Chai 490ml),Tsubaki,Dầu gội đầu,215000.0,4.89,Pharmacity_VN,VND,215000.0,ORD00018,C0018,Bác Phúc Đặng,33,Nữ,215000,3,645000,2026-09-24,Hà Nội,Tiền mặt
P18994,Dầu Gội TSUBAKI Phục Hồi Ngăn Rụng Tóc (Chai 490ml),Tsubaki,Dầu gội đầu,215000.0,4.89,Pharmacity_VN,VND,215000.0,ORD00047,C0047,Hải Phú Dương,25,Nam,215000,3,645000,2026-03-25,TP. Hồ Chí Minh,Ví điện tử
P18994,Dầu Gội TSUBAKI Phục Hồi Ngăn Rụng Tóc (Chai 490ml),Tsubaki,Dầu gội đầu,215000.0,4.89,Pharmacity_VN,VND,215000.0,ORD00151,C0151,Nhật Văn Đặng,33,Nữ,215000,2,430000,2026-04-02,TP. Hồ Chí Minh,Thẻ ngân hàng
P18994,Dầu Gội TSUBAKI Phục Hồi Ngăn Rụng Tóc (Chai 490ml),Tsubaki,Dầu gội đầu,215000.0,4.89,Pharmacity_VN,VND,215000.0,ORD00331,C0331,Quý ông Quang Mai,30,Nữ,215000,1,215000,2026-05-01,Cần Thơ,Tiền mặt
P25497,"Dầu Gội CLEAR 9 Loại Thảo Dược Cổ Truyền Sạch Gàu, Giảm Gãy Rụng chai (630g)",Clear,Dầu gội đầu,204250.0,4.66,Pharmacity_VN,VND,204250.0,ORD00762,C0762,Tú Hải Vũ,31,Nữ,204250,1,204250,2026-04-23,Hà Nội,Thẻ ngân hàng
P23563,Dầu Gội TSUBAKI Dưỡng Tóc Bóng Mượt (chai 490ml),Tsubaki,Dầu gội đầu,215000.0,4.7,Pharmacity_VN,VND,215000.0,ORD00724,C0724,Thành Đức Hoàng,37,Nữ,215000,2,430000,2026-06-24,Hải Phòng,Ví điện tử
P23563,Dầu Gội TSUBAKI Dưỡng Tóc Bóng Mượt (chai 490ml),Tsubaki,Dầu gội đầu,215000.0,4.7,Pharmacity_VN,VND,215000.0,ORD00910,C0910,Bảo Bảo Phạm,52,Nữ,215000,4,860000,2026-02-06,Hà Nội,Tiền mặt
P23563,Dầu Gội TSUBAKI Dưỡng Tóc Bóng Mượt (chai 490ml),Tsubaki,Dầu gội đầu,215000.0,4.7,Pharmacity_VN,VND,215000.0,ORD00984,C0984,Phương Tấn Vũ,30,Nữ,215000,1,215000,2026-09-03,Đà Nẵng,COD
P11365,Bộ Đôi Bàn Chải Đánh Răng COLGATE SlimSoft Than Hoạt Tính,Colgate,Bàn chải đánh răng,56250.0,4.99,Pharmacity_VN,VND,56250.0,ORD00193,C0193,Nhiên Đặng,32,Nam,56250,1,56250,2026-09-07,TP. Hồ Chí Minh,COD
P11365,Bộ Đôi Bàn Chải Đánh Răng COLGATE SlimSoft Than Hoạt Tính,Colgate,Bàn chải đánh răng,56250.0,4.99,Pharmacity_VN,VND,56250.0,ORD00800,C0800,Quý cô Thành Nguyễn,30,Nữ,56250,3,168750,2026-03-23,Hà Nội,Thẻ ngân hàng
P03635,Nước Súc Miệng LISTERINE Green Tea Cho Răng Chắc Khỏe (Chai 250ml),Listerine,Nước súc miệng,82000.0,4.82,Pharmacity_VN,VND,82000.0,ORD00049,C0049,Thành Nguyễn,33,Nữ,82000,2,164000,2026-08-13,Hải Phòng,Thẻ ngân hàng
P03635,Nước Súc Miệng LISTERINE Green Tea Cho Răng Chắc Khỏe (Chai 250ml),Listerine,Nước súc miệng,82000.0,4.82,Pharmacity_VN,VND,82000.0,ORD00132,C0132,Mai Dương,31,Nam,82000,4,328000,2026-03-28,TP. Hồ Chí Minh,Tiền mặt
P03635,Nước Súc Miệng LISTERINE Green Tea Cho Răng Chắc Khỏe (Chai 250ml),Listerine,Nước súc miệng,82000.0,4.82,Pharmacity_VN,VND,82000.0,ORD00370,C0370,Hạnh Hoàng,22,Nữ,82000,3,246000,2026-01-13,Hải Phòng,COD
P13777,Bàn chải đánh răng trẻ em Pharmacity,Pharmacity,Bàn chải đánh răng,18000.0,4.86,Pharmacity_VN,VND,18000.0,ORD00119,C0119,Bà Hồng Trần,41,Nữ,18000,2,36000,2026-06-04,Hà Nội,Ví điện tử
P13777,Bàn chải đánh răng trẻ em Pharmacity,Pharmacity,Bàn chải đánh răng,18000.0,4.86,Pharmacity_VN,VND,18000.0,ORD00754,C0754,Vũ Hoàng,41,Nữ,18000,1,18000,2026-01-07,TP. Hồ Chí Minh,COD
P13777,Bàn chải đánh răng trẻ em Pharmacity,Pharmacity,Bàn chải đánh răng,18000.0,4.86,Pharmacity_VN,VND,18000.0,ORD00847,C0847,Minh Đức Lê,33,Nam,18000,2,36000,2026-03-14,Hà Nội,Tiền mặt
P13363,Nước Súc Miệng LISTERINE Cool Mint Hơi Thở Thơm Mát (Chai 100ml),Listerine,Nước súc miệng,31000.0,4.52,Pharmacity_VN,VND,31000.0,ORD00216,C0216,Lâm Phạm,38,Nữ,31000,2,62000,2026-07-08,Cần Thơ,Tiền mặt
P14242,"Kem đánh răng COLGATE Optic White Exfoliating Mineral giúp răng trắng sáng, sạch mảng bám (100g)",Colgate,Kem đánh răng,63000.0,4.79,Pharmacity_VN,VND,63000.0,ORD00987,C0987,Cô Hà Hoàng,45,Nữ,63000,1,63000,2026-08-23,Hà Nội,Thẻ ngân hàng
P14148,Kem Đánh Răng Dược Liệu NGỌC CHÂU Truyền Thống tuýp 100g,Ngoc Chau,Kem đánh răng,49280.0,4.96,Pharmacity_VN,VND,49280.0,ORD00121,C0121,Minh Vũ,38,Nữ,49280,1,49280,2026-02-20,Cần Thơ,Tiền mặt
P18065,Kem Đánh Răng COLGATE Hương Dâu Tây Cho Trẻ Em 3-5 Tuổi (tuýp 80g),Colgate,Kem đánh răng,59000.0,4.55,Pharmacity_VN,VND,59000.0,ORD00322,C0322,Cô Ánh Mai,36,Nữ,59000,2,118000,2026-06-03,Cần Thơ,Thẻ ngân hàng
P18066,Kem Đánh Răng COLGATE Cho Trẻ Em 6-9 Tuổi Hương Dâu Bạc Hà (Tuýp 80g),Colgate,Kem đánh răng,59000.0,4.66,Pharmacity_VN,VND,59000.0,ORD00741,C0741,Nhật Lê,18,Nữ,59000,1,59000,2026-07-12,TP. Hồ Chí Minh,Ví điện tử
P18066,Kem Đánh Răng COLGATE Cho Trẻ Em 6-9 Tuổi Hương Dâu Bạc Hà (Tuýp 80g),Colgate,Kem đánh răng,59000.0,4.66,Pharmacity_VN,VND,59000.0,ORD00779,C0779,Quý cô Hương Phạm,29,Nữ,59000,3,177000,2026-06-16,Hà Nội,Ví điện tử
P18083,Kem Đánh Răng CLOSE UP Muối Biển Detox Giúp Trắng Răng (tuýp 180g),Close up,Kem đánh răng,46000.0,4.79,Pharmacity_VN,VND,46000.0,ORD00471,C0471,Bà Thành Trần,27,Nam,46000,2,92000,2026-04-29,Hải Phòng,Ví điện tử
P17555,Nước Súc Miệng LISTERINE Tartar Protection Giảm Mảng Bám (Chai 750ml),Listerine,Nước súc miệng,191000.0,4.93,Pharmacity_VN,VND,191000.0,ORD00177,C0177,Ánh Bùi,30,Nam,191000,3,573000,2026-09-03,TP. Hồ Chí Minh,Ví điện tử
P17555,Nước Súc Miệng LISTERINE Tartar Protection Giảm Mảng Bám (Chai 750ml),Listerine,Nước súc miệng,191000.0,4.93,Pharmacity_VN,VND,191000.0,ORD00473,C0473,Bảo Hoàng,18,Nam,191000,1,191000,2026-04-06,Hà Nội,COD
P17555,Nước Súc Miệng LISTERINE Tartar Protection Giảm Mảng Bám (Chai 750ml),Listerine,Nước súc miệng,191000.0,4.93,Pharmacity_VN,VND,191000.0,ORD00825,C0825,Bà Vi Nguyễn,26,Nữ,191000,3,573000,2026-03-14,Hải Phòng,Tiền mặt
P17557,Bàn Chải Đánh Răng CLOSE UP Precision Clean (hộp 1 cái),Close up,Bàn chải đánh răng,51500.0,4.64,Pharmacity_VN,VND,51500.0,ORD00278,C0278,Cô Khoa Bùi,24,Nữ,51500,3,154500,2026-04-21,Hà Nội,Ví điện tử
P17557,Bàn Chải Đánh Răng CLOSE UP Precision Clean (hộp 1 cái),Close up,Bàn chải đánh răng,51500.0,4.64,Pharmacity_VN,VND,51500.0,ORD00313,C0313,Nhật Hoàng,38,Nam,51500,1,51500,2026-01-12,Hải Phòng,Ví điện tử
P17557,Bàn Chải Đánh Răng CLOSE UP Precision Clean (hộp 1 cái),Close up,Bàn chải đánh răng,51500.0,4.64,Pharmacity_VN,VND,51500.0,ORD00514,C0514,Nhật Nguyễn,21,Nam,51500,1,51500,2026-08-11,Hải Phòng,Thẻ ngân hàng
P17557,Bàn Chải Đánh Răng CLOSE UP Precision Clean (hộp 1 cái),Close up,Bàn chải đánh răng,51500.0,4.64,Pharmacity_VN,VND,51500.0,ORD00559,C0559,Trọng Dương,34,Nữ,51500,4,206000,2026-04-03,TP. Hồ Chí Minh,Thẻ ngân hàng
P17557,Bàn Chải Đánh Răng CLOSE UP Precision Clean (hộp 1 cái),Close up,Bàn chải đánh răng,51500.0,4.64,Pharmacity_VN,VND,51500.0,ORD00703,C0703,Cô Bảo Bùi,23,Nữ,51500,1,51500,2026-03-29,TP. Hồ Chí Minh,COD
P17557,Bàn Chải Đánh Răng CLOSE UP Precision Clean (hộp 1 cái),Close up,Bàn chải đánh răng,51500.0,4.64,Pharmacity_VN,VND,51500.0,ORD00713,C0713,Huy Vũ,25,Nữ,51500,1,51500,2026-09-08,TP. Hồ Chí Minh,COD
P17557,Bàn Chải Đánh Răng CLOSE UP Precision Clean (hộp 1 cái),Close up,Bàn chải đánh răng,51500.0,4.64,Pharmacity_VN,VND,51500.0,ORD00832,C0832,Thành Xuân Dương,21,Nam,51500,1,51500,2026-03-24,Hà Nội,Ví điện tử
P22138,Kem Đánh Răng COLGATE Muối Himalaya Sáng Khỏe (tuýp 180g),Colgate,Kem đánh răng,64000.0,4.55,Pharmacity_VN,VND,64000.0,ORD00521,C0521,Chị Hương Nguyễn,18,Nữ,64000,1,64000,2026-04-18,TP. Hồ Chí Minh,Ví điện tử
P22138,Kem Đánh Răng COLGATE Muối Himalaya Sáng Khỏe (tuýp 180g),Colgate,Kem đánh răng,64000.0,4.55,Pharmacity_VN,VND,64000.0,ORD00758,C0758,Trọng Hữu Hoàng,32,Nam,64000,4,256000,2026-03-24,TP. Hồ Chí Minh,COD
P22138,Kem Đánh Răng COLGATE Muối Himalaya Sáng Khỏe (tuýp 180g),Colgate,Kem đánh răng,64000.0,4.55,Pharmacity_VN,VND,64000.0,ORD00858,C0858,Bảo Xuân Nguyễn,35,Nam,64000,3,192000,2026-05-07,TP. Hồ Chí Minh,Tiền mặt
P22138,Kem Đánh Răng COLGATE Muối Himalaya Sáng Khỏe (tuýp 180g),Colgate,Kem đánh răng,64000.0,4.55,Pharmacity_VN,VND,64000.0,ORD00919,C0919,Tùng Nguyễn,26,Nữ,64000,2,128000,2026-09-17,TP. Hồ Chí Minh,Thẻ ngân hàng
P23086,Kem Đánh Răng SENSODYNE Cool Gel Mát Lạnh (tuýp 160g),Sensodyne (GSK OTC),Kem đánh răng,95000.0,4.87,Pharmacity_VN,VND,95000.0,ORD00730,C0730,Quý cô Kim Trần,22,Nữ,95000,1,95000,2026-04-10,TP. Hồ Chí Minh,Tiền mặt
P23086,Kem Đánh Răng SENSODYNE Cool Gel Mát Lạnh (tuýp 160g),Sensodyne (GSK OTC),Kem đánh răng,95000.0,4.87,Pharmacity_VN,VND,95000.0,ORD00887,C0887,Bác Bảo Vũ,36,Nam,95000,1,95000,2026-03-18,Hải Phòng,COD
P22141,Tăm Chỉ Kẽ Răng JOMI Hỗ Trợ Làm Sạch Mảng Bám Trong Kẻ Răng (gói 80 cái),Jomi,Tăm chỉ nha khoa,30375.0,4.88,Pharmacity_VN,VND,30375.0,ORD00292,C0292,Quang Hoàng Hoàng,25,Nữ,30375,1,30375,2026-08-02,TP. Hồ Chí Minh,Ví điện tử
P22141,Tăm Chỉ Kẽ Răng JOMI Hỗ Trợ Làm Sạch Mảng Bám Trong Kẻ Răng (gói 80 cái),Jomi,Tăm chỉ nha khoa,30375.0,4.88,Pharmacity_VN,VND,30375.0,ORD00328,C0328,Nam Xuân Vũ,38,Nữ,30375,4,121500,2026-06-06,TP. Hồ Chí Minh,COD
P22141,Tăm Chỉ Kẽ Răng JOMI Hỗ Trợ Làm Sạch Mảng Bám Trong Kẻ Răng (gói 80 cái),Jomi,Tăm chỉ nha khoa,30375.0,4.88,Pharmacity_VN,VND,30375.0,ORD00398,C0398,Hạnh Dương,44,Nữ,30375,1,30375,2026-02-23,Hà Nội,Thẻ ngân hàng
P22141,Tăm Chỉ Kẽ Răng JOMI Hỗ Trợ Làm Sạch Mảng Bám Trong Kẻ Răng (gói 80 cái),Jomi,Tăm chỉ nha khoa,30375.0,4.88,Pharmacity_VN,VND,30375.0,ORD00520,C0520,Ông Anh Dương,38,Nữ,30375,4,121500,2026-08-23,Hà Nội,COD
P22141,Tăm Chỉ Kẽ Răng JOMI Hỗ Trợ Làm Sạch Mảng Bám Trong Kẻ Răng (gói 80 cái),Jomi,Tăm chỉ nha khoa,30375.0,4.88,Pharmacity_VN,VND,30375.0,ORD00591,C0591,Cô Thảo Bùi,31,Nữ,30375,1,30375,2026-04-04,Cần Thơ,COD
P22141,Tăm Chỉ Kẽ Răng JOMI Hỗ Trợ Làm Sạch Mảng Bám Trong Kẻ Răng (gói 80 cái),Jomi,Tăm chỉ nha khoa,30375.0,4.88,Pharmacity_VN,VND,30375.0,ORD00817,C0817,Chị Hà Mai,33,Nữ,30375,1,30375,2026-01-20,TP. Hồ Chí Minh,COD
P20089,"Bàn Chải Kẻ Răng OKAMURA Asahi Hình L Loại Bỏ Thức Ăn Thừa, Mảng Bám (Túi 6 cái)",Okamura,Tăm chỉ nha khoa,30000.0,4.57,Pharmacity_VN,VND,30000.0,ORD00286,C0286,Ông Quang Bùi,18,Nữ,30000,1,30000,2026-02-22,Hà Nội,Ví điện tử
P20089,"Bàn Chải Kẻ Răng OKAMURA Asahi Hình L Loại Bỏ Thức Ăn Thừa, Mảng Bám (Túi 6 cái)",Okamura,Tăm chỉ nha khoa,30000.0,4.57,Pharmacity_VN,VND,30000.0,ORD00293,C0293,Hoàng Trần,24,Nữ,30000,1,30000,2026-01-31,Hải Phòng,COD
P20089,"Bàn Chải Kẻ Răng OKAMURA Asahi Hình L Loại Bỏ Thức Ăn Thừa, Mảng Bám (Túi 6 cái)",Okamura,Tăm chỉ nha khoa,30000.0,4.57,Pharmacity_VN,VND,30000.0,ORD00784,C0784,Chị Lâm Nguyễn,36,Nữ,30000,3,90000,2026-08-03,Cần Thơ,Thẻ ngân hàng
P29095,Pharmacity Chỉ nha khoa (Cuộn 50m),Pharmacity,Tăm chỉ nha khoa,39000.0,4.65,Pharmacity_VN,VND,39000.0,ORD00808,C0808,Quý cô Dương Trần,25,Nam,39000,2,78000,2026-01-02,TP. Hồ Chí Minh,Tiền mặt
P29618,Kem Đánh Răng Marvis Smokers Whitening Mint Vị Bạc Hà hỗ trợ khử ố vàng răng cho người hút thuốc lá (85ml),Marvis,Kem đánh răng,195300.0,4.69,Pharmacity_VN,VND,195300.0,ORD00019,C0019,Trung Đức Trần,21,Nữ,195300,1,195300,2026-05-27,TP. Hồ Chí Minh,Thẻ ngân hàng
P29618,Kem Đánh Răng Marvis Smokers Whitening Mint Vị Bạc Hà hỗ trợ khử ố vàng răng cho người hút thuốc lá (85ml),Marvis,Kem đánh răng,195300.0,4.69,Pharmacity_VN,VND,195300.0,ORD00486,C0486,Anh Dương,18,Nữ,195300,4,781200,2026-02-18,Hà Nội,Thẻ ngân hàng
P29621,Kem Đánh Răng Marvis Amarelli Licorice Vị Cam Thảo & Than tre hỗ trợ khử ố vàng & trắng răng (85ml),Marvis,Kem đánh răng,194250.0,4.73,Pharmacity_VN,VND,194250.0,ORD00307,C0307,Trọng Hải Trần,43,Nam,194250,1,194250,2026-01-30,Hà Nội,COD
P29621,Kem Đánh Răng Marvis Amarelli Licorice Vị Cam Thảo & Than tre hỗ trợ khử ố vàng & trắng răng (85ml),Marvis,Kem đánh răng,194250.0,4.73,Pharmacity_VN,VND,194250.0,ORD00442,C0442,Xuân Trần,30,Nữ,194250,1,194250,2026-09-01,Đà Nẵng,Ví điện tử
P29621,Kem Đánh Răng Marvis Amarelli Licorice Vị Cam Thảo & Than tre hỗ trợ khử ố vàng & trắng răng (85ml),Marvis,Kem đánh răng,194250.0,4.73,Pharmacity_VN,VND,194250.0,ORD00665,C0665,Hồng Lê,23,Nữ,194250,1,194250,2026-08-27,Hà Nội,COD
P29621,Kem Đánh Răng Marvis Amarelli Licorice Vị Cam Thảo & Than tre hỗ trợ khử ố vàng & trắng răng (85ml),Marvis,Kem đánh răng,194250.0,4.73,Pharmacity_VN,VND,194250.0,ORD00712,C0712,Bảo Bùi,29,Nữ,194250,3,582750,2026-03-22,Đà Nẵng,COD
P30052,Pharmacity Tăm chỉ nha khoa (Gói 90 cây),Pharmacity,Tăm chỉ nha khoa,35000.0,4.51,Pharmacity_VN,VND,35000.0,ORD00017,C0017,Kim Vũ,20,Nam,35000,2,70000,2026-07-11,TP. Hồ Chí Minh,Thẻ ngân hàng
P30052,Pharmacity Tăm chỉ nha khoa (Gói 90 cây),Pharmacity,Tăm chỉ nha khoa,35000.0,4.51,Pharmacity_VN,VND,35000.0,ORD00223,C0223,Nhiên Phạm,37,Nữ,35000,1,35000,2026-05-06,Hà Nội,Thẻ ngân hàng
P30052,Pharmacity Tăm chỉ nha khoa (Gói 90 cây),Pharmacity,Tăm chỉ nha khoa,35000.0,4.51,Pharmacity_VN,VND,35000.0,ORD00333,C0333,Cô Yến Mai,31,Nữ,35000,1,35000,2026-04-17,Hà Nội,Ví điện tử
P30052,Pharmacity Tăm chỉ nha khoa (Gói 90 cây),Pharmacity,Tăm chỉ nha khoa,35000.0,4.51,Pharmacity_VN,VND,35000.0,ORD00605,C0605,Ông Minh Dương,34,Nữ,35000,2,70000,2026-02-27,Hà Nội,Thẻ ngân hàng
P30052,Pharmacity Tăm chỉ nha khoa (Gói 90 cây),Pharmacity,Tăm chỉ nha khoa,35000.0,4.51,Pharmacity_VN,VND,35000.0,ORD00664,C0664,Hải Nguyễn,25,Nam,35000,3,105000,2026-02-07,TP. Hồ Chí Minh,COD
P29594,"Pharmacity Nước muối sinh lý Natri Clorid 0,9% (Chai 500ml)",Pharmacity,Nước súc miệng,11000.0,4.94,Pharmacity_VN,VND,11000.0,ORD00349,C0349,Tú Bảo Đặng,23,Nữ,11000,1,11000,2026-06-24,Hà Nội,Tiền mặt
P29594,"Pharmacity Nước muối sinh lý Natri Clorid 0,9% (Chai 500ml)",Pharmacity,Nước súc miệng,11000.0,4.94,Pharmacity_VN,VND,11000.0,ORD00481,C0481,Quý cô Thành Đặng,29,Nam,11000,2,22000,2026-01-26,Hà Nội,Thẻ ngân hàng
P26598,Bộ Đôi Bàn Chải Đánh Răng COLGATE Gum Expert,Colgate,Bàn chải đánh răng,97750.0,4.74,Pharmacity_VN,VND,97750.0,ORD00558,C0558,Bác Tùng Đặng,26,Nữ,97750,3,293250,2026-08-30,Hà Nội,Thẻ ngân hàng
P26598,Bộ Đôi Bàn Chải Đánh Răng COLGATE Gum Expert,Colgate,Bàn chải đánh răng,97750.0,4.74,Pharmacity_VN,VND,97750.0,ORD00935,C0935,Quang Xuân Bùi,34,Nữ,97750,2,195500,2026-08-30,TP. Hồ Chí Minh,COD
P27991,Kem đánh răng Colgate Total Plaque (tuýp 95g),Colgate,Kem đánh răng,87200.0,4.85,Pharmacity_VN,VND,87200.0,ORD00444,C0444,Quý cô Hà Vũ,29,Nữ,87200,1,87200,2026-01-12,Hà Nội,Ví điện tử
P28349,Nước súc miệng SMC Ag+ vệ sinh răng miệng (Chai 250ml),nan,Nước súc miệng,110000.0,4.85,Pharmacity_VN,VND,110000.0,ORD00840,C0840,Bà Kim Hoàng,28,Nữ,110000,3,330000,2026-01-25,Hải Phòng,Thẻ ngân hàng
P05528,Kem Đánh Răng P/S Ngừa Sâu Răng Vượt Trội (tuýp 230g),P/S,Kem đánh răng,38000.0,4.66,Pharmacity_VN,VND,38000.0,ORD00110,C0110,Thành Đức Trần,29,Nữ,38000,1,38000,2026-04-26,TP. Hồ Chí Minh,COD
P11350,Pharmacity Bàn chải đánh răng cho răng nhạy cảm Sensitive,Pharmacity,Bàn chải đánh răng,31000.0,4.72,Pharmacity_VN,VND,31000.0,ORD00381,C0381,Tú Bùi,22,Nữ,31000,1,31000,2026-08-25,Hải Phòng,COD
P11350,Pharmacity Bàn chải đánh răng cho răng nhạy cảm Sensitive,Pharmacity,Bàn chải đánh răng,31000.0,4.72,Pharmacity_VN,VND,31000.0,ORD00406,C0406,Bà Thành Vũ,36,Nam,31000,1,31000,2026-06-14,TP. Hồ Chí Minh,Tiền mặt
P11350,Pharmacity Bàn chải đánh răng cho răng nhạy cảm Sensitive,Pharmacity,Bàn chải đánh răng,31000.0,4.72,Pharmacity_VN,VND,31000.0,ORD00519,C0519,Thành Phạm,31,Nam,31000,1,31000,2026-01-08,TP. Hồ Chí Minh,COD
P10953,Bàn Chải Đánh Răng SENSODYNE Repair & Protect,Sensodyne (GSK OTC),Bàn chải đánh răng,47000.0,4.97,Pharmacity_VN,VND,47000.0,ORD00182,C0182,Dũng Phạm,21,Nữ,47000,3,141000,2026-01-20,Cần Thơ,Tiền mặt
P10953,Bàn Chải Đánh Răng SENSODYNE Repair & Protect,Sensodyne (GSK OTC),Bàn chải đánh răng,47000.0,4.97,Pharmacity_VN,VND,47000.0,ORD00226,C0226,Lan Vũ,41,Nữ,47000,4,188000,2026-06-18,Hà Nội,Tiền mặt
P10953,Bàn Chải Đánh Răng SENSODYNE Repair & Protect,Sensodyne (GSK OTC),Bàn chải đánh răng,47000.0,4.97,Pharmacity_VN,VND,47000.0,ORD00259,C0259,Anh Bảo Mai,34,Nam,47000,1,47000,2026-09-17,TP. Hồ Chí Minh,Tiền mặt
P10953,Bàn Chải Đánh Răng SENSODYNE Repair & Protect,Sensodyne (GSK OTC),Bàn chải đánh răng,47000.0,4.97,Pharmacity_VN,VND,47000.0,ORD00324,C0324,Hoàng Văn Vũ,51,Nữ,47000,2,94000,2026-08-02,TP. Hồ Chí Minh,Tiền mặt
P10953,Bàn Chải Đánh Răng SENSODYNE Repair & Protect,Sensodyne (GSK OTC),Bàn chải đánh răng,47000.0,4.97,Pharmacity_VN,VND,47000.0,ORD00603,C0603,Chị Lan Đặng,39,Nữ,47000,1,47000,2026-04-24,Hà Nội,Thẻ ngân hàng
P10953,Bàn Chải Đánh Răng SENSODYNE Repair & Protect,Sensodyne (GSK OTC),Bàn chải đánh răng,47000.0,4.97,Pharmacity_VN,VND,47000.0,ORD00804,C0804,Chị Xuân Vũ,25,Nữ,47000,1,47000,2026-03-12,Hà Nội,Tiền mặt
P12629,Bàn Chải Đánh Răng COLGATE SlimSoft Flex Clean Charcoal,Colgate,Bàn chải đánh răng,65000.0,4.83,Pharmacity_VN,VND,65000.0,ORD00029,C0029,Ông Hưng Trần,24,Nữ,65000,5,325000,2026-09-25,TP. Hồ Chí Minh,Ví điện tử
P12629,Bàn Chải Đánh Răng COLGATE SlimSoft Flex Clean Charcoal,Colgate,Bàn chải đánh răng,65000.0,4.83,Pharmacity_VN,VND,65000.0,ORD00336,C0336,Hải Đức Dương,29,Nữ,65000,1,65000,2026-06-11,TP. Hồ Chí Minh,Ví điện tử
P12629,Bàn Chải Đánh Răng COLGATE SlimSoft Flex Clean Charcoal,Colgate,Bàn chải đánh răng,65000.0,4.83,Pharmacity_VN,VND,65000.0,ORD00361,C0361,Nhật Mai,35,Nữ,65000,2,130000,2026-07-30,TP. Hồ Chí Minh,COD
P12629,Bàn Chải Đánh Răng COLGATE SlimSoft Flex Clean Charcoal,Colgate,Bàn chải đánh răng,65000.0,4.83,Pharmacity_VN,VND,65000.0,ORD00425,C0425,Anh Tùng Phạm,36,Nữ,65000,1,65000,2026-06-24,TP. Hồ Chí Minh,Tiền mặt
P07569,Bàn Chải Đánh Răng P/S Lông Tơ Mềm Mại,P/S,Bàn chải đánh răng,20000.0,4.57,Pharmacity_VN,VND,20000.0,ORD00087,C0087,Trọng Mai,39,Nữ,20000,4,80000,2026-06-05,Hà Nội,Ví điện tử
P07569,Bàn Chải Đánh Răng P/S Lông Tơ Mềm Mại,P/S,Bàn chải đánh răng,20000.0,4.57,Pharmacity_VN,VND,20000.0,ORD00937,C0937,Cô Nhật Hoàng,20,Nữ,20000,4,80000,2026-03-25,Hải Phòng,COD
P08889,"Nước Súc Miệng LISTERINE Cool Mint Zero Hơi Thở Thơm Mát, Không Cay (Chai 250ml)",Listerine,Nước súc miệng,71000.0,4.82,Pharmacity_VN,VND,71000.0,ORD00124,C0124,Bà Kim Mai,18,Nữ,71000,4,284000,2026-09-02,Hà Nội,Ví điện tử
P08889,"Nước Súc Miệng LISTERINE Cool Mint Zero Hơi Thở Thơm Mát, Không Cay (Chai 250ml)",Listerine,Nước súc miệng,71000.0,4.82,Pharmacity_VN,VND,71000.0,ORD00357,C0357,Lan Vũ,30,Nữ,71000,1,71000,2026-09-30,TP. Hồ Chí Minh,Thẻ ngân hàng
P08889,"Nước Súc Miệng LISTERINE Cool Mint Zero Hơi Thở Thơm Mát, Không Cay (Chai 250ml)",Listerine,Nước súc miệng,71000.0,4.82,Pharmacity_VN,VND,71000.0,ORD00608,C0608,Bác Nam Bùi,18,Nữ,71000,1,71000,2026-09-23,Cần Thơ,Ví điện tử
P08889,"Nước Súc Miệng LISTERINE Cool Mint Zero Hơi Thở Thơm Mát, Không Cay (Chai 250ml)",Listerine,Nước súc miệng,71000.0,4.82,Pharmacity_VN,VND,71000.0,ORD00725,C0725,Chị Dương Mai,32,Nữ,71000,4,284000,2026-04-19,Đà Nẵng,COD
P10076,Xịt Thơm Miệng DENTIPLUS Hiệu Quả Gấp Đôi chai (25ml),Dentiplus,Sản phẩm chăm sóc răng miệng khác,92250.0,4.83,Pharmacity_VN,VND,92250.0,ORD00654,C0654,Trung Phú Đặng,19,Nữ,92250,1,92250,2026-09-06,Hà Nội,Ví điện tử
P10076,Xịt Thơm Miệng DENTIPLUS Hiệu Quả Gấp Đôi chai (25ml),Dentiplus,Sản phẩm chăm sóc răng miệng khác,92250.0,4.83,Pharmacity_VN,VND,92250.0,ORD00815,C0815,Thành Đặng,40,Nữ,92250,1,92250,2026-06-06,TP. Hồ Chí Minh,Ví điện tử
P10076,Xịt Thơm Miệng DENTIPLUS Hiệu Quả Gấp Đôi chai (25ml),Dentiplus,Sản phẩm chăm sóc răng miệng khác,92250.0,4.83,Pharmacity_VN,VND,92250.0,ORD00845,C0845,An Lê,32,Nữ,92250,3,276750,2026-03-24,Hải Phòng,Tiền mặt
P10405,Kem Đánh Răng CLOSE UP Thơm Mát Bất Tận Tinh Thể Băng Tuyết tuýp 230g,Close up,Kem đánh răng,45900.0,4.65,Pharmacity_VN,VND,45900.0,ORD00218,C0218,Chị Vân Trần,28,Nữ,45900,1,45900,2026-04-24,TP. Hồ Chí Minh,Ví điện tử
P10405,Kem Đánh Răng CLOSE UP Thơm Mát Bất Tận Tinh Thể Băng Tuyết tuýp 230g,Close up,Kem đánh răng,45900.0,4.65,Pharmacity_VN,VND,45900.0,ORD00751,C0751,Quý cô Kim Nguyễn,21,Nam,45900,1,45900,2026-05-31,TP. Hồ Chí Minh,Thẻ ngân hàng
P10405,Kem Đánh Răng CLOSE UP Thơm Mát Bất Tận Tinh Thể Băng Tuyết tuýp 230g,Close up,Kem đánh răng,45900.0,4.65,Pharmacity_VN,VND,45900.0,ORD00916,C0916,Vi Dương,33,Nam,45900,3,137700,2026-07-05,TP. Hồ Chí Minh,COD
P10500,Kem Đánh Răng COLGATE Ngừa Ê Buốt Và Bảo Vệ Toàn Diện (Tuýp 110g),Colgate,Kem đánh răng,79000.0,4.67,Pharmacity_VN,VND,79000.0,ORD00977,C0977,Nhật Thị Mai,25,Nam,79000,1,79000,2026-04-14,Đà Nẵng,Thẻ ngân hàng
P14247,Kem Đánh Răng CLOSE UP Thơm Mát Tự Nhiên Dầu Quất và Thảo Dược (tuýp 180g),Close up,Kem đánh răng,46000.0,4.9,Pharmacity_VN,VND,46000.0,ORD00052,C0052,Ánh Đặng,26,Nam,46000,1,46000,2026-02-10,Cần Thơ,COD
P14247,Kem Đánh Răng CLOSE UP Thơm Mát Tự Nhiên Dầu Quất và Thảo Dược (tuýp 180g),Close up,Kem đánh răng,46000.0,4.9,Pharmacity_VN,VND,46000.0,ORD00771,C0771,Quý ông Châu Bùi,37,Nữ,46000,1,46000,2026-04-28,TP. Hồ Chí Minh,COD
P20106,Nước Súc Miệng P/S Pro Complete Bảo Vệ Răng Miệng Tối Ưu (chai 500ml),P/S,Nước súc miệng,52500.0,4.94,Pharmacity_VN,VND,52500.0,ORD00620,C0620,Phương Hữu Phạm,32,Nam,52500,2,105000,2026-04-09,Hải Phòng,COD
P20106,Nước Súc Miệng P/S Pro Complete Bảo Vệ Răng Miệng Tối Ưu (chai 500ml),P/S,Nước súc miệng,52500.0,4.94,Pharmacity_VN,VND,52500.0,ORD00742,C0742,Khoa Tấn Dương,18,Nữ,52500,1,52500,2026-01-13,Hà Nội,Ví điện tử
P19172,"Kem đánh răng EUCRYL loại bỏ mảng bám, giúp răng trắng sáng (tuýp 62g)",Eucryl,Kem đánh răng,57200.0,4.79,Pharmacity_VN,VND,57200.0,ORD00360,C0360,Hà Trí Nguyễn,22,Nam,57200,4,228800,2026-01-21,Hà Nội,Tiền mặt
P19173,Bột Hỗ Trợ Tẩy Trắng Răng EUCRYL Toothpowder hũ 50g,Eucryl,Sản phẩm chăm sóc răng miệng khác,61600.0,4.67,Pharmacity_VN,VND,61600.0,ORD00037,C0037,Cô Hải Vũ,32,Nữ,61600,1,61600,2026-06-07,TP. Hồ Chí Minh,COD
P19173,Bột Hỗ Trợ Tẩy Trắng Răng EUCRYL Toothpowder hũ 50g,Eucryl,Sản phẩm chăm sóc răng miệng khác,61600.0,4.67,Pharmacity_VN,VND,61600.0,ORD00189,C0189,Cô Mai Bùi,22,Nam,61600,1,61600,2026-04-18,Hà Nội,Tiền mặt
P19173,Bột Hỗ Trợ Tẩy Trắng Răng EUCRYL Toothpowder hũ 50g,Eucryl,Sản phẩm chăm sóc răng miệng khác,61600.0,4.67,Pharmacity_VN,VND,61600.0,ORD00454,C0454,Nam Đặng,35,Nam,61600,1,61600,2026-08-05,Hải Phòng,Tiền mặt
P19173,Bột Hỗ Trợ Tẩy Trắng Răng EUCRYL Toothpowder hũ 50g,Eucryl,Sản phẩm chăm sóc răng miệng khác,61600.0,4.67,Pharmacity_VN,VND,61600.0,ORD00492,C0492,Bà Phương Phạm,45,Nam,61600,2,123200,2026-02-26,TP. Hồ Chí Minh,COD
P19173,Bột Hỗ Trợ Tẩy Trắng Răng EUCRYL Toothpowder hũ 50g,Eucryl,Sản phẩm chăm sóc răng miệng khác,61600.0,4.67,Pharmacity_VN,VND,61600.0,ORD00743,C0743,Quý cô Linh Dương,24,Nam,61600,1,61600,2026-08-28,Hà Nội,Ví điện tử
P17298,Colgate KDR MaxFresh Peppermint Ice 225g + BCDR,Colgate,Kem đánh răng,40600.0,4.54,Pharmacity_VN,VND,40600.0,ORD00178,C0178,Ông Huy Đặng,45,Nam,40600,1,40600,2026-05-29,TP. Hồ Chí Minh,COD
P17556,"Nước Súc Miệng LISTERINE Cool Mint Zero Hơi Thở Thơm Mát, Không Cay (Chai 750ml)",Listerine,Nước súc miệng,171000.0,4.91,Pharmacity_VN,VND,171000.0,ORD00144,C0144,Quang Vũ,32,Nữ,171000,2,342000,2026-06-11,TP. Hồ Chí Minh,Thẻ ngân hàng
P17556,"Nước Súc Miệng LISTERINE Cool Mint Zero Hơi Thở Thơm Mát, Không Cay (Chai 750ml)",Listerine,Nước súc miệng,171000.0,4.91,Pharmacity_VN,VND,171000.0,ORD00222,C0222,Hải Phạm,18,Nữ,171000,3,513000,2026-02-23,Đà Nẵng,Tiền mặt
P17556,"Nước Súc Miệng LISTERINE Cool Mint Zero Hơi Thở Thơm Mát, Không Cay (Chai 750ml)",Listerine,Nước súc miệng,171000.0,4.91,Pharmacity_VN,VND,171000.0,ORD00257,C0257,Minh Đức Nguyễn,43,Nam,171000,3,513000,2026-01-23,Cần Thơ,Ví điện tử
P17556,"Nước Súc Miệng LISTERINE Cool Mint Zero Hơi Thở Thơm Mát, Không Cay (Chai 750ml)",Listerine,Nước súc miệng,171000.0,4.91,Pharmacity_VN,VND,171000.0,ORD00404,C0404,Vũ Xuân Nguyễn,30,Nữ,171000,2,342000,2026-02-15,Đà Nẵng,Ví điện tử
P18076,Bộ Đôi Bàn Chải Đánh Răng SENSODYNE Sensitive Extra Soft Ê Chăm Sóc Răng  Buốt và Êm Dịu Nướu,Sensodyne (GSK OTC),Bàn chải đánh răng,49000.0,4.52,Pharmacity_VN,VND,49000.0,ORD00466,C0466,Anh Đức Đặng,28,Nam,49000,3,147000,2026-05-04,TP. Hồ Chí Minh,Thẻ ngân hàng
P18076,Bộ Đôi Bàn Chải Đánh Răng SENSODYNE Sensitive Extra Soft Ê Chăm Sóc Răng  Buốt và Êm Dịu Nướu,Sensodyne (GSK OTC),Bàn chải đánh răng,49000.0,4.52,Pharmacity_VN,VND,49000.0,ORD00778,C0778,Vi Dương,28,Nữ,49000,3,147000,2026-02-16,TP. Hồ Chí Minh,Tiền mặt
P18076,Bộ Đôi Bàn Chải Đánh Răng SENSODYNE Sensitive Extra Soft Ê Chăm Sóc Răng  Buốt và Êm Dịu Nướu,Sensodyne (GSK OTC),Bàn chải đánh răng,49000.0,4.52,Pharmacity_VN,VND,49000.0,ORD00803,C0803,Quý ông Nam Bùi,31,Nữ,49000,3,147000,2026-07-23,TP. Hồ Chí Minh,Tiền mặt
P18076,Bộ Đôi Bàn Chải Đánh Răng SENSODYNE Sensitive Extra Soft Ê Chăm Sóc Răng  Buốt và Êm Dịu Nướu,Sensodyne (GSK OTC),Bàn chải đánh răng,49000.0,4.52,Pharmacity_VN,VND,49000.0,ORD00805,C0805,Bà Hà Đặng,26,Nữ,49000,4,196000,2026-09-23,Đà Nẵng,Ví điện tử
P18076,Bộ Đôi Bàn Chải Đánh Răng SENSODYNE Sensitive Extra Soft Ê Chăm Sóc Răng  Buốt và Êm Dịu Nướu,Sensodyne (GSK OTC),Bàn chải đánh răng,49000.0,4.52,Pharmacity_VN,VND,49000.0,ORD00925,C0925,Hương Nguyễn,42,Nữ,49000,2,98000,2026-07-26,TP. Hồ Chí Minh,Tiền mặt
P18077,Kem Đánh Răng SENSODYNE Fresh Mint Hương Bạc Hà (tuýp 160g),Sensodyne (GSK OTC),Kem đánh răng,95000.0,4.53,Pharmacity_VN,VND,95000.0,ORD00436,C0436,Hồng Mai,31,Nam,95000,2,190000,2026-05-14,Đà Nẵng,Ví điện tử
P18077,Kem Đánh Răng SENSODYNE Fresh Mint Hương Bạc Hà (tuýp 160g),Sensodyne (GSK OTC),Kem đánh răng,95000.0,4.53,Pharmacity_VN,VND,95000.0,ORD00740,C0740,Huy Trần,40,Nam,95000,1,95000,2026-06-17,TP. Hồ Chí Minh,Ví điện tử
P29185,Colgate Kem Đánh Răng Total Sensitivity + Gum Health 150g,Colgate,Kem đánh răng,63000.0,4.54,Pharmacity_VN,VND,63000.0,ORD00041,C0041,Quang Nguyễn,37,Nữ,63000,1,63000,2026-05-26,Đà Nẵng,Ví điện tử
P24607,Bộ Ba Bàn Chải Đánh Răng P/S Lông Tơ Mềm Mại,P/S,Bàn chải đánh răng,42000.0,4.86,Pharmacity_VN,VND,42000.0,ORD00375,C0375,An Dương,52,Nam,42000,1,42000,2026-01-16,TP. Hồ Chí Minh,Thẻ ngân hàng
P24607,Bộ Ba Bàn Chải Đánh Răng P/S Lông Tơ Mềm Mại,P/S,Bàn chải đánh răng,42000.0,4.86,Pharmacity_VN,VND,42000.0,ORD00452,C0452,Vũ Văn Bùi,40,Nữ,42000,1,42000,2026-09-21,TP. Hồ Chí Minh,Thẻ ngân hàng
P00429,Nước Súc Miệng LISTERINE Cool Mint Hơi Thở Thơm Mát (Chai 250ml),Listerine,Nước súc miệng,71000.0,4.95,Pharmacity_VN,VND,71000.0,ORD00660,C0660,Châu Dương,29,Nam,71000,4,284000,2026-03-26,Hà Nội,COD
P00429,Nước Súc Miệng LISTERINE Cool Mint Hơi Thở Thơm Mát (Chai 250ml),Listerine,Nước súc miệng,71000.0,4.95,Pharmacity_VN,VND,71000.0,ORD00688,C0688,Mai Hoàng,26,Nam,71000,1,71000,2026-01-09,TP. Hồ Chí Minh,Tiền mặt
P00429,Nước Súc Miệng LISTERINE Cool Mint Hơi Thở Thơm Mát (Chai 250ml),Listerine,Nước súc miệng,71000.0,4.95,Pharmacity_VN,VND,71000.0,ORD00890,C0890,Bà Lan Trần,41,Nữ,71000,4,284000,2026-08-26,TP. Hồ Chí Minh,COD
P00429,Nước Súc Miệng LISTERINE Cool Mint Hơi Thở Thơm Mát (Chai 250ml),Listerine,Nước súc miệng,71000.0,4.95,Pharmacity_VN,VND,71000.0,ORD00899,C0899,Vũ Nguyễn,42,Nữ,71000,1,71000,2026-02-25,Hà Nội,Thẻ ngân hàng
P02389,"Nước súc miệng KIN GINGIVAL Ngăn Ngừa Mảng Bám, Viêm Nướu, Sâu Răng (chai 250ml)",Kin Gingival,Nước súc miệng,142000.0,4.83,Pharmacity_VN,VND,142000.0,ORD00607,C0607,Nhật Thị Mai,22,Nữ,142000,3,426000,2026-04-26,Hà Nội,Ví điện tử
P02389,"Nước súc miệng KIN GINGIVAL Ngăn Ngừa Mảng Bám, Viêm Nướu, Sâu Răng (chai 250ml)",Kin Gingival,Nước súc miệng,142000.0,4.83,Pharmacity_VN,VND,142000.0,ORD00850,C0850,Minh Trần,25,Nữ,142000,3,426000,2026-04-16,TP. Hồ Chí Minh,Thẻ ngân hàng
P03926,Tăm Chỉ Nha Khoa OKAMURA Làm Sạch Kẻ Răng (gói 90 cây),Okamura,Tăm chỉ nha khoa,35000.0,4.67,Pharmacity_VN,VND,35000.0,ORD00165,C0165,Mai Phạm,40,Nữ,35000,1,35000,2026-01-05,Hà Nội,COD
P03926,Tăm Chỉ Nha Khoa OKAMURA Làm Sạch Kẻ Răng (gói 90 cây),Okamura,Tăm chỉ nha khoa,35000.0,4.67,Pharmacity_VN,VND,35000.0,ORD00613,C0613,Chị Hải Bùi,33,Nữ,35000,1,35000,2026-08-25,Hà Nội,Ví điện tử
P08733,Kem Đánh Răng SENSODYNE Repair & Protect Giúp Phục Hồi Răng Nhạy Cảm (tuýp 100g),Sensodyne (GSK OTC),Kem đánh răng,108000.0,4.78,Pharmacity_VN,VND,108000.0,ORD00229,C0229,Quý ông Vũ Hoàng,23,Nam,108000,1,108000,2026-07-03,Hà Nội,Ví điện tử
P08733,Kem Đánh Răng SENSODYNE Repair & Protect Giúp Phục Hồi Răng Nhạy Cảm (tuýp 100g),Sensodyne (GSK OTC),Kem đánh răng,108000.0,4.78,Pharmacity_VN,VND,108000.0,ORD00491,C0491,Khoa Lê,30,Nam,108000,2,216000,2026-07-07,Cần Thơ,COD
P08733,Kem Đánh Răng SENSODYNE Repair & Protect Giúp Phục Hồi Răng Nhạy Cảm (tuýp 100g),Sensodyne (GSK OTC),Kem đánh răng,108000.0,4.78,Pharmacity_VN,VND,108000.0,ORD00587,C0587,Nhiên Phạm,25,Nữ,108000,2,216000,2026-03-30,TP. Hồ Chí Minh,Ví điện tử
P08734,Kem Đánh Răng SENSODYNE Repair & Protect Whitening (tuýp 100g),Sensodyne (GSK OTC),Kem đánh răng,108000.0,4.91,Pharmacity_VN,VND,108000.0,ORD00417,C0417,Chị Thành Dương,46,Nam,108000,3,324000,2026-01-29,Hà Nội,Ví điện tử
P08734,Kem Đánh Răng SENSODYNE Repair & Protect Whitening (tuýp 100g),Sensodyne (GSK OTC),Kem đánh răng,108000.0,4.91,Pharmacity_VN,VND,108000.0,ORD00717,C0717,Nam Bùi,31,Nam,108000,4,432000,2026-03-11,Hải Phòng,Thẻ ngân hàng
P10408,Bàn Chải Đánh Răng P/S Muối Đá Himalaya,P/S,Bàn chải đánh răng,32000.0,4.78,Pharmacity_VN,VND,32000.0,ORD00770,C0770,Quý cô Vân Mai,48,Nữ,32000,3,96000,2026-03-10,TP. Hồ Chí Minh,Ví điện tử
P10411,Bộ Đôi Bàn Chải Đánh Răng P/S Than Bạc Kháng Khuẩn Màu Ngẫu Nhiên,P/S,Bàn chải đánh răng,57000.0,4.94,Pharmacity_VN,VND,57000.0,ORD00671,C0671,Tùng Vũ,42,Nam,57000,1,57000,2026-07-25,Hà Nội,Thẻ ngân hàng
P11349,Pharmacity Bàn chải đánh răng cho răng siêu nhạy cảm Extra Sensitive,Pharmacity,Bàn chải đánh răng,37000.0,4.72,Pharmacity_VN,VND,37000.0,ORD00266,C0266,Tú Mai Trần,18,Nữ,37000,1,37000,2026-03-02,Đà Nẵng,Thẻ ngân hàng
P11349,Pharmacity Bàn chải đánh răng cho răng siêu nhạy cảm Extra Sensitive,Pharmacity,Bàn chải đánh răng,37000.0,4.72,Pharmacity_VN,VND,37000.0,ORD00988,C0988,Hạnh Mai,39,Nam,37000,1,37000,2026-05-02,TP. Hồ Chí Minh,Tiền mặt
P18078,Kem Đánh Răng ORAL CLEAN Trẻ Em Tom & Jerry Tutti Frutti (tuýp 75ml),Oral Clean,Kem đánh răng,63000.0,4.75,Pharmacity_VN,VND,63000.0,ORD00562,C0562,Trung Dương,51,Nam,63000,1,63000,2026-05-17,Hà Nội,Ví điện tử
P18303,Kem Đánh Răng P/S Sensitive Giảm Ê Buốt và Trắng Răng (tuýp 100g),P/S,Kem đánh răng,67000.0,4.71,Pharmacity_VN,VND,67000.0,ORD00482,C0482,Ông Nhiên Lê,20,Nam,67000,1,67000,2026-01-25,TP. Hồ Chí Minh,Ví điện tử
P18303,Kem Đánh Răng P/S Sensitive Giảm Ê Buốt và Trắng Răng (tuýp 100g),P/S,Kem đánh răng,67000.0,4.71,Pharmacity_VN,VND,67000.0,ORD00719,C0719,Bác Huy Hoàng,26,Nam,67000,2,134000,2026-09-02,Đà Nẵng,Thẻ ngân hàng
P18303,Kem Đánh Răng P/S Sensitive Giảm Ê Buốt và Trắng Răng (tuýp 100g),P/S,Kem đánh răng,67000.0,4.71,Pharmacity_VN,VND,67000.0,ORD00848,C0848,Hoàng Đức Trần,55,Nam,67000,1,67000,2026-08-25,TP. Hồ Chí Minh,Ví điện tử
P17507,Bàn Chải Đánh Răng COLGATE SlimSoft Flex Clean,Colgate,Bàn chải đánh răng,65000.0,4.72,Pharmacity_VN,VND,65000.0,ORD00184,C0184,Quý cô Duyên Hoàng,35,Nam,65000,1,65000,2026-01-12,Cần Thơ,COD
P17507,Bàn Chải Đánh Răng COLGATE SlimSoft Flex Clean,Colgate,Bàn chải đánh răng,65000.0,4.72,Pharmacity_VN,VND,65000.0,ORD00243,C0243,Dương Mai,35,Nữ,65000,1,65000,2026-02-06,TP. Hồ Chí Minh,Ví điện tử
P17507,Bàn Chải Đánh Răng COLGATE SlimSoft Flex Clean,Colgate,Bàn chải đánh răng,65000.0,4.72,Pharmacity_VN,VND,65000.0,ORD00282,C0282,Tùng Lê,37,Nam,65000,2,130000,2026-01-27,TP. Hồ Chí Minh,Thẻ ngân hàng
P17507,Bàn Chải Đánh Răng COLGATE SlimSoft Flex Clean,Colgate,Bàn chải đánh răng,65000.0,4.72,Pharmacity_VN,VND,65000.0,ORD00686,C0686,Tùng Hoàng,37,Nữ,65000,3,195000,2026-09-12,TP. Hồ Chí Minh,COD
P29593,"Pharmacity Nước muối sinh lý Natri Clorid 0,9% (Chai 1000ml)",Pharmacity,Nước súc miệng,20000.0,4.78,Pharmacity_VN,VND,20000.0,ORD00038,C0038,Chị Linh Lê,18,Nữ,20000,5,100000,2026-08-03,TP. Hồ Chí Minh,Tiền mặt
P29593,"Pharmacity Nước muối sinh lý Natri Clorid 0,9% (Chai 1000ml)",Pharmacity,Nước súc miệng,20000.0,4.78,Pharmacity_VN,VND,20000.0,ORD00107,C0107,Anh Trung Dương,49,Nam,20000,1,20000,2026-05-06,Đà Nẵng,Ví điện tử
P29593,"Pharmacity Nước muối sinh lý Natri Clorid 0,9% (Chai 1000ml)",Pharmacity,Nước súc miệng,20000.0,4.78,Pharmacity_VN,VND,20000.0,ORD00420,C0420,Dương Đặng,31,Nam,20000,5,100000,2026-07-07,TP. Hồ Chí Minh,Ví điện tử
P29620,Kem Đánh Răng Marvis Jasmin Mint Vị Hoa Nhài & Bạc Hà hỗ trợ sạch mảng bám & khử mùi hôi miệng (85ml),Marvis,Kem đánh răng,194250.0,4.87,Pharmacity_VN,VND,194250.0,ORD00007,C0007,Lâm Mai Hoàng,46,Nữ,194250,1,194250,2026-04-16,TP. Hồ Chí Minh,COD
P29620,Kem Đánh Răng Marvis Jasmin Mint Vị Hoa Nhài & Bạc Hà hỗ trợ sạch mảng bám & khử mùi hôi miệng (85ml),Marvis,Kem đánh răng,194250.0,4.87,Pharmacity_VN,VND,194250.0,ORD00551,C0551,Quý cô Bảo Phạm,31,Nữ,194250,1,194250,2026-01-08,Đà Nẵng,COD
P24071,Nước Súc Miệng Fujiwa Ion Muối Hương Bạc Hà (Chai 680 ml),Fujiwa,Nước súc miệng,31000.0,4.61,Pharmacity_VN,VND,31000.0,ORD00040,C0040,Ông Tú Đặng,32,Nữ,31000,2,62000,2026-06-24,TP. Hồ Chí Minh,Ví điện tử
P24071,Nước Súc Miệng Fujiwa Ion Muối Hương Bạc Hà (Chai 680 ml),Fujiwa,Nước súc miệng,31000.0,4.61,Pharmacity_VN,VND,31000.0,ORD00095,C0095,Hoàng Đức Lê,26,Nam,31000,1,31000,2026-04-28,TP. Hồ Chí Minh,Tiền mặt
P24071,Nước Súc Miệng Fujiwa Ion Muối Hương Bạc Hà (Chai 680 ml),Fujiwa,Nước súc miệng,31000.0,4.61,Pharmacity_VN,VND,31000.0,ORD00204,C0204,Hoàng Dương,41,Nam,31000,3,93000,2026-03-23,Hà Nội,COD
P24071,Nước Súc Miệng Fujiwa Ion Muối Hương Bạc Hà (Chai 680 ml),Fujiwa,Nước súc miệng,31000.0,4.61,Pharmacity_VN,VND,31000.0,ORD00484,C0484,Cô Ngọc Lê,32,Nữ,31000,3,93000,2026-06-30,Hà Nội,COD
P24071,Nước Súc Miệng Fujiwa Ion Muối Hương Bạc Hà (Chai 680 ml),Fujiwa,Nước súc miệng,31000.0,4.61,Pharmacity_VN,VND,31000.0,ORD00666,C0666,Cô Yến Lê,31,Nữ,31000,1,31000,2026-06-18,Cần Thơ,Tiền mặt
P24071,Nước Súc Miệng Fujiwa Ion Muối Hương Bạc Hà (Chai 680 ml),Fujiwa,Nước súc miệng,31000.0,4.61,Pharmacity_VN,VND,31000.0,ORD00792,C0792,Huy Bùi,32,Nữ,31000,2,62000,2026-08-06,TP. Hồ Chí Minh,COD
P23014,Bàn Chải Đánh Răng P/S White Detox Kháng Khuẩn,P/S,Bàn chải đánh răng,37800.0,4.93,Pharmacity_VN,VND,37800.0,ORD00083,C0083,Hà Mai,45,Nữ,37800,1,37800,2026-05-02,TP. Hồ Chí Minh,Tiền mặt
P23014,Bàn Chải Đánh Răng P/S White Detox Kháng Khuẩn,P/S,Bàn chải đánh răng,37800.0,4.93,Pharmacity_VN,VND,37800.0,ORD00422,C0422,Chị Nhật Dương,48,Nữ,37800,2,75600,2026-04-29,Hà Nội,Tiền mặt
P23014,Bàn Chải Đánh Răng P/S White Detox Kháng Khuẩn,P/S,Bàn chải đánh răng,37800.0,4.93,Pharmacity_VN,VND,37800.0,ORD00793,C0793,Ông Vũ Bùi,33,Nữ,37800,3,113400,2026-03-03,Hà Nội,Ví điện tử
P25487,Nước Súc Miệng LISTERINE Total Care Sensitive Cho Răng Nhạy Cảm (Chai 750ml),Listerine,Nước súc miệng,140250.0,4.5,Pharmacity_VN,VND,140250.0,ORD00026,C0026,Hoàng Phạm,31,Nam,140250,1,140250,2026-01-19,Hải Phòng,COD
P25487,Nước Súc Miệng LISTERINE Total Care Sensitive Cho Răng Nhạy Cảm (Chai 750ml),Listerine,Nước súc miệng,140250.0,4.5,Pharmacity_VN,VND,140250.0,ORD00401,C0401,Nhật Thị Dương,18,Nam,140250,1,140250,2026-02-13,TP. Hồ Chí Minh,COD
P25487,Nước Súc Miệng LISTERINE Total Care Sensitive Cho Răng Nhạy Cảm (Chai 750ml),Listerine,Nước súc miệng,140250.0,4.5,Pharmacity_VN,VND,140250.0,ORD00552,C0552,Duyên Trần,28,Nữ,140250,1,140250,2026-04-04,Hà Nội,Thẻ ngân hàng
P25487,Nước Súc Miệng LISTERINE Total Care Sensitive Cho Răng Nhạy Cảm (Chai 750ml),Listerine,Nước súc miệng,140250.0,4.5,Pharmacity_VN,VND,140250.0,ORD00658,C0658,Quang Hữu Hoàng,30,Nữ,140250,2,280500,2026-06-17,TP. Hồ Chí Minh,Thẻ ngân hàng
P25487,Nước Súc Miệng LISTERINE Total Care Sensitive Cho Răng Nhạy Cảm (Chai 750ml),Listerine,Nước súc miệng,140250.0,4.5,Pharmacity_VN,VND,140250.0,ORD00856,C0856,Cô Ngọc Nguyễn,24,Nữ,140250,1,140250,2026-06-27,Hà Nội,Thẻ ngân hàng
P25487,Nước Súc Miệng LISTERINE Total Care Sensitive Cho Răng Nhạy Cảm (Chai 750ml),Listerine,Nước súc miệng,140250.0,4.5,Pharmacity_VN,VND,140250.0,ORD00964,C0964,Bà Hà Dương,37,Nữ,140250,1,140250,2026-09-18,TP. Hồ Chí Minh,COD
P01144,Kem Đánh Răng SENSODYNE Gentle Whitening Trắng Sáng (tuýp 100g),Sensodyne (GSK OTC),Kem đánh răng,74000.0,4.57,Pharmacity_VN,VND,74000.0,ORD00355,C0355,Quý cô Ánh Mai,30,Nữ,74000,1,74000,2026-01-24,Cần Thơ,Thẻ ngân hàng
P01144,Kem Đánh Răng SENSODYNE Gentle Whitening Trắng Sáng (tuýp 100g),Sensodyne (GSK OTC),Kem đánh răng,74000.0,4.57,Pharmacity_VN,VND,74000.0,ORD00748,C0748,Chị Vân Lê,22,Nữ,74000,1,74000,2026-03-30,TP. Hồ Chí Minh,Thẻ ngân hàng
P03492,Bàn Chải Đánh Răng COLGATE SlimSoft Charcoal Siêu Mềm Mảnh,Colgate,Bàn chải đánh răng,45050.0,4.79,Pharmacity_VN,VND,45050.0,ORD00371,C0371,Bác Hưng Phạm,30,Nữ,45050,1,45050,2026-07-29,TP. Hồ Chí Minh,Thẻ ngân hàng
P03927,Tăm chỉ nha khoa Okamura (50 cây/gói),Okamura,Tăm chỉ nha khoa,28000.0,4.51,Pharmacity_VN,VND,28000.0,ORD00504,C0504,Vũ Vũ,36,Nữ,28000,1,28000,2026-01-15,Hà Nội,Ví điện tử
P03927,Tăm chỉ nha khoa Okamura (50 cây/gói),Okamura,Tăm chỉ nha khoa,28000.0,4.51,Pharmacity_VN,VND,28000.0,ORD00644,C0644,Phương Phạm,18,Nam,28000,1,28000,2026-01-24,TP. Hồ Chí Minh,Ví điện tử
P07555,Kem Đánh Răng CLOSE UP White Attraction Diamond Trắng Sáng (tuýp 100g),Close up,Kem đánh răng,39000.0,4.92,Pharmacity_VN,VND,39000.0,ORD00873,C0873,Lâm Mai,18,Nam,39000,2,78000,2026-04-21,TP. Hồ Chí Minh,COD
P07555,Kem Đánh Răng CLOSE UP White Attraction Diamond Trắng Sáng (tuýp 100g),Close up,Kem đánh răng,39000.0,4.92,Pharmacity_VN,VND,39000.0,ORD00908,C0908,Bà Chi Bùi,37,Nữ,39000,1,39000,2026-09-09,Hà Nội,Ví điện tử
P11369,Bộ Chăm Sóc Răng Miệng Du Lịch COLGATE,Colgate,Bàn chải đánh răng,90000.0,4.53,Pharmacity_VN,VND,90000.0,ORD00214,C0214,Nhật Mai Vũ,37,Nam,90000,3,270000,2026-03-04,TP. Hồ Chí Minh,COD
P11369,Bộ Chăm Sóc Răng Miệng Du Lịch COLGATE,Colgate,Bàn chải đánh răng,90000.0,4.53,Pharmacity_VN,VND,90000.0,ORD00260,C0260,Bác Dũng Mai,38,Nữ,90000,1,90000,2026-03-16,Hà Nội,Thẻ ngân hàng
P11369,Bộ Chăm Sóc Răng Miệng Du Lịch COLGATE,Colgate,Bàn chải đánh răng,90000.0,4.53,Pharmacity_VN,VND,90000.0,ORD00275,C0275,Hưng Thế Đặng,20,Nam,90000,2,180000,2026-07-07,TP. Hồ Chí Minh,COD
P08888,Nước Súc Miệng LISTERINE Tartar Protection Giảm Mảng Bám (Chai 250ml),Listerine,Nước súc miệng,82000.0,4.51,Pharmacity_VN,VND,82000.0,ORD00295,C0295,Duyên Đặng,34,Nữ,82000,2,164000,2026-01-23,TP. Hồ Chí Minh,Thẻ ngân hàng
P10403,Kem Đánh Răng CLOSE UP Bạc Hà The Mát (tuýp 230g),Close up,Kem đánh răng,45900.0,4.74,Pharmacity_VN,VND,45900.0,ORD00133,C0133,Nhật Bùi,19,Nữ,45900,2,91800,2026-05-14,TP. Hồ Chí Minh,Tiền mặt
P10403,Kem Đánh Răng CLOSE UP Bạc Hà The Mát (tuýp 230g),Close up,Kem đánh răng,45900.0,4.74,Pharmacity_VN,VND,45900.0,ORD00280,C0280,Chị Nhật Vũ,26,Nữ,45900,1,45900,2026-04-30,Hà Nội,Ví điện tử
P10403,Kem Đánh Răng CLOSE UP Bạc Hà The Mát (tuýp 230g),Close up,Kem đánh răng,45900.0,4.74,Pharmacity_VN,VND,45900.0,ORD00859,C0859,Lâm Tấn Phạm,24,Nam,45900,1,45900,2026-09-28,Cần Thơ,Ví điện tử
P10414,Kem Đánh Răng P/S Green Tea Trà Xanh (Tuýp 180g),P/S,Kem đánh răng,43000.0,4.99,Pharmacity_VN,VND,43000.0,ORD00088,C0088,Dương Mai,33,Nữ,43000,1,43000,2026-06-21,Hà Nội,Ví điện tử
P10414,Kem Đánh Răng P/S Green Tea Trà Xanh (Tuýp 180g),P/S,Kem đánh răng,43000.0,4.99,Pharmacity_VN,VND,43000.0,ORD00773,C0773,Vi Phạm,36,Nam,43000,1,43000,2026-02-02,TP. Hồ Chí Minh,COD
P10414,Kem Đánh Răng P/S Green Tea Trà Xanh (Tuýp 180g),P/S,Kem đánh răng,43000.0,4.99,Pharmacity_VN,VND,43000.0,ORD00917,C0917,Nhiên Hải Lê,36,Nữ,43000,1,43000,2026-07-04,TP. Hồ Chí Minh,COD
P10495,Bàn Chải Đánh Răng ORAL-B Tinh Chất Trà Đen Chăm Sóc Nướu,Oral-B,Bàn chải đánh răng,38250.0,4.95,Pharmacity_VN,VND,38250.0,ORD00265,C0265,Lan Mai,27,Nữ,38250,1,38250,2026-02-14,TP. Hồ Chí Minh,Thẻ ngân hàng
P10495,Bàn Chải Đánh Răng ORAL-B Tinh Chất Trà Đen Chăm Sóc Nướu,Oral-B,Bàn chải đánh răng,38250.0,4.95,Pharmacity_VN,VND,38250.0,ORD00812,C0812,Tú Bảo Lê,26,Nam,38250,4,153000,2026-01-22,Hải Phòng,Thẻ ngân hàng
P10502,Bàn Chải Đánh Răng COLGATE 360 Charcoal Spiral Lông Chải Siêu Mềm Xoắn Kép Phủ Than,Colgate,Bàn chải đánh răng,58000.0,4.96,Pharmacity_VN,VND,58000.0,ORD00569,C0569,Bà Xuân Mai,18,Nữ,58000,5,290000,2026-08-04,Cần Thơ,Tiền mặt
P18082,Kem Đánh Răng P/S Chăm Sóc Toàn Diện (tuýp 230g),P/S,Kem đánh răng,41000.0,4.92,Pharmacity_VN,VND,41000.0,ORD00926,C0926,Chị Ngọc Mai,18,Nam,41000,2,82000,2026-05-09,Hà Nội,COD
P18082,Kem Đánh Răng P/S Chăm Sóc Toàn Diện (tuýp 230g),P/S,Kem đánh răng,41000.0,4.92,Pharmacity_VN,VND,41000.0,ORD00997,C0997,Bảo Đặng,48,Nam,41000,1,41000,2026-06-16,Hà Nội,Thẻ ngân hàng
P20093,Bộ Đôi Bàn Chải Đánh Răng COLGATE Cushion Clean,Colgate,Bàn chải đánh răng,105000.0,4.66,Pharmacity_VN,VND,105000.0,ORD00071,C0071,Bà Mai Nguyễn,34,Nam,105000,2,210000,2026-03-22,Hà Nội,Ví điện tử
P20093,Bộ Đôi Bàn Chải Đánh Răng COLGATE Cushion Clean,Colgate,Bàn chải đánh răng,105000.0,4.66,Pharmacity_VN,VND,105000.0,ORD00697,C0697,Hà Thế Phạm,33,Nữ,105000,2,210000,2026-04-12,TP. Hồ Chí Minh,Ví điện tử
P22140,Chỉ Nha Khoa JOMI Hỗ Trợ Làm Sạch Mảng Bám Trong Kẽ Răng (cuộn 50m),Jomi,Tăm chỉ nha khoa,33540.0,4.93,Pharmacity_VN,VND,33540.0,ORD00160,C0160,Quý cô Linh Đặng,37,Nam,33540,4,134160,2026-09-06,TP. Hồ Chí Minh,COD
P22140,Chỉ Nha Khoa JOMI Hỗ Trợ Làm Sạch Mảng Bám Trong Kẽ Răng (cuộn 50m),Jomi,Tăm chỉ nha khoa,33540.0,4.93,Pharmacity_VN,VND,33540.0,ORD00955,C0955,Ông Huy Lê,29,Nam,33540,1,33540,2026-04-07,Hà Nội,COD
P23056,Nước súc miệng ngừa viêm nướu Kin B5 (Chai 500ml),Kin B5,Nước súc miệng,275000.0,4.51,Pharmacity_VN,VND,275000.0,ORD00098,C0098,Ánh Đặng,33,Nữ,275000,2,550000,2026-06-05,Hà Nội,COD
P23056,Nước súc miệng ngừa viêm nướu Kin B5 (Chai 500ml),Kin B5,Nước súc miệng,275000.0,4.51,Pharmacity_VN,VND,275000.0,ORD00330,C0330,Nhật Trần,36,Nữ,275000,2,550000,2026-05-19,Đà Nẵng,Thẻ ngân hàng
P23056,Nước súc miệng ngừa viêm nướu Kin B5 (Chai 500ml),Kin B5,Nước súc miệng,275000.0,4.51,Pharmacity_VN,VND,275000.0,ORD00358,C0358,Dũng Đặng,27,Nam,275000,1,275000,2026-04-04,Hà Nội,Thẻ ngân hàng
OL00414,"Combo 5 Chai  Nước muối sinh lý Pharmacity Natri Clorid 0,9% (1000ml)",nan,Nước súc miệng,100000.0,4.57,Pharmacity_VN,VND,100000.0,ORD00861,C0861,Khoa Đặng,32,Nữ,100000,1,100000,2026-04-03,Cần Thơ,Thẻ ngân hàng
OL00415,"Combo 5 Chai Nước muối sinh lý Pharmacity Natri Clorid 0,9% (500ml)",nan,Nước súc miệng,55000.0,4.56,Pharmacity_VN,VND,55000.0,ORD00097,C0097,Hà Lê,33,Nữ,55000,1,55000,2026-06-16,Cần Thơ,Tiền mặt
OL00415,"Combo 5 Chai Nước muối sinh lý Pharmacity Natri Clorid 0,9% (500ml)",nan,Nước súc miệng,55000.0,4.56,Pharmacity_VN,VND,55000.0,ORD00811,C0811,Quý cô Ngọc Nguyễn,28,Nữ,55000,3,165000,2026-06-15,Hà Nội,Tiền mặt
P00989,Chỉ Nha Khoa ORAL-B Hỗ Trợ Làm Sạch Mảng Bám Trong Kẽ Răng (cuộn 50m),Oral-B,Tăm chỉ nha khoa,51200.0,4.56,Pharmacity_VN,VND,51200.0,ORD00146,C0146,Chị Kim Lê,38,Nam,51200,1,51200,2026-04-19,Đà Nẵng,COD
P01143,Kem đánh răng hương bạc hà the mát Sensodyne (100g),Sensodyne (GSK OTC),Kem đánh răng,53550.0,4.86,Pharmacity_VN,VND,53550.0,ORD00011,C0011,Hà Phú Đặng,25,Nam,53550,2,107100,2026-02-10,Hà Nội,Ví điện tử
P01143,Kem đánh răng hương bạc hà the mát Sensodyne (100g),Sensodyne (GSK OTC),Kem đánh răng,53550.0,4.86,Pharmacity_VN,VND,53550.0,ORD00093,C0093,Bác Hưng Trần,23,Nữ,53550,4,214200,2026-02-17,Cần Thơ,Ví điện tử
P01143,Kem đánh răng hương bạc hà the mát Sensodyne (100g),Sensodyne (GSK OTC),Kem đánh răng,53550.0,4.86,Pharmacity_VN,VND,53550.0,ORD00478,C0478,Quý cô An Lê,33,Nữ,53550,4,214200,2026-02-28,TP. Hồ Chí Minh,Thẻ ngân hàng
P01143,Kem đánh răng hương bạc hà the mát Sensodyne (100g),Sensodyne (GSK OTC),Kem đánh răng,53550.0,4.86,Pharmacity_VN,VND,53550.0,ORD00633,C0633,Quý cô Thảo Vũ,28,Nam,53550,2,107100,2026-08-09,Đà Nẵng,Thẻ ngân hàng
P01143,Kem đánh răng hương bạc hà the mát Sensodyne (100g),Sensodyne (GSK OTC),Kem đánh răng,53550.0,4.86,Pharmacity_VN,VND,53550.0,ORD00726,C0726,Yến Dương,28,Nữ,53550,2,107100,2026-07-02,Đà Nẵng,Tiền mặt
P01949,Kem Đánh Răng SENSODYNE Multi Care Bảo Vệ Toàn Diện (tuýp 100g),Sensodyne (GSK OTC),Kem đánh răng,78000.0,4.57,Pharmacity_VN,VND,78000.0,ORD00141,C0141,Quý ông Anh Phạm,32,Nữ,78000,1,78000,2026-03-09,Đà Nẵng,Thẻ ngân hàng
P03491,Bàn Chải Đánh Răng COLGATE Batman Cho Bé Trai,Colgate,Bàn chải đánh răng,40000.0,4.59,Pharmacity_VN,VND,40000.0,ORD00105,C0105,Hải Hải Vũ,28,Nam,40000,1,40000,2026-06-06,Đà Nẵng,COD
P03491,Bàn Chải Đánh Răng COLGATE Batman Cho Bé Trai,Colgate,Bàn chải đánh răng,40000.0,4.59,Pharmacity_VN,VND,40000.0,ORD00651,C0651,Khoa Hữu Dương,48,Nam,40000,1,40000,2026-09-11,Hà Nội,Ví điện tử
P03491,Bàn Chải Đánh Răng COLGATE Batman Cho Bé Trai,Colgate,Bàn chải đánh răng,40000.0,4.59,Pharmacity_VN,VND,40000.0,ORD00674,C0674,Chị Lâm Hoàng,26,Nam,40000,1,40000,2026-08-16,Đà Nẵng,Tiền mặt
P03491,Bàn Chải Đánh Răng COLGATE Batman Cho Bé Trai,Colgate,Bàn chải đánh răng,40000.0,4.59,Pharmacity_VN,VND,40000.0,ORD00683,C0683,Nhiên Đức Mai,25,Nam,40000,3,120000,2026-07-21,TP. Hồ Chí Minh,Tiền mặt
P03491,Bàn Chải Đánh Răng COLGATE Batman Cho Bé Trai,Colgate,Bàn chải đánh răng,40000.0,4.59,Pharmacity_VN,VND,40000.0,ORD00760,C0760,Bảo Xuân Vũ,37,Nam,40000,2,80000,2026-07-29,Đà Nẵng,Tiền mặt
P03491,Bàn Chải Đánh Răng COLGATE Batman Cho Bé Trai,Colgate,Bàn chải đánh răng,40000.0,4.59,Pharmacity_VN,VND,40000.0,ORD00895,C0895,Ông Hoàng Trần,44,Nam,40000,1,40000,2026-04-17,Hà Nội,COD
P03925,Dụng Cụ Cạo Lưỡi OKAMURA Giúp Làm Sạch Mảng Bám Trên Lưỡi,Okamura,Sản phẩm chăm sóc răng miệng khác,33000.0,4.58,Pharmacity_VN,VND,33000.0,ORD00085,C0085,Lâm Đặng,22,Nam,33000,1,33000,2026-07-07,Hà Nội,Thẻ ngân hàng
P03925,Dụng Cụ Cạo Lưỡi OKAMURA Giúp Làm Sạch Mảng Bám Trên Lưỡi,Okamura,Sản phẩm chăm sóc răng miệng khác,33000.0,4.58,Pharmacity_VN,VND,33000.0,ORD00154,C0154,Nhật Văn Bùi,32,Nữ,33000,2,66000,2026-05-19,TP. Hồ Chí Minh,Tiền mặt
P03925,Dụng Cụ Cạo Lưỡi OKAMURA Giúp Làm Sạch Mảng Bám Trên Lưỡi,Okamura,Sản phẩm chăm sóc răng miệng khác,33000.0,4.58,Pharmacity_VN,VND,33000.0,ORD00258,C0258,Khoa Hoàng,23,Nam,33000,3,99000,2026-09-22,Hà Nội,Tiền mặt
P03925,Dụng Cụ Cạo Lưỡi OKAMURA Giúp Làm Sạch Mảng Bám Trên Lưỡi,Okamura,Sản phẩm chăm sóc răng miệng khác,33000.0,4.58,Pharmacity_VN,VND,33000.0,ORD00571,C0571,Chị Ngọc Mai,30,Nữ,33000,1,33000,2026-09-09,Hải Phòng,COD
P10412,Bàn chải đánh răng trẻ em từ 2 đến 6 tuổi P/S siêu mềm,P/S,Bàn chải đánh răng,19000.0,4.88,Pharmacity_VN,VND,19000.0,ORD00247,C0247,Bà Nhật Dương,25,Nam,19000,2,38000,2026-07-07,TP. Hồ Chí Minh,Thẻ ngân hàng
P10412,Bàn chải đánh răng trẻ em từ 2 đến 6 tuổi P/S siêu mềm,P/S,Bàn chải đánh răng,19000.0,4.88,Pharmacity_VN,VND,19000.0,ORD00405,C0405,Quý cô Chi Mai,25,Nữ,19000,4,76000,2026-01-13,Hà Nội,Tiền mặt
P10412,Bàn chải đánh răng trẻ em từ 2 đến 6 tuổi P/S siêu mềm,P/S,Bàn chải đánh răng,19000.0,4.88,Pharmacity_VN,VND,19000.0,ORD00564,C0564,Khoa Trần,27,Nam,19000,2,38000,2026-02-05,TP. Hồ Chí Minh,Tiền mặt
P10412,Bàn chải đánh răng trẻ em từ 2 đến 6 tuổi P/S siêu mềm,P/S,Bàn chải đánh răng,19000.0,4.88,Pharmacity_VN,VND,19000.0,ORD00781,C0781,Quang Trần,32,Nữ,19000,1,19000,2026-03-25,Hải Phòng,COD
P10412,Bàn chải đánh răng trẻ em từ 2 đến 6 tuổi P/S siêu mềm,P/S,Bàn chải đánh răng,19000.0,4.88,Pharmacity_VN,VND,19000.0,ORD00852,C0852,Quý ông Minh Đặng,24,Nam,19000,1,19000,2026-06-25,TP. Hồ Chí Minh,Ví điện tử
P10412,Bàn chải đánh răng trẻ em từ 2 đến 6 tuổi P/S siêu mềm,P/S,Bàn chải đánh răng,19000.0,4.88,Pharmacity_VN,VND,19000.0,ORD00862,C0862,Phương Nguyễn,18,Nam,19000,1,19000,2026-03-14,Hà Nội,Thẻ ngân hàng
P14241,Kem Đánh Răng COLGATE Tinh Chất Than Tre (tuýp 180g),Colgate,Kem đánh răng,64000.0,4.68,Pharmacity_VN,VND,64000.0,ORD00727,C0727,Quý cô Vi Vũ,30,Nữ,64000,4,256000,2026-07-11,Hà Nội,COD
P14248,Kem Đánh Răng P/S Than Hoạt Tính (tuýp 230g),P/S,Kem đánh răng,54000.0,4.58,Pharmacity_VN,VND,54000.0,ORD00173,C0173,Cô Yến Vũ,29,Nữ,54000,3,162000,2026-09-24,TP. Hồ Chí Minh,Tiền mặt
P14248,Kem Đánh Răng P/S Than Hoạt Tính (tuýp 230g),P/S,Kem đánh răng,54000.0,4.58,Pharmacity_VN,VND,54000.0,ORD00578,C0578,Cô Xuân Lê,38,Nữ,54000,3,162000,2026-01-10,Hà Nội,Tiền mặt
P14248,Kem Đánh Răng P/S Than Hoạt Tính (tuýp 230g),P/S,Kem đánh răng,54000.0,4.58,Pharmacity_VN,VND,54000.0,ORD00947,C0947,Bảo Bảo Dương,18,Nữ,54000,2,108000,2026-02-21,Hải Phòng,COD
P14296,Nước Súc Miệng THÁI DƯƠNG Valentine (chai 500ml),Thai Duong,Nước súc miệng,60000.0,4.94,Pharmacity_VN,VND,60000.0,ORD00431,C0431,Tùng Đức Mai,18,Nam,60000,2,120000,2026-07-06,Đà Nẵng,Ví điện tử
P14296,Nước Súc Miệng THÁI DƯƠNG Valentine (chai 500ml),Thai Duong,Nước súc miệng,60000.0,4.94,Pharmacity_VN,VND,60000.0,ORD00588,C0588,Quý cô Kim Mai,22,Nữ,60000,3,180000,2026-04-03,Đà Nẵng,Tiền mặt
P14296,Nước Súc Miệng THÁI DƯƠNG Valentine (chai 500ml),Thai Duong,Nước súc miệng,60000.0,4.94,Pharmacity_VN,VND,60000.0,ORD00698,C0698,Hà Vũ,18,Nữ,60000,1,60000,2026-08-29,TP. Hồ Chí Minh,Ví điện tử
P14296,Nước Súc Miệng THÁI DƯƠNG Valentine (chai 500ml),Thai Duong,Nước súc miệng,60000.0,4.94,Pharmacity_VN,VND,60000.0,ORD00722,C0722,Thành Thế Dương,18,Nữ,60000,3,180000,2026-02-18,TP. Hồ Chí Minh,Tiền mặt
P10952,Bàn Chải Đánh Răng SENSODYNE Multi Care Dành Cho Răng Nhạy Cảm,Sensodyne (GSK OTC),Bàn chải đánh răng,39500.0,4.67,Pharmacity_VN,VND,39500.0,ORD00250,C0250,Vân Bùi,34,Nam,39500,1,39500,2026-05-07,Hà Nội,Thẻ ngân hàng
P10952,Bàn Chải Đánh Răng SENSODYNE Multi Care Dành Cho Răng Nhạy Cảm,Sensodyne (GSK OTC),Bàn chải đánh răng,39500.0,4.67,Pharmacity_VN,VND,39500.0,ORD00667,C0667,Mai Mai,27,Nữ,39500,3,118500,2026-01-30,Hà Nội,Tiền mặt
P10952,Bàn Chải Đánh Răng SENSODYNE Multi Care Dành Cho Răng Nhạy Cảm,Sensodyne (GSK OTC),Bàn chải đánh răng,39500.0,4.67,Pharmacity_VN,VND,39500.0,ORD00836,C0836,Phương Thế Mai,32,Nam,39500,1,39500,2026-05-30,Cần Thơ,COD
P10952,Bàn Chải Đánh Răng SENSODYNE Multi Care Dành Cho Răng Nhạy Cảm,Sensodyne (GSK OTC),Bàn chải đánh răng,39500.0,4.67,Pharmacity_VN,VND,39500.0,ORD00888,C0888,Hà Lê,26,Nam,39500,1,39500,2026-06-23,TP. Hồ Chí Minh,Ví điện tử
P10766,Nước Muối VĨNH PHÚC Natri Clorid 0.9% chai làm sạch răng miệng (500ml),Vinh Phuc,Nước súc miệng,10000.0,4.99,Pharmacity_VN,VND,10000.0,ORD00205,C0205,An Hoàng,18,Nữ,10000,2,20000,2026-04-02,TP. Hồ Chí Minh,Ví điện tử
P10766,Nước Muối VĨNH PHÚC Natri Clorid 0.9% chai làm sạch răng miệng (500ml),Vinh Phuc,Nước súc miệng,10000.0,4.99,Pharmacity_VN,VND,10000.0,ORD00219,C0219,Cô Kim Dương,25,Nam,10000,1,10000,2026-01-22,TP. Hồ Chí Minh,COD
P10766,Nước Muối VĨNH PHÚC Natri Clorid 0.9% chai làm sạch răng miệng (500ml),Vinh Phuc,Nước súc miệng,10000.0,4.99,Pharmacity_VN,VND,10000.0,ORD00251,C0251,Lâm Trần,18,Nam,10000,3,30000,2026-09-14,Hà Nội,Thẻ ngân hàng
P12662,Dụng Cụ Vệ Sinh Lưỡi BEAUTY FORMULAS Giúp Làm Sạch Mảng Bám Trên Lưỡi,Beauty Fomulas,Sản phẩm chăm sóc răng miệng khác,68500.0,4.86,Pharmacity_VN,VND,68500.0,ORD00390,C0390,Cô Lan Vũ,24,Nữ,68500,3,205500,2026-03-06,Đà Nẵng,Ví điện tử
P12662,Dụng Cụ Vệ Sinh Lưỡi BEAUTY FORMULAS Giúp Làm Sạch Mảng Bám Trên Lưỡi,Beauty Fomulas,Sản phẩm chăm sóc răng miệng khác,68500.0,4.86,Pharmacity_VN,VND,68500.0,ORD00966,C0966,Quý ông Anh Trần,44,Nam,68500,2,137000,2026-03-17,Hà Nội,COD
P12633,Kem Đánh Răng P/S Trẻ Em Từ 2-6 Tuổi Hương Dâu và Trái Cây (tuýp 45g),P/S,Kem đánh răng,21500.0,4.89,Pharmacity_VN,VND,21500.0,ORD00148,C0148,Tùng Mai Bùi,18,Nữ,21500,1,21500,2026-09-07,Hà Nội,COD
P12633,Kem Đánh Răng P/S Trẻ Em Từ 2-6 Tuổi Hương Dâu và Trái Cây (tuýp 45g),P/S,Kem đánh răng,21500.0,4.89,Pharmacity_VN,VND,21500.0,ORD00346,C0346,Hà Bùi,32,Nữ,21500,3,64500,2026-08-06,TP. Hồ Chí Minh,COD
P12633,Kem Đánh Răng P/S Trẻ Em Từ 2-6 Tuổi Hương Dâu và Trái Cây (tuýp 45g),P/S,Kem đánh răng,21500.0,4.89,Pharmacity_VN,VND,21500.0,ORD00659,C0659,Quý cô Vân Đặng,32,Nam,21500,5,107500,2026-04-13,Hải Phòng,Ví điện tử
P12633,Kem Đánh Răng P/S Trẻ Em Từ 2-6 Tuổi Hương Dâu và Trái Cây (tuýp 45g),P/S,Kem đánh răng,21500.0,4.89,Pharmacity_VN,VND,21500.0,ORD00816,C0816,Hoàng Bùi,18,Nam,21500,1,21500,2026-08-18,Hải Phòng,Thẻ ngân hàng
P15979,Kem Đánh Răng SENSODYNE Rapid Action Giúp Giảm Ê Buốt Nhanh (Tuýp 100g),Sensodyne (GSK OTC),Kem đánh răng,108000.0,4.62,Pharmacity_VN,VND,108000.0,ORD00855,C0855,Khoa Trần,44,Nữ,108000,1,108000,2026-02-23,Đà Nẵng,Tiền mặt
P17527,Kem Đánh Răng SENSODYNE Gentle Whitening Trắng Sáng (tuýp 160g),Sensodyne (GSK OTC),Kem đánh răng,90950.0,4.79,Pharmacity_VN,VND,90950.0,ORD00529,C0529,Quý ông Khoa Mai,33,Nam,90950,2,181900,2026-06-18,Hà Nội,Thẻ ngân hàng
P17527,Kem Đánh Răng SENSODYNE Gentle Whitening Trắng Sáng (tuýp 160g),Sensodyne (GSK OTC),Kem đánh răng,90950.0,4.79,Pharmacity_VN,VND,90950.0,ORD00814,C0814,Nhật Trần,32,Nữ,90950,5,454750,2026-08-07,Hà Nội,Ví điện tử
P17527,Kem Đánh Răng SENSODYNE Gentle Whitening Trắng Sáng (tuýp 160g),Sensodyne (GSK OTC),Kem đánh răng,90950.0,4.79,Pharmacity_VN,VND,90950.0,ORD00956,C0956,Bảo Thị Trần,41,Nữ,90950,4,363800,2026-08-01,TP. Hồ Chí Minh,Thẻ ngân hàng
P17554,Nước Súc Miệng LISTERINE Green Tea Cho Răng Chắc Khỏe (Chai 750ml),Listerine,Nước súc miệng,187000.0,4.94,Pharmacity_VN,VND,187000.0,ORD00383,C0383,Bác Vũ Bùi,18,Nam,187000,1,187000,2026-08-04,Hà Nội,COD
P17554,Nước Súc Miệng LISTERINE Green Tea Cho Răng Chắc Khỏe (Chai 750ml),Listerine,Nước súc miệng,187000.0,4.94,Pharmacity_VN,VND,187000.0,ORD00738,C0738,Nhật Trí Đặng,40,Nam,187000,5,935000,2026-09-04,TP. Hồ Chí Minh,Ví điện tử
P17299,Kem đánh răng Colgate ngừa sâu răng hương bạc hà 225g,Colgate,Kem đánh răng,46000.0,4.72,Pharmacity_VN,VND,46000.0,ORD00129,C0129,Hạnh Mai,31,Nữ,46000,5,230000,2026-06-19,TP. Hồ Chí Minh,Ví điện tử
P17299,Kem đánh răng Colgate ngừa sâu răng hương bạc hà 225g,Colgate,Kem đánh răng,46000.0,4.72,Pharmacity_VN,VND,46000.0,ORD00168,C0168,Quý cô Yến Vũ,49,Nữ,46000,2,92000,2026-06-13,Hà Nội,Tiền mặt
P17299,Kem đánh răng Colgate ngừa sâu răng hương bạc hà 225g,Colgate,Kem đánh răng,46000.0,4.72,Pharmacity_VN,VND,46000.0,ORD00175,C0175,Tùng Bảo Đặng,33,Nữ,46000,2,92000,2026-02-16,TP. Hồ Chí Minh,Thẻ ngân hàng
P17299,Kem đánh răng Colgate ngừa sâu răng hương bạc hà 225g,Colgate,Kem đánh răng,46000.0,4.72,Pharmacity_VN,VND,46000.0,ORD00203,C0203,Bà An Nguyễn,41,Nữ,46000,1,46000,2026-08-07,Hà Nội,Thẻ ngân hàng
P18080,Nước Súc Miệng Trẻ Em LISTERINE Vị Không Cay (Chai 250ml),Listerine,Nước súc miệng,57000.0,4.72,Pharmacity_VN,VND,57000.0,ORD00211,C0211,Chị Khoa Vũ,36,Nam,57000,2,114000,2026-04-26,TP. Hồ Chí Minh,Tiền mặt
P18080,Nước Súc Miệng Trẻ Em LISTERINE Vị Không Cay (Chai 250ml),Listerine,Nước súc miệng,57000.0,4.72,Pharmacity_VN,VND,57000.0,ORD00228,C0228,Bác Thành Vũ,19,Nữ,57000,1,57000,2026-02-04,Đà Nẵng,Thẻ ngân hàng
P18080,Nước Súc Miệng Trẻ Em LISTERINE Vị Không Cay (Chai 250ml),Listerine,Nước súc miệng,57000.0,4.72,Pharmacity_VN,VND,57000.0,ORD00326,C0326,Cô Hải Nguyễn,18,Nữ,57000,1,57000,2026-03-29,TP. Hồ Chí Minh,Ví điện tử
P18080,Nước Súc Miệng Trẻ Em LISTERINE Vị Không Cay (Chai 250ml),Listerine,Nước súc miệng,57000.0,4.72,Pharmacity_VN,VND,57000.0,ORD00412,C0412,Bà Hạnh Bùi,19,Nữ,57000,1,57000,2026-04-12,TP. Hồ Chí Minh,Thẻ ngân hàng
P18080,Nước Súc Miệng Trẻ Em LISTERINE Vị Không Cay (Chai 250ml),Listerine,Nước súc miệng,57000.0,4.72,Pharmacity_VN,VND,57000.0,ORD00692,C0692,Hưng Đức Bùi,42,Nữ,57000,1,57000,2026-09-30,Đà Nẵng,COD
P18080,Nước Súc Miệng Trẻ Em LISTERINE Vị Không Cay (Chai 250ml),Listerine,Nước súc miệng,57000.0,4.72,Pharmacity_VN,VND,57000.0,ORD00822,C0822,Khoa Bùi,44,Nam,57000,2,114000,2026-05-14,Hà Nội,Thẻ ngân hàng
P25106,Nước Súc Miệng LISTERINE Total Care Sensitive Cho Răng Nhạy Cảm (Chai 250ml),Listerine,Nước súc miệng,84000.0,4.94,Pharmacity_VN,VND,84000.0,ORD00221,C0221,Khoa Dương,53,Nữ,84000,2,168000,2026-06-20,Hà Nội,Tiền mặt
P24604,Kem đánh răng P/S trà xanh (Tuýp 230g),P/S,Kem đánh răng,44805.0,4.76,Pharmacity_VN,VND,44805.0,ORD00728,C0728,Kim Dương,33,Nam,44805,1,44805,2026-03-06,Đà Nẵng,COD
P24604,Kem đánh răng P/S trà xanh (Tuýp 230g),P/S,Kem đánh răng,44805.0,4.76,Pharmacity_VN,VND,44805.0,ORD00999,C0999,Lâm Dương,24,Nữ,44805,1,44805,2026-02-16,TP. Hồ Chí Minh,Tiền mặt
P29592,"Pharmacity Nước muối sinh lý Natri Clorid 0,9% Hương chanh (Chai 500ml)",Pharmacity,Nước súc miệng,18000.0,4.77,Pharmacity_VN,VND,18000.0,ORD00033,C0033,Hải Mai,30,Nữ,18000,2,36000,2026-09-07,Hà Nội,Ví điện tử
P29592,"Pharmacity Nước muối sinh lý Natri Clorid 0,9% Hương chanh (Chai 500ml)",Pharmacity,Nước súc miệng,18000.0,4.77,Pharmacity_VN,VND,18000.0,ORD00945,C0945,Nhật Nguyễn,48,Nam,18000,3,54000,2026-06-02,Hà Nội,Tiền mặt
P29595,"Pharmacity Nước muối sinh lý Natri Clorid 0,9% Hương bạc hà (Chai 500ml)",Pharmacity,Nước súc miệng,18000.0,4.77,Pharmacity_VN,VND,18000.0,ORD00099,C0099,Quý cô Bảo Nguyễn,30,Nữ,18000,1,18000,2026-01-07,Hà Nội,Ví điện tử
P29595,"Pharmacity Nước muối sinh lý Natri Clorid 0,9% Hương bạc hà (Chai 500ml)",Pharmacity,Nước súc miệng,18000.0,4.77,Pharmacity_VN,VND,18000.0,ORD00176,C0176,Phương Đặng,38,Nam,18000,2,36000,2026-05-20,Đà Nẵng,COD
P29595,"Pharmacity Nước muối sinh lý Natri Clorid 0,9% Hương bạc hà (Chai 500ml)",Pharmacity,Nước súc miệng,18000.0,4.77,Pharmacity_VN,VND,18000.0,ORD00547,C0547,Dũng Đức Bùi,36,Nữ,18000,1,18000,2026-09-02,Cần Thơ,Ví điện tử
P29619,Kem Đánh Răng Marvis Whitening Mint Vị Bạc Hà hỗ trợ sạch mảng bám & trắng răng tự nhiên (85ml),Marvis,Kem đánh răng,195300.0,4.89,Pharmacity_VN,VND,195300.0,ORD00380,C0380,Khoa Hữu Bùi,22,Nữ,195300,1,195300,2026-06-22,TP. Hồ Chí Minh,Thẻ ngân hàng
P29619,Kem Đánh Răng Marvis Whitening Mint Vị Bạc Hà hỗ trợ sạch mảng bám & trắng răng tự nhiên (85ml),Marvis,Kem đánh răng,195300.0,4.89,Pharmacity_VN,VND,195300.0,ORD00568,C0568,Châu Phạm,20,Nữ,195300,2,390600,2026-06-20,Đà Nẵng,Ví điện tử
OL00014,Combo trắng răng Eucryl Bạc Hà,Eucryl,Kem đánh răng,118800.0,4.86,Pharmacity_VN,VND,118800.0,ORD00540,C0540,Phương Thị Nguyễn,24,Nam,118800,2,237600,2026-06-03,Hà Nội,Ví điện tử
OL00014,Combo trắng răng Eucryl Bạc Hà,Eucryl,Kem đánh răng,118800.0,4.86,Pharmacity_VN,VND,118800.0,ORD00731,C0731,Quý ông Nhiên Bùi,32,Nữ,118800,2,237600,2026-02-01,Hà Nội,Ví điện tử
OL00014,Combo trắng răng Eucryl Bạc Hà,Eucryl,Kem đánh răng,118800.0,4.86,Pharmacity_VN,VND,118800.0,ORD00889,C0889,Trọng Nguyễn,36,Nam,118800,2,237600,2026-04-01,Hà Nội,COD
P11371,Kem đánh răng CLOSE UP than hoạt tính Detox (Tuýp 180g),Close up,Kem đánh răng,41860.0,4.7,Pharmacity_VN,VND,41860.0,ORD00277,C0277,Khoa Xuân Lê,32,Nam,41860,2,83720,2026-07-03,TP. Hồ Chí Minh,Thẻ ngân hàng
P11371,Kem đánh răng CLOSE UP than hoạt tính Detox (Tuýp 180g),Close up,Kem đánh răng,41860.0,4.7,Pharmacity_VN,VND,41860.0,ORD00863,C0863,Chị Phương Nguyễn,45,Nữ,41860,1,41860,2026-09-05,TP. Hồ Chí Minh,Ví điện tử
P23089,Nước Súc Miệng LISTERINE Gum Care Giúp Nướu Chắc Khỏe (Chai 750ml),Listerine,Nước súc miệng,153900.0,4.85,Pharmacity_VN,VND,153900.0,ORD00169,C0169,Phúc Đức Lê,28,Nam,153900,5,769500,2026-05-27,TP. Hồ Chí Minh,Tiền mặt
P26443,Bộ Đôi Bàn Chải Đánh Răng COLGATE Cushion Clean Charcoal,Colgate,Bàn chải đánh răng,90000.0,4.55,Pharmacity_VN,VND,90000.0,ORD00058,C0058,Ông Tú Nguyễn,27,Nữ,90000,2,180000,2026-02-20,Hà Nội,Ví điện tử
P26443,Bộ Đôi Bàn Chải Đánh Răng COLGATE Cushion Clean Charcoal,Colgate,Bàn chải đánh răng,90000.0,4.55,Pharmacity_VN,VND,90000.0,ORD00631,C0631,Nhiên Tấn Phạm,18,Nữ,90000,2,180000,2026-04-26,TP. Hồ Chí Minh,COD
P26443,Bộ Đôi Bàn Chải Đánh Răng COLGATE Cushion Clean Charcoal,Colgate,Bàn chải đánh răng,90000.0,4.55,Pharmacity_VN,VND,90000.0,ORD00780,C0780,Hưng Dương,36,Nam,90000,3,270000,2026-05-21,TP. Hồ Chí Minh,Thẻ ngân hàng
P26443,Bộ Đôi Bàn Chải Đánh Răng COLGATE Cushion Clean Charcoal,Colgate,Bàn chải đánh răng,90000.0,4.55,Pharmacity_VN,VND,90000.0,ORD00879,C0879,Hồng Lê,30,Nam,90000,1,90000,2026-03-02,TP. Hồ Chí Minh,Ví điện tử
P26446,Kem đánh răng Sensodyne Deep Clean 100g,Sensodyne (GSK OTC),Kem đánh răng,68640.0,4.98,Pharmacity_VN,VND,68640.0,ORD00185,C0185,Thành Văn Dương,28,Nam,68640,3,205920,2026-03-11,TP. Hồ Chí Minh,Thẻ ngân hàng
P18064,"Kem đánh răng COLGATE Optic White Volcanic Mineral làm sáng răng, loại bỏ các vết ố màu (Tuýp 100g)",Colgate,Kem đánh răng,46750.0,4.79,Pharmacity_VN,VND,46750.0,ORD00045,C0045,Minh Hoàng,18,Nam,46750,1,46750,2026-05-27,Đà Nẵng,COD
P17508,Bộ Đôi Bàn Chải Đánh Răng COLGATE SlimSoft Advanced Siêu Mềm Mảnh,Colgate,Bàn chải đánh răng,81000.0,4.95,Pharmacity_VN,VND,81000.0,ORD00451,C0451,Quý cô Lan Trần,29,Nữ,81000,1,81000,2026-06-09,TP. Hồ Chí Minh,COD
P17508,Bộ Đôi Bàn Chải Đánh Răng COLGATE SlimSoft Advanced Siêu Mềm Mảnh,Colgate,Bàn chải đánh răng,81000.0,4.95,Pharmacity_VN,VND,81000.0,ORD00583,C0583,Quý ông Hoàng Mai,36,Nữ,81000,1,81000,2026-06-04,TP. Hồ Chí Minh,COD
P20092,Bàn Chải Đánh Răng SENSODYNE Sensitive & Gum Soft Lông Tơ Mềm Mại,Sensodyne (GSK OTC),Bàn chải đánh răng,57600.0,4.99,Pharmacity_VN,VND,57600.0,ORD00262,C0262,Quý cô Mai Bùi,29,Nữ,57600,1,57600,2026-09-16,TP. Hồ Chí Minh,Thẻ ngân hàng
P20092,Bàn Chải Đánh Răng SENSODYNE Sensitive & Gum Soft Lông Tơ Mềm Mại,Sensodyne (GSK OTC),Bàn chải đánh răng,57600.0,4.99,Pharmacity_VN,VND,57600.0,ORD00455,C0455,Thành Phạm,25,Nam,57600,2,115200,2026-02-14,Hà Nội,COD
P20092,Bàn Chải Đánh Răng SENSODYNE Sensitive & Gum Soft Lông Tơ Mềm Mại,Sensodyne (GSK OTC),Bàn chải đánh răng,57600.0,4.99,Pharmacity_VN,VND,57600.0,ORD00556,C0556,Chị Phương Đặng,26,Nữ,57600,3,172800,2026-03-25,Đà Nẵng,COD
P20092,Bàn Chải Đánh Răng SENSODYNE Sensitive & Gum Soft Lông Tơ Mềm Mại,Sensodyne (GSK OTC),Bàn chải đánh răng,57600.0,4.99,Pharmacity_VN,VND,57600.0,ORD00600,C0600,Chị Dương Hoàng,34,Nữ,57600,2,115200,2026-06-30,TP. Hồ Chí Minh,Ví điện tử
P20092,Bàn Chải Đánh Răng SENSODYNE Sensitive & Gum Soft Lông Tơ Mềm Mại,Sensodyne (GSK OTC),Bàn chải đánh răng,57600.0,4.99,Pharmacity_VN,VND,57600.0,ORD00980,C0980,Hồng Trần,38,Nữ,57600,2,115200,2026-04-18,TP. Hồ Chí Minh,COD
P09600,Băng vệ sinh Diana Sensi Cool Fresh Siêu thấm có cánh 23cm (8 miếng),Diana,Băng vệ sinh,27000.0,4.89,Pharmacity_VN,VND,27000.0,ORD00653,C0653,Quý ông Tú Dương,27,Nữ,27000,1,27000,2026-06-18,Đà Nẵng,Thẻ ngân hàng
P09600,Băng vệ sinh Diana Sensi Cool Fresh Siêu thấm có cánh 23cm (8 miếng),Diana,Băng vệ sinh,27000.0,4.89,Pharmacity_VN,VND,27000.0,ORD00976,C0976,Quý cô Thảo Trần,18,Nam,27000,1,27000,2026-09-04,Hà Nội,COD
P03249,Băng Vệ Sinh DIANA Siêu Thấm Cánh (8 Miếng),Diana,Băng vệ sinh,27500.0,4.76,Pharmacity_VN,VND,27500.0,ORD00581,C0581,Thảo Hoàng,33,Nam,27500,2,55000,2026-09-05,Hà Nội,Tiền mặt
P03249,Băng Vệ Sinh DIANA Siêu Thấm Cánh (8 Miếng),Diana,Băng vệ sinh,27500.0,4.76,Pharmacity_VN,VND,27500.0,ORD00590,C0590,Chị Nhật Đặng,21,Nam,27500,1,27500,2026-04-27,Hải Phòng,Thẻ ngân hàng
P03249,Băng Vệ Sinh DIANA Siêu Thấm Cánh (8 Miếng),Diana,Băng vệ sinh,27500.0,4.76,Pharmacity_VN,VND,27500.0,ORD00936,C0936,Khoa Lê,25,Nữ,27500,1,27500,2026-04-19,Hải Phòng,COD
P04720,Băng Vệ Sinh Hằng Ngày KOTEX Hương Tự Nhiên (20 Miếng),Kotex,Băng vệ sinh,21000.0,4.93,Pharmacity_VN,VND,21000.0,ORD00880,C0880,Bà Thảo Đặng,42,Nữ,21000,3,63000,2026-06-10,TP. Hồ Chí Minh,Thẻ ngân hàng
P04720,Băng Vệ Sinh Hằng Ngày KOTEX Hương Tự Nhiên (20 Miếng),Kotex,Băng vệ sinh,21000.0,4.93,Pharmacity_VN,VND,21000.0,ORD00948,C0948,Thành Hữu Trần,23,Nam,21000,5,105000,2026-06-02,TP. Hồ Chí Minh,COD
P04801,Băng Vệ Sinh Kháng Khuẩn Hàng Ngày DIANA SENSI (8 Miếng),Diana,Băng vệ sinh,10000.0,4.99,Pharmacity_VN,VND,10000.0,ORD00094,C0094,Hạnh Thị Nguyễn,27,Nam,10000,1,10000,2026-06-09,TP. Hồ Chí Minh,Ví điện tử
P04801,Băng Vệ Sinh Kháng Khuẩn Hàng Ngày DIANA SENSI (8 Miếng),Diana,Băng vệ sinh,10000.0,4.99,Pharmacity_VN,VND,10000.0,ORD00106,C0106,Cô Kim Nguyễn,34,Nữ,10000,1,10000,2026-07-21,Cần Thơ,COD
P04801,Băng Vệ Sinh Kháng Khuẩn Hàng Ngày DIANA SENSI (8 Miếng),Diana,Băng vệ sinh,10000.0,4.99,Pharmacity_VN,VND,10000.0,ORD00287,C0287,Nhiên Thế Vũ,28,Nữ,10000,2,20000,2026-08-21,Hải Phòng,Ví điện tử
P04801,Băng Vệ Sinh Kháng Khuẩn Hàng Ngày DIANA SENSI (8 Miếng),Diana,Băng vệ sinh,10000.0,4.99,Pharmacity_VN,VND,10000.0,ORD00312,C0312,Khoa Trí Bùi,41,Nam,10000,3,30000,2026-09-21,TP. Hồ Chí Minh,Ví điện tử
P04801,Băng Vệ Sinh Kháng Khuẩn Hàng Ngày DIANA SENSI (8 Miếng),Diana,Băng vệ sinh,10000.0,4.99,Pharmacity_VN,VND,10000.0,ORD00765,C0765,Quý cô Kim Lê,41,Nữ,10000,1,10000,2026-02-22,TP. Hồ Chí Minh,COD
P04801,Băng Vệ Sinh Kháng Khuẩn Hàng Ngày DIANA SENSI (8 Miếng),Diana,Băng vệ sinh,10000.0,4.99,Pharmacity_VN,VND,10000.0,ORD00813,C0813,Ông Quang Bùi,44,Nam,10000,1,10000,2026-06-03,Cần Thơ,Thẻ ngân hàng
P04801,Băng Vệ Sinh Kháng Khuẩn Hàng Ngày DIANA SENSI (8 Miếng),Diana,Băng vệ sinh,10000.0,4.99,Pharmacity_VN,VND,10000.0,ORD00965,C0965,Hạnh Bùi,29,Nam,10000,3,30000,2026-03-28,Hà Nội,Thẻ ngân hàng
P11374,Băng vệ sinh Diana siêu thấm siêu mỏng cánh (Gói 20 miếng),Diana,Băng vệ sinh,47600.0,4.55,Pharmacity_VN,VND,47600.0,ORD00032,C0032,Bác Tùng Nguyễn,49,Nữ,47600,3,142800,2026-04-13,TP. Hồ Chí Minh,Thẻ ngân hàng
P11374,Băng vệ sinh Diana siêu thấm siêu mỏng cánh (Gói 20 miếng),Diana,Băng vệ sinh,47600.0,4.55,Pharmacity_VN,VND,47600.0,ORD00423,C0423,Hồng Đặng,28,Nam,47600,5,238000,2026-06-05,Hải Phòng,Thẻ ngân hàng
P11374,Băng vệ sinh Diana siêu thấm siêu mỏng cánh (Gói 20 miếng),Diana,Băng vệ sinh,47600.0,4.55,Pharmacity_VN,VND,47600.0,ORD00630,C0630,Quang Hoàng,41,Nữ,47600,1,47600,2026-08-30,Hà Nội,Tiền mặt
P11374,Băng vệ sinh Diana siêu thấm siêu mỏng cánh (Gói 20 miếng),Diana,Băng vệ sinh,47600.0,4.55,Pharmacity_VN,VND,47600.0,ORD00737,C0737,Chị Chi Đặng,33,Nữ,47600,1,47600,2026-07-08,Hải Phòng,Thẻ ngân hàng
P11374,Băng vệ sinh Diana siêu thấm siêu mỏng cánh (Gói 20 miếng),Diana,Băng vệ sinh,47600.0,4.55,Pharmacity_VN,VND,47600.0,ORD00868,C0868,Quý cô Linh Hoàng,33,Nam,47600,3,142800,2026-07-31,TP. Hồ Chí Minh,COD
P12843,Băng vệ sinh ban đêm dạng quần Diana Super Night Size S-M (2 chiếc/gói),Diana,Băng vệ sinh,44000.0,4.85,Pharmacity_VN,VND,44000.0,ORD00321,C0321,Chị Vi Hoàng,31,Nữ,44000,5,220000,2026-08-29,Cần Thơ,Ví điện tử
P12843,Băng vệ sinh ban đêm dạng quần Diana Super Night Size S-M (2 chiếc/gói),Diana,Băng vệ sinh,44000.0,4.85,Pharmacity_VN,VND,44000.0,ORD00345,C0345,Quý cô Hà Trần,25,Nam,44000,2,88000,2026-07-05,Cần Thơ,Thẻ ngân hàng
P12843,Băng vệ sinh ban đêm dạng quần Diana Super Night Size S-M (2 chiếc/gói),Diana,Băng vệ sinh,44000.0,4.85,Pharmacity_VN,VND,44000.0,ORD00577,C0577,Xuân Trần,32,Nữ,44000,2,88000,2026-06-22,Đà Nẵng,COD
P12846,Tã dán siêu thấm cho người lớn Caryn size XL (Gói 10 miếng),Caryn,Tã dán,159000.0,4.98,Pharmacity_VN,VND,159000.0,ORD00155,C0155,Thành Xuân Dương,33,Nam,159000,1,159000,2026-09-30,Hà Nội,Tiền mặt
P12846,Tã dán siêu thấm cho người lớn Caryn size XL (Gói 10 miếng),Caryn,Tã dán,159000.0,4.98,Pharmacity_VN,VND,159000.0,ORD00269,C0269,Trọng Hữu Trần,26,Nữ,159000,3,477000,2026-01-16,TP. Hồ Chí Minh,COD
P12846,Tã dán siêu thấm cho người lớn Caryn size XL (Gói 10 miếng),Caryn,Tã dán,159000.0,4.98,Pharmacity_VN,VND,159000.0,ORD00952,C0952,Hà Đặng,34,Nữ,159000,3,477000,2026-02-05,Hà Nội,COD
P14041,Băng vệ sinh siêu mỏng mát lạnh Diana Sensi Cool Fresh (Gói 20 miếng),Diana,Băng vệ sinh,61000.0,4.99,Pharmacity_VN,VND,61000.0,ORD00426,C0426,Châu Phạm,44,Nam,61000,1,61000,2026-04-14,Hà Nội,Thẻ ngân hàng
P14041,Băng vệ sinh siêu mỏng mát lạnh Diana Sensi Cool Fresh (Gói 20 miếng),Diana,Băng vệ sinh,61000.0,4.99,Pharmacity_VN,VND,61000.0,ORD00872,C0872,Nam Hữu Vũ,22,Nữ,61000,1,61000,2026-05-31,Hải Phòng,COD
P17786,Cốc nguyệt san siêu mềm BeU Cup,Beucup,Băng vệ sinh,399200.0,4.68,Pharmacity_VN,VND,399200.0,ORD00152,C0152,Thành Bùi,33,Nữ,399200,3,1197600,2026-05-05,Hà Nội,Ví điện tử
P17786,Cốc nguyệt san siêu mềm BeU Cup,Beucup,Băng vệ sinh,399200.0,4.68,Pharmacity_VN,VND,399200.0,ORD00594,C0594,Quang Thị Trần,33,Nữ,399200,5,1996000,2026-04-23,Hà Nội,Thẻ ngân hàng
P18208,Băng vệ sinh ban đêm siêu thấm có cánh Diana Supernight 35cm (Gói 12 miếng),Diana,Băng vệ sinh,83000.0,4.96,Pharmacity_VN,VND,83000.0,ORD00021,C0021,Hạnh Hải Đặng,45,Nữ,83000,2,166000,2026-02-15,TP. Hồ Chí Minh,Ví điện tử
P18208,Băng vệ sinh ban đêm siêu thấm có cánh Diana Supernight 35cm (Gói 12 miếng),Diana,Băng vệ sinh,83000.0,4.96,Pharmacity_VN,VND,83000.0,ORD00601,C0601,Phương Dương,38,Nam,83000,2,166000,2026-04-01,Hải Phòng,Thẻ ngân hàng
P21582,Dung dịch vệ sinh phụ nữ cao cấp hằng ngày Femfresh Daily Intimate Wash (250ml),Femfresh,Dung dịch vệ sinh phụ nữ,186000.0,4.82,Pharmacity_VN,VND,186000.0,ORD00212,C0212,Lâm Trần,41,Nữ,186000,2,372000,2026-08-13,Hà Nội,Ví điện tử
P21582,Dung dịch vệ sinh phụ nữ cao cấp hằng ngày Femfresh Daily Intimate Wash (250ml),Femfresh,Dung dịch vệ sinh phụ nữ,186000.0,4.82,Pharmacity_VN,VND,186000.0,ORD00285,C0285,Bác Trung Bùi,51,Nữ,186000,1,186000,2026-08-19,Đà Nẵng,Tiền mặt
P21582,Dung dịch vệ sinh phụ nữ cao cấp hằng ngày Femfresh Daily Intimate Wash (250ml),Femfresh,Dung dịch vệ sinh phụ nữ,186000.0,4.82,Pharmacity_VN,VND,186000.0,ORD00831,C0831,Dũng Trí Bùi,18,Nữ,186000,2,372000,2026-03-06,TP. Hồ Chí Minh,Thẻ ngân hàng
P21582,Dung dịch vệ sinh phụ nữ cao cấp hằng ngày Femfresh Daily Intimate Wash (250ml),Femfresh,Dung dịch vệ sinh phụ nữ,186000.0,4.82,Pharmacity_VN,VND,186000.0,ORD00912,C0912,Quý ông Quang Hoàng,32,Nữ,186000,3,558000,2026-01-18,Hà Nội,COD
P21582,Dung dịch vệ sinh phụ nữ cao cấp hằng ngày Femfresh Daily Intimate Wash (250ml),Femfresh,Dung dịch vệ sinh phụ nữ,186000.0,4.82,Pharmacity_VN,VND,186000.0,ORD00940,C0940,Nhật Lê,24,Nam,186000,2,372000,2026-05-09,TP. Hồ Chí Minh,Thẻ ngân hàng
P23144,Băng vệ sinh siêu mỏng không cánh Diana Sensi Cool Fresh (Gói 20 miếng),Diana,Băng vệ sinh,58000.0,4.74,Pharmacity_VN,VND,58000.0,ORD00081,C0081,Bảo Thế Dương,28,Nữ,58000,1,58000,2026-04-09,Hà Nội,Ví điện tử
P23144,Băng vệ sinh siêu mỏng không cánh Diana Sensi Cool Fresh (Gói 20 miếng),Diana,Băng vệ sinh,58000.0,4.74,Pharmacity_VN,VND,58000.0,ORD00927,C0927,Ông Dũng Hoàng,24,Nam,58000,1,58000,2026-01-03,Cần Thơ,Thẻ ngân hàng
P23803,Băng vệ sinh Kotex Max Cool  siêu mỏng có cánh 23cm (20 miếng),Kotex,Băng vệ sinh,58000.0,4.8,Pharmacity_VN,VND,58000.0,ORD00128,C0128,Quý cô Vi Lê,24,Nữ,58000,1,58000,2026-02-06,Cần Thơ,COD
P19284,Dung Dịch Vệ Sinh Saforelle Soin Lavant Ultra Hydratant  (chai 100ml),Saforelle,Dung dịch vệ sinh phụ nữ,175000.0,4.51,Pharmacity_VN,VND,175000.0,ORD00505,C0505,Bà Lan Vũ,23,Nam,175000,4,700000,2026-08-12,Đà Nẵng,Thẻ ngân hàng
P19284,Dung Dịch Vệ Sinh Saforelle Soin Lavant Ultra Hydratant  (chai 100ml),Saforelle,Dung dịch vệ sinh phụ nữ,175000.0,4.51,Pharmacity_VN,VND,175000.0,ORD00995,C0995,Khoa Thế Vũ,20,Nữ,175000,2,350000,2026-01-11,Đà Nẵng,COD
P29282,Băng quần ban đêm Kotex Herbal size M-L (2 miếng/gói),Kotex,Băng vệ sinh,42000.0,4.61,Pharmacity_VN,VND,42000.0,ORD00311,C0311,Quý cô Nhật Đặng,28,Nữ,42000,1,42000,2026-02-28,TP. Hồ Chí Minh,COD
P30109,Dung dịch vệ sinh Saforelle Ultra Mild Cleansing Foam (Ultra Douce) 250ml,Saforelle,Dung dịch vệ sinh phụ nữ,280000.0,4.85,Pharmacity_VN,VND,280000.0,ORD00068,C0068,Quý cô An Bùi,40,Nam,280000,2,560000,2026-04-03,Hà Nội,Ví điện tử
P30109,Dung dịch vệ sinh Saforelle Ultra Mild Cleansing Foam (Ultra Douce) 250ml,Saforelle,Dung dịch vệ sinh phụ nữ,280000.0,4.85,Pharmacity_VN,VND,280000.0,ORD00387,C0387,Phúc Quang Mai,33,Nam,280000,2,560000,2026-01-28,Cần Thơ,COD
P30109,Dung dịch vệ sinh Saforelle Ultra Mild Cleansing Foam (Ultra Douce) 250ml,Saforelle,Dung dịch vệ sinh phụ nữ,280000.0,4.85,Pharmacity_VN,VND,280000.0,ORD00469,C0469,Minh Đức Trần,25,Nữ,280000,1,280000,2026-03-31,Cần Thơ,Thẻ ngân hàng
P30109,Dung dịch vệ sinh Saforelle Ultra Mild Cleansing Foam (Ultra Douce) 250ml,Saforelle,Dung dịch vệ sinh phụ nữ,280000.0,4.85,Pharmacity_VN,VND,280000.0,ORD00498,C0498,Kim Quang Lê,28,Nam,280000,2,560000,2026-01-05,Hà Nội,Thẻ ngân hàng
P30109,Dung dịch vệ sinh Saforelle Ultra Mild Cleansing Foam (Ultra Douce) 250ml,Saforelle,Dung dịch vệ sinh phụ nữ,280000.0,4.85,Pharmacity_VN,VND,280000.0,ORD00636,C0636,Linh Bùi,18,Nam,280000,2,560000,2026-04-22,TP. Hồ Chí Minh,COD
P27323,Băng vệ sinh Molped tự nhiên siêu bảo vệ siêu thấm mỏng cánh (23 cm x 8 Miếng),Molped,Băng vệ sinh,22000.0,4.85,Pharmacity_VN,VND,22000.0,ORD00059,C0059,Nhật Tấn Trần,33,Nam,22000,1,22000,2026-04-28,Hà Nội,Thẻ ngân hàng
P27323,Băng vệ sinh Molped tự nhiên siêu bảo vệ siêu thấm mỏng cánh (23 cm x 8 Miếng),Molped,Băng vệ sinh,22000.0,4.85,Pharmacity_VN,VND,22000.0,ORD00695,C0695,Quý ông Quang Đặng,36,Nữ,22000,3,66000,2026-06-02,Hà Nội,Ví điện tử
P27850,Sữa Vệ Sinh Phụ Nữ Shema Lá Đôi Xanh (200ml),Shema Baby,Dung dịch vệ sinh phụ nữ,40000.0,4.61,Pharmacity_VN,VND,40000.0,ORD00304,C0304,Bác Anh Hoàng,36,Nữ,40000,3,120000,2026-06-27,Đà Nẵng,COD
P27850,Sữa Vệ Sinh Phụ Nữ Shema Lá Đôi Xanh (200ml),Shema Baby,Dung dịch vệ sinh phụ nữ,40000.0,4.61,Pharmacity_VN,VND,40000.0,ORD00891,C0891,Bà Hồng Mai,38,Nữ,40000,3,120000,2026-09-21,TP. Hồ Chí Minh,COD
P27882,Băng vệ sinh Kotex bảo vệ toàn diện cho ngày nhiều và đêm 28cm (14 miếng),Kotex,Băng vệ sinh,47000.0,4.5,Pharmacity_VN,VND,47000.0,ORD00135,C0135,Chị Dương Nguyễn,21,Nam,47000,1,47000,2026-07-20,Cần Thơ,Tiền mặt
P27882,Băng vệ sinh Kotex bảo vệ toàn diện cho ngày nhiều và đêm 28cm (14 miếng),Kotex,Băng vệ sinh,47000.0,4.5,Pharmacity_VN,VND,47000.0,ORD00234,C0234,Vi Lê,23,Nữ,47000,2,94000,2026-09-21,Cần Thơ,Ví điện tử
P27882,Băng vệ sinh Kotex bảo vệ toàn diện cho ngày nhiều và đêm 28cm (14 miếng),Kotex,Băng vệ sinh,47000.0,4.5,Pharmacity_VN,VND,47000.0,ORD00616,C0616,Bảo Mai,31,Nam,47000,3,141000,2026-07-16,Hà Nội,Ví điện tử
P27882,Băng vệ sinh Kotex bảo vệ toàn diện cho ngày nhiều và đêm 28cm (14 miếng),Kotex,Băng vệ sinh,47000.0,4.5,Pharmacity_VN,VND,47000.0,ORD00669,C0669,Quý ông Nam Nguyễn,18,Nữ,47000,2,94000,2026-01-25,Hà Nội,Ví điện tử
P27882,Băng vệ sinh Kotex bảo vệ toàn diện cho ngày nhiều và đêm 28cm (14 miếng),Kotex,Băng vệ sinh,47000.0,4.5,Pharmacity_VN,VND,47000.0,ORD00943,C0943,Ông Anh Phạm,37,Nữ,47000,1,47000,2026-08-22,Đà Nẵng,Tiền mặt
P28806,Pharmacity Dung dịch vệ sinh phụ nữ dạng bọt làm sạch dịu nhẹ (Chai100ml),Pharmacity,Dung dịch vệ sinh phụ nữ,68000.0,4.66,Pharmacity_VN,VND,68000.0,ORD00515,C0515,Quý cô Kim Dương,24,Nữ,68000,2,136000,2026-08-10,TP. Hồ Chí Minh,COD
P30963,Kotex BVS Cicada SMC 24cm 7M,Kotex,Băng vệ sinh,39500.0,4.78,Pharmacity_VN,VND,39500.0,ORD00089,C0089,Tú Lê,25,Nam,39500,2,79000,2026-02-10,TP. Hồ Chí Minh,Ví điện tử
P30966,Kotex BVS Mặt Bông Cotton SMC 24cm 8M,Kotex,Băng vệ sinh,40000.0,4.53,Pharmacity_VN,VND,40000.0,ORD00004,C0004,Ngọc Trần,45,Nam,40000,2,80000,2026-03-31,Hải Phòng,Thẻ ngân hàng
P30966,Kotex BVS Mặt Bông Cotton SMC 24cm 8M,Kotex,Băng vệ sinh,40000.0,4.53,Pharmacity_VN,VND,40000.0,ORD00039,C0039,Duyên Đặng,18,Nữ,40000,5,200000,2026-06-26,TP. Hồ Chí Minh,Thẻ ngân hàng
P30966,Kotex BVS Mặt Bông Cotton SMC 24cm 8M,Kotex,Băng vệ sinh,40000.0,4.53,Pharmacity_VN,VND,40000.0,ORD00092,C0092,Bà Mai Vũ,40,Nữ,40000,1,40000,2026-03-16,TP. Hồ Chí Minh,COD
P30966,Kotex BVS Mặt Bông Cotton SMC 24cm 8M,Kotex,Băng vệ sinh,40000.0,4.53,Pharmacity_VN,VND,40000.0,ORD00494,C0494,Quý cô Ngọc Đặng,21,Nam,40000,2,80000,2026-06-08,TP. Hồ Chí Minh,COD
P30968,Kotex BVS Hằng Ngày Bông Thuần Khiết 19cm 10M,Kotex,Băng vệ sinh,29500.0,4.97,Pharmacity_VN,VND,29500.0,ORD00550,C0550,Cô Duyên Dương,24,Nam,29500,1,29500,2026-05-21,Hà Nội,Tiền mặt
P30968,Kotex BVS Hằng Ngày Bông Thuần Khiết 19cm 10M,Kotex,Băng vệ sinh,29500.0,4.97,Pharmacity_VN,VND,29500.0,ORD00837,C0837,Kim Hữu Trần,46,Nữ,29500,2,59000,2026-02-17,TP. Hồ Chí Minh,Tiền mặt
P03251,Băng Vệ Sinh DIANA Siêu Thấm Siêu Mỏng Cánh (8 Miếng),Diana,Băng vệ sinh,26000.0,4.85,Pharmacity_VN,VND,26000.0,ORD00446,C0446,Quý cô Dương Hoàng,37,Nữ,26000,2,52000,2026-07-27,Cần Thơ,COD
P03251,Băng Vệ Sinh DIANA Siêu Thấm Siêu Mỏng Cánh (8 Miếng),Diana,Băng vệ sinh,26000.0,4.85,Pharmacity_VN,VND,26000.0,ORD00678,C0678,Hải Nguyễn,48,Nữ,26000,2,52000,2026-08-01,TP. Hồ Chí Minh,COD
P03251,Băng Vệ Sinh DIANA Siêu Thấm Siêu Mỏng Cánh (8 Miếng),Diana,Băng vệ sinh,26000.0,4.85,Pharmacity_VN,VND,26000.0,ORD00991,C0991,Thành Lê,32,Nam,26000,5,130000,2026-06-11,TP. Hồ Chí Minh,Tiền mặt
P04450,Dung Dịch Vệ Sinh Phụ Nữ Lactacyd Pro Sensitive (250ml),Sanofi CHC (Lactacyd brand),Dung dịch vệ sinh phụ nữ,120000.0,4.65,Pharmacity_VN,VND,120000.0,ORD00053,C0053,Phương Phạm,23,Nam,120000,5,600000,2026-09-15,Hà Nội,COD
P04695,Băng Vệ Sinh Ban Đêm DIANA SENSI NIGHT 29 cm (4 Miếng),Diana,Băng vệ sinh,22000.0,4.97,Pharmacity_VN,VND,22000.0,ORD00524,C0524,Trung Xuân Dương,36,Nữ,22000,1,22000,2026-08-28,Hà Nội,Tiền mặt
P04695,Băng Vệ Sinh Ban Đêm DIANA SENSI NIGHT 29 cm (4 Miếng),Diana,Băng vệ sinh,22000.0,4.97,Pharmacity_VN,VND,22000.0,ORD00767,C0767,Bác Hoàng Lê,30,Nam,22000,3,66000,2026-04-07,TP. Hồ Chí Minh,Tiền mặt
P10808,Dung dịch vệ sinh phụ nữ Crevil intim waschlotion (100ml),Crevil,Dung dịch vệ sinh phụ nữ,135000.0,4.76,Pharmacity_VN,VND,135000.0,ORD00028,C0028,Thành Hải Lê,34,Nam,135000,1,135000,2026-04-19,Cần Thơ,COD
P10808,Dung dịch vệ sinh phụ nữ Crevil intim waschlotion (100ml),Crevil,Dung dịch vệ sinh phụ nữ,135000.0,4.76,Pharmacity_VN,VND,135000.0,ORD00365,C0365,Chị Khoa Nguyễn,37,Nam,135000,2,270000,2026-02-10,Đà Nẵng,COD
P10808,Dung dịch vệ sinh phụ nữ Crevil intim waschlotion (100ml),Crevil,Dung dịch vệ sinh phụ nữ,135000.0,4.76,Pharmacity_VN,VND,135000.0,ORD00391,C0391,Chị Duyên Lê,21,Nữ,135000,4,540000,2026-01-21,Hà Nội,Thẻ ngân hàng
P10808,Dung dịch vệ sinh phụ nữ Crevil intim waschlotion (100ml),Crevil,Dung dịch vệ sinh phụ nữ,135000.0,4.76,Pharmacity_VN,VND,135000.0,ORD00652,C0652,Khoa Đức Đặng,41,Nam,135000,1,135000,2026-06-30,TP. Hồ Chí Minh,Thẻ ngân hàng
P11373,Băng vệ sinh Diana Sensi kháng khuẩn siêu mỏng cánh (20 miếng/gói),Diana,Băng vệ sinh,49300.0,4.65,Pharmacity_VN,VND,49300.0,ORD00554,C0554,Bảo Bảo Phạm,33,Nữ,49300,2,98600,2026-03-22,TP. Hồ Chí Minh,Thẻ ngân hàng
P12638,Băng vệ sinh ban đêm siêu thoáng Diana Sensi Cool Fresh 35cm (3 miếng/gói),Diana,Băng vệ sinh,27000.0,4.57,Pharmacity_VN,VND,27000.0,ORD00532,C0532,Thành Thị Bùi,18,Nữ,27000,4,108000,2026-09-09,Hải Phòng,Ví điện tử
P12638,Băng vệ sinh ban đêm siêu thoáng Diana Sensi Cool Fresh 35cm (3 miếng/gói),Diana,Băng vệ sinh,27000.0,4.57,Pharmacity_VN,VND,27000.0,ORD00673,C0673,Cô Hà Mai,27,Nữ,27000,1,27000,2026-02-16,Đà Nẵng,COD
P18032,Băng vệ sinh Kotex Max Cool siêu mỏng cánh (gói 8 miếng),Kotex,Băng vệ sinh,25000.0,4.8,Pharmacity_VN,VND,25000.0,ORD00103,C0103,Chị Bảo Lê,27,Nữ,25000,2,50000,2026-02-16,TP. Hồ Chí Minh,Tiền mặt
P18032,Băng vệ sinh Kotex Max Cool siêu mỏng cánh (gói 8 miếng),Kotex,Băng vệ sinh,25000.0,4.8,Pharmacity_VN,VND,25000.0,ORD00271,C0271,Ông Trọng Trần,44,Nữ,25000,2,50000,2026-05-25,Hà Nội,Thẻ ngân hàng
P18032,Băng vệ sinh Kotex Max Cool siêu mỏng cánh (gói 8 miếng),Kotex,Băng vệ sinh,25000.0,4.8,Pharmacity_VN,VND,25000.0,ORD00414,C0414,Hải Tấn Lê,43,Nam,25000,2,50000,2026-09-25,Hà Nội,Thẻ ngân hàng
P18032,Băng vệ sinh Kotex Max Cool siêu mỏng cánh (gói 8 miếng),Kotex,Băng vệ sinh,25000.0,4.8,Pharmacity_VN,VND,25000.0,ORD00437,C0437,Quang Hữu Trần,46,Nam,25000,2,50000,2026-08-12,TP. Hồ Chí Minh,Tiền mặt
P18032,Băng vệ sinh Kotex Max Cool siêu mỏng cánh (gói 8 miếng),Kotex,Băng vệ sinh,25000.0,4.8,Pharmacity_VN,VND,25000.0,ORD00598,C0598,Quý cô Bảo Dương,20,Nam,25000,1,25000,2026-06-22,Hà Nội,Tiền mặt
P18193,Băng vệ sinh siêu mỏng cánh Sofy Skin Comfort Ultra Thin 26cm (Gói 17 miếng),Sofy,Băng vệ sinh,74400.0,4.55,Pharmacity_VN,VND,74400.0,ORD00430,C0430,Bà An Dương,18,Nữ,74400,1,74400,2026-06-19,TP. Hồ Chí Minh,COD
P18200,Băng vệ sinh bạc hà mát lạnh có cánh Laurier Super Slimguard Cool 22.5cm (16 miếng),Laurier,Băng vệ sinh,85000.0,4.95,Pharmacity_VN,VND,85000.0,ORD00893,C0893,Phúc Nguyễn,41,Nam,85000,3,255000,2026-07-28,Đà Nẵng,Ví điện tử
P18209,Băng vệ sinh ban đêm siêu thấm cánh Diana Supernight 29cm (12 miếng),Diana,Băng vệ sinh,59000.0,4.95,Pharmacity_VN,VND,59000.0,ORD00158,C0158,Quý cô Bảo Nguyễn,35,Nữ,59000,2,118000,2026-04-14,TP. Hồ Chí Minh,COD
P18209,Băng vệ sinh ban đêm siêu thấm cánh Diana Supernight 29cm (12 miếng),Diana,Băng vệ sinh,59000.0,4.95,Pharmacity_VN,VND,59000.0,ORD00208,C0208,Châu Trần,35,Nam,59000,1,59000,2026-09-17,TP. Hồ Chí Minh,Thẻ ngân hàng
P18209,Băng vệ sinh ban đêm siêu thấm cánh Diana Supernight 29cm (12 miếng),Diana,Băng vệ sinh,59000.0,4.95,Pharmacity_VN,VND,59000.0,ORD00388,C0388,Phương Mai,49,Nam,59000,3,177000,2026-05-29,Hà Nội,Tiền mặt
P18209,Băng vệ sinh ban đêm siêu thấm cánh Diana Supernight 29cm (12 miếng),Diana,Băng vệ sinh,59000.0,4.95,Pharmacity_VN,VND,59000.0,ORD00746,C0746,An Đặng,23,Nữ,59000,2,118000,2026-03-21,Cần Thơ,COD
P18209,Băng vệ sinh ban đêm siêu thấm cánh Diana Supernight 29cm (12 miếng),Diana,Băng vệ sinh,59000.0,4.95,Pharmacity_VN,VND,59000.0,ORD00898,C0898,Khoa Hoàng,31,Nam,59000,2,118000,2026-05-17,Hà Nội,COD
P17486,Băng vệ sinh siêu thấm Diana Cool Fresh mỏng không cánh 23cm (Gói 8 miếng),Diana,Băng vệ sinh,26000.0,4.51,Pharmacity_VN,VND,26000.0,ORD00187,C0187,Anh Tấn Vũ,35,Nữ,26000,2,52000,2026-05-27,Hải Phòng,Thẻ ngân hàng
P17486,Băng vệ sinh siêu thấm Diana Cool Fresh mỏng không cánh 23cm (Gói 8 miếng),Diana,Băng vệ sinh,26000.0,4.51,Pharmacity_VN,VND,26000.0,ORD00194,C0194,Bác Huy Mai,18,Nữ,26000,1,26000,2026-08-16,TP. Hồ Chí Minh,Tiền mặt
P17486,Băng vệ sinh siêu thấm Diana Cool Fresh mỏng không cánh 23cm (Gói 8 miếng),Diana,Băng vệ sinh,26000.0,4.51,Pharmacity_VN,VND,26000.0,ORD00394,C0394,Dũng Trí Dương,48,Nữ,26000,3,78000,2026-08-15,TP. Hồ Chí Minh,Ví điện tử
P17486,Băng vệ sinh siêu thấm Diana Cool Fresh mỏng không cánh 23cm (Gói 8 miếng),Diana,Băng vệ sinh,26000.0,4.51,Pharmacity_VN,VND,26000.0,ORD00696,C0696,Kim Xuân Hoàng,27,Nữ,26000,1,26000,2026-05-03,TP. Hồ Chí Minh,Thẻ ngân hàng
P17487,Băng vệ sinh siêu mỏng không cánh Diana Cool Fresh 23cm (8 miếng),Diana,Băng vệ sinh,27500.0,4.8,Pharmacity_VN,VND,27500.0,ORD00563,C0563,Châu Phú Mai,39,Nữ,27500,3,82500,2026-03-15,TP. Hồ Chí Minh,COD
P17487,Băng vệ sinh siêu mỏng không cánh Diana Cool Fresh 23cm (8 miếng),Diana,Băng vệ sinh,27500.0,4.8,Pharmacity_VN,VND,27500.0,ORD00624,C0624,Mai Phạm,43,Nam,27500,1,27500,2026-07-18,TP. Hồ Chí Minh,Ví điện tử
P17487,Băng vệ sinh siêu mỏng không cánh Diana Cool Fresh 23cm (8 miếng),Diana,Băng vệ sinh,27500.0,4.8,Pharmacity_VN,VND,27500.0,ORD00985,C0985,Ông Trọng Hoàng,30,Nữ,27500,1,27500,2026-07-28,TP. Hồ Chí Minh,Thẻ ngân hàng
P23129,Gel vệ sinh phụ nữ X2 Nano nghệ Cocayhoala (Chai 150ml),Cocayhoala,Dung dịch vệ sinh phụ nữ,221400.0,4.54,Pharmacity_VN,VND,221400.0,ORD00199,C0199,Quý cô Thảo Hoàng,31,Nữ,221400,2,442800,2026-07-11,Hải Phòng,COD
P23129,Gel vệ sinh phụ nữ X2 Nano nghệ Cocayhoala (Chai 150ml),Cocayhoala,Dung dịch vệ sinh phụ nữ,221400.0,4.54,Pharmacity_VN,VND,221400.0,ORD00392,C0392,Bảo Dương,35,Nữ,221400,1,221400,2026-09-09,TP. Hồ Chí Minh,COD
P23129,Gel vệ sinh phụ nữ X2 Nano nghệ Cocayhoala (Chai 150ml),Cocayhoala,Dung dịch vệ sinh phụ nữ,221400.0,4.54,Pharmacity_VN,VND,221400.0,ORD00677,C0677,Anh Quang Vũ,19,Nữ,221400,1,221400,2026-01-22,Hà Nội,Tiền mặt
P23129,Gel vệ sinh phụ nữ X2 Nano nghệ Cocayhoala (Chai 150ml),Cocayhoala,Dung dịch vệ sinh phụ nữ,221400.0,4.54,Pharmacity_VN,VND,221400.0,ORD00878,C0878,Quý cô Hà Hoàng,32,Nữ,221400,3,664200,2026-07-22,TP. Hồ Chí Minh,COD
P23129,Gel vệ sinh phụ nữ X2 Nano nghệ Cocayhoala (Chai 150ml),Cocayhoala,Dung dịch vệ sinh phụ nữ,221400.0,4.54,Pharmacity_VN,VND,221400.0,ORD00971,C0971,Lan Trần,31,Nam,221400,2,442800,2026-05-21,TP. Hồ Chí Minh,COD
P25459,Băng vệ sinh Sensi Supernight 29cm (Gói 12 miếng),Diana,Băng vệ sinh,58000.0,4.68,Pharmacity_VN,VND,58000.0,ORD00439,C0439,Nhật Đặng,18,Nữ,58000,1,58000,2026-02-02,Hà Nội,COD
P25459,Băng vệ sinh Sensi Supernight 29cm (Gói 12 miếng),Diana,Băng vệ sinh,58000.0,4.68,Pharmacity_VN,VND,58000.0,ORD00477,C0477,Thành Xuân Nguyễn,36,Nữ,58000,3,174000,2026-01-17,Đà Nẵng,Thẻ ngân hàng
P25459,Băng vệ sinh Sensi Supernight 29cm (Gói 12 miếng),Diana,Băng vệ sinh,58000.0,4.68,Pharmacity_VN,VND,58000.0,ORD00929,C0929,Hưng Văn Lê,46,Nữ,58000,1,58000,2026-05-01,TP. Hồ Chí Minh,COD
P29186,Băng vệ sinh dạng quần Diana Comfy Night Size M-L (5 Chiếc/Gói),Diana,Băng vệ sinh,71000.0,4.6,Pharmacity_VN,VND,71000.0,ORD00126,C0126,Quý cô Vi Hoàng,52,Nam,71000,2,142000,2026-05-02,TP. Hồ Chí Minh,COD
P29186,Băng vệ sinh dạng quần Diana Comfy Night Size M-L (5 Chiếc/Gói),Diana,Băng vệ sinh,71000.0,4.6,Pharmacity_VN,VND,71000.0,ORD00363,C0363,Phúc Phú Vũ,29,Nữ,71000,1,71000,2026-04-11,Cần Thơ,Ví điện tử
P29186,Băng vệ sinh dạng quần Diana Comfy Night Size M-L (5 Chiếc/Gói),Diana,Băng vệ sinh,71000.0,4.6,Pharmacity_VN,VND,71000.0,ORD00576,C0576,Bà Linh Vũ,18,Nữ,71000,1,71000,2026-05-21,Cần Thơ,Thẻ ngân hàng
P29186,Băng vệ sinh dạng quần Diana Comfy Night Size M-L (5 Chiếc/Gói),Diana,Băng vệ sinh,71000.0,4.6,Pharmacity_VN,VND,71000.0,ORD00884,C0884,Bảo Trần,40,Nữ,71000,2,142000,2026-02-07,Đà Nẵng,COD
P28808,Pharmacity Dung dịch vệ sinh phụ nữ dạng gel dưỡng ẩm mềm mại (Chai 100ml),Pharmacity,Dung dịch vệ sinh phụ nữ,19000.0,4.95,Pharmacity_VN,VND,19000.0,ORD00541,C0541,Lan Đặng,38,Nữ,19000,1,19000,2026-09-17,Cần Thơ,Tiền mặt
P28808,Pharmacity Dung dịch vệ sinh phụ nữ dạng gel dưỡng ẩm mềm mại (Chai 100ml),Pharmacity,Dung dịch vệ sinh phụ nữ,19000.0,4.95,Pharmacity_VN,VND,19000.0,ORD00586,C0586,Cô Nhật Đặng,32,Nam,19000,3,57000,2026-06-09,TP. Hồ Chí Minh,Tiền mặt
P30092,Dung dịch vệ sinh phụ nữ Dạ Hương Chăm sóc toàn diện 100ml,Da Huong,Dung dịch vệ sinh phụ nữ,40940.0,4.73,Pharmacity_VN,VND,40940.0,ORD00763,C0763,Bảo Đặng,56,Nữ,40940,2,81880,2026-01-12,Hà Nội,Ví điện tử
P30093,Dung dịch vệ sinh phụ nữ Dạ Hương Thoáng sạch 100ml,Da Huong,Dung dịch vệ sinh phụ nữ,41860.0,4.79,Pharmacity_VN,VND,41860.0,ORD00142,C0142,Minh Dương,43,Nữ,41860,2,83720,2026-03-10,TP. Hồ Chí Minh,Ví điện tử
P27325,Băng vệ sinh thiên nhiên ban đêm có cánh Molped (35cm x 3 miếng),Molped,Băng vệ sinh,20000.0,4.9,Pharmacity_VN,VND,20000.0,ORD00024,C0024,Bà Mai Dương,18,Nam,20000,1,20000,2026-06-17,TP. Hồ Chí Minh,COD
P27325,Băng vệ sinh thiên nhiên ban đêm có cánh Molped (35cm x 3 miếng),Molped,Băng vệ sinh,20000.0,4.9,Pharmacity_VN,VND,20000.0,ORD00270,C0270,Tùng Hữu Đặng,31,Nam,20000,1,20000,2026-03-07,Hà Nội,Tiền mặt
P27325,Băng vệ sinh thiên nhiên ban đêm có cánh Molped (35cm x 3 miếng),Molped,Băng vệ sinh,20000.0,4.9,Pharmacity_VN,VND,20000.0,ORD00967,C0967,Bảo Phú Bùi,23,Nam,20000,3,60000,2026-08-02,Hà Nội,COD
P30967,Kotex BVS BioCare SMC 23cm 6M,Kotex,Băng vệ sinh,25000.0,4.78,Pharmacity_VN,VND,25000.0,ORD00235,C0235,Quý ông Anh Lê,51,Nam,25000,1,25000,2026-04-23,Hà Nội,Thẻ ngân hàng
P30702,Kotex BVS Nam Việt Quốc SMC 24cm 8M,Kotex,Băng vệ sinh,45000.0,4.61,Pharmacity_VN,VND,45000.0,ORD00096,C0096,Quý ông Tùng Nguyễn,18,Nam,45000,1,45000,2026-04-10,Đà Nẵng,COD
P03252,Băng vệ sinh Diana siêu thấm siêu mỏng không cánh 23cm (Gói 8 miếng),Diana,Băng vệ sinh,26500.0,4.85,Pharmacity_VN,VND,26500.0,ORD00309,C0309,Cô An Vũ,35,Nữ,26500,1,26500,2026-09-17,TP. Hồ Chí Minh,Thẻ ngân hàng
P04869,Dung Dịch Vệ Sinh Phụ Nữ Lactacyd Soft & Silky (150ml),Sanofi CHC (Lactacyd brand),Dung dịch vệ sinh phụ nữ,72000.0,4.97,Pharmacity_VN,VND,72000.0,ORD00450,C0450,Duyên Đặng,19,Nữ,72000,1,72000,2026-04-21,TP. Hồ Chí Minh,COD
P04694,Băng Vệ Sinh DIANA SENSI  Siêu Mỏng Cánh (8 Miếng),Diana,Băng vệ sinh,27000.0,4.54,Pharmacity_VN,VND,27000.0,ORD00112,C0112,Hải Tấn Nguyễn,30,Nam,27000,3,81000,2026-01-31,TP. Hồ Chí Minh,COD
P04694,Băng Vệ Sinh DIANA SENSI  Siêu Mỏng Cánh (8 Miếng),Diana,Băng vệ sinh,27000.0,4.54,Pharmacity_VN,VND,27000.0,ORD00761,C0761,Hải Lê,24,Nữ,27000,1,27000,2026-05-04,Hà Nội,Ví điện tử
P08276,Băng vệ sinh kháng khuẩn hàng ngày Diana Sensi (20 miếng/gói),Diana,Băng vệ sinh,20500.0,4.58,Pharmacity_VN,VND,20500.0,ORD00416,C0416,Nam Phú Vũ,23,Nam,20500,1,20500,2026-01-24,Hà Nội,Ví điện tử
P08276,Băng vệ sinh kháng khuẩn hàng ngày Diana Sensi (20 miếng/gói),Diana,Băng vệ sinh,20500.0,4.58,Pharmacity_VN,VND,20500.0,ORD00628,C0628,Nhật Hải Mai,29,Nam,20500,1,20500,2026-05-12,Hà Nội,COD
P08754,Băng vệ sinh siêu mỏng cánh ban đêm Kotex Style (3 miếng/gói),Kotex,Băng vệ sinh,11000.0,4.66,Pharmacity_VN,VND,11000.0,ORD00807,C0807,Cô Kim Vũ,32,Nữ,11000,1,11000,2026-07-27,Đà Nẵng,Ví điện tử
P08754,Băng vệ sinh siêu mỏng cánh ban đêm Kotex Style (3 miếng/gói),Kotex,Băng vệ sinh,11000.0,4.66,Pharmacity_VN,VND,11000.0,ORD00874,C0874,Quý cô Chi Nguyễn,23,Nam,11000,1,11000,2026-02-16,Đà Nẵng,COD
P08754,Băng vệ sinh siêu mỏng cánh ban đêm Kotex Style (3 miếng/gói),Kotex,Băng vệ sinh,11000.0,4.66,Pharmacity_VN,VND,11000.0,ORD00953,C0953,Quý cô Bảo Trần,18,Nữ,11000,2,22000,2026-04-20,Hà Nội,Ví điện tử
P09561,Băng vệ sinh ban ngày siêu mỏng cánh Laurier Super Slimguard 22.5cm (10 miếng/gói),Laurier,Băng vệ sinh,45000.0,4.97,Pharmacity_VN,VND,45000.0,ORD00091,C0091,Bà Hạnh Hoàng,31,Nam,45000,3,135000,2026-01-23,Hải Phòng,COD
P09561,Băng vệ sinh ban ngày siêu mỏng cánh Laurier Super Slimguard 22.5cm (10 miếng/gói),Laurier,Băng vệ sinh,45000.0,4.97,Pharmacity_VN,VND,45000.0,ORD00320,C0320,Ngọc Đặng,29,Nữ,45000,2,90000,2026-03-20,Đà Nẵng,COD
P09561,Băng vệ sinh ban ngày siêu mỏng cánh Laurier Super Slimguard 22.5cm (10 miếng/gói),Laurier,Băng vệ sinh,45000.0,4.97,Pharmacity_VN,VND,45000.0,ORD00329,C0329,Lan Bùi,36,Nữ,45000,1,45000,2026-06-05,Cần Thơ,COD
P09561,Băng vệ sinh ban ngày siêu mỏng cánh Laurier Super Slimguard 22.5cm (10 miếng/gói),Laurier,Băng vệ sinh,45000.0,4.97,Pharmacity_VN,VND,45000.0,ORD00366,C0366,Hạnh Dương,26,Nữ,45000,2,90000,2026-05-26,TP. Hồ Chí Minh,Thẻ ngân hàng
P09561,Băng vệ sinh ban ngày siêu mỏng cánh Laurier Super Slimguard 22.5cm (10 miếng/gói),Laurier,Băng vệ sinh,45000.0,4.97,Pharmacity_VN,VND,45000.0,ORD00397,C0397,Linh Mai,18,Nam,45000,1,45000,2026-04-28,Đà Nẵng,Ví điện tử
P11372,Băng vệ sinh Diana Sensi siêu mỏng không cánh (Gói 8 miếng),Diana,Băng vệ sinh,27000.0,4.87,Pharmacity_VN,VND,27000.0,ORD00490,C0490,Quang Quang Mai,39,Nữ,27000,3,81000,2026-08-04,TP. Hồ Chí Minh,Tiền mặt
P11372,Băng vệ sinh Diana Sensi siêu mỏng không cánh (Gói 8 miếng),Diana,Băng vệ sinh,27000.0,4.87,Pharmacity_VN,VND,27000.0,ORD00823,C0823,Huy Tấn Lê,53,Nữ,27000,1,27000,2026-07-26,Đà Nẵng,Ví điện tử
P14056,Băng vệ sinh siêu êm thoáng ban đêm Sofy Skin Comfort 36cm (4 miếng/gói),Sofy,Băng vệ sinh,31600.0,4.77,Pharmacity_VN,VND,31600.0,ORD00458,C0458,Phúc Mai Dương,20,Nữ,31600,1,31600,2026-05-12,TP. Hồ Chí Minh,Tiền mặt
P14056,Băng vệ sinh siêu êm thoáng ban đêm Sofy Skin Comfort 36cm (4 miếng/gói),Sofy,Băng vệ sinh,31600.0,4.77,Pharmacity_VN,VND,31600.0,ORD00942,C0942,Phúc Quang Đặng,39,Nữ,31600,1,31600,2026-05-20,Đà Nẵng,Thẻ ngân hàng
P14056,Băng vệ sinh siêu êm thoáng ban đêm Sofy Skin Comfort 36cm (4 miếng/gói),Sofy,Băng vệ sinh,31600.0,4.77,Pharmacity_VN,VND,31600.0,ORD00968,C0968,Phúc Mai Nguyễn,48,Nữ,31600,1,31600,2026-08-27,Cần Thơ,Tiền mặt
P12836,Quần lót miễn giặt cho nữ Travel-Mate size L (5 cái/gói),Travel-Mate,Sản phẩm vệ sinh khác,37000.0,4.99,Pharmacity_VN,VND,37000.0,ORD00048,C0048,Ông Quang Phạm,41,Nam,37000,2,74000,2026-04-23,Hà Nội,COD
P12836,Quần lót miễn giặt cho nữ Travel-Mate size L (5 cái/gói),Travel-Mate,Sản phẩm vệ sinh khác,37000.0,4.99,Pharmacity_VN,VND,37000.0,ORD00220,C0220,Bác Hưng Phạm,31,Nam,37000,1,37000,2026-08-02,TP. Hồ Chí Minh,Thẻ ngân hàng
P12837,Quần lót miễn giặt cho nữ Travel-Mate size XL (5 cái/gói),Travel-Mate,Sản phẩm vệ sinh khác,37000.0,4.57,Pharmacity_VN,VND,37000.0,ORD00296,C0296,Cô Hạnh Đặng,23,Nữ,37000,5,185000,2026-02-01,Hà Nội,Ví điện tử
P12837,Quần lót miễn giặt cho nữ Travel-Mate size XL (5 cái/gói),Travel-Mate,Sản phẩm vệ sinh khác,37000.0,4.57,Pharmacity_VN,VND,37000.0,ORD00513,C0513,Quý cô Thảo Dương,28,Nữ,37000,1,37000,2026-07-21,Hà Nội,COD
P12837,Quần lót miễn giặt cho nữ Travel-Mate size XL (5 cái/gói),Travel-Mate,Sản phẩm vệ sinh khác,37000.0,4.57,Pharmacity_VN,VND,37000.0,ORD00975,C0975,Phương Mai Bảo Hoàng,26,Nam,37000,1,37000,2026-02-14,Cần Thơ,Tiền mặt
P12847,Tấm đệm lót mỏng nhẹ size XL Caryn (14 miếng/gói),Caryn,Tã dán,114000.0,4.97,Pharmacity_VN,VND,114000.0,ORD00020,C0020,Chị Bảo Dương,18,Nam,114000,2,228000,2026-05-07,Đà Nẵng,COD
P13640,Băng vệ sinh Kotex Siêu ban đêm 35cm (8 miếng/ gói),Kotex,Băng vệ sinh,36000.0,4.97,Pharmacity_VN,VND,36000.0,ORD00082,C0082,Vũ Văn Dương,34,Nam,36000,2,72000,2026-03-14,TP. Hồ Chí Minh,Thẻ ngân hàng
P13640,Băng vệ sinh Kotex Siêu ban đêm 35cm (8 miếng/ gói),Kotex,Băng vệ sinh,36000.0,4.97,Pharmacity_VN,VND,36000.0,ORD00356,C0356,Duyên Vũ,20,Nam,36000,1,36000,2026-01-11,TP. Hồ Chí Minh,Ví điện tử
P17762,Băng vệ sinh hàng ngày Kotex Cool (20 miếng),Kotex,Băng vệ sinh,25000.0,4.52,Pharmacity_VN,VND,25000.0,ORD00511,C0511,Khoa Văn Dương,33,Nam,25000,2,50000,2026-07-29,Hà Nội,Ví điện tử
P17762,Băng vệ sinh hàng ngày Kotex Cool (20 miếng),Kotex,Băng vệ sinh,25000.0,4.52,Pharmacity_VN,VND,25000.0,ORD00906,C0906,Anh Dương,30,Nữ,25000,1,25000,2026-06-17,Đà Nẵng,Ví điện tử
P18203,Băng vệ sinh hàng ngày siêu mỏng dịu mát từ thảo dược Kotex (Gói 40 miếng),Kotex,Băng vệ sinh,46000.0,4.83,Pharmacity_VN,VND,46000.0,ORD00796,C0796,Nhật Dương,41,Nữ,46000,4,184000,2026-01-17,TP. Hồ Chí Minh,Ví điện tử
P18203,Băng vệ sinh hàng ngày siêu mỏng dịu mát từ thảo dược Kotex (Gói 40 miếng),Kotex,Băng vệ sinh,46000.0,4.83,Pharmacity_VN,VND,46000.0,ORD00877,C0877,Ông Nhiên Trần,25,Nam,46000,1,46000,2026-03-10,Hà Nội,Ví điện tử
P18205,Băng vệ sinh hàng ngày kháng khuẩn Diana Sensi 15.5cm (Gói 40 miếng),Diana,Băng vệ sinh,28900.0,4.6,Pharmacity_VN,VND,28900.0,ORD00464,C0464,Vi Phạm,32,Nam,28900,2,57800,2026-07-24,TP. Hồ Chí Minh,Thẻ ngân hàng
P18205,Băng vệ sinh hàng ngày kháng khuẩn Diana Sensi 15.5cm (Gói 40 miếng),Diana,Băng vệ sinh,28900.0,4.6,Pharmacity_VN,VND,28900.0,ORD00949,C0949,Anh Phúc Dương,30,Nữ,28900,3,86700,2026-08-25,Cần Thơ,COD
P17506,Băng vệ Laurier Fresh & Free siêu mỏng cánh siêu thấm tối đa (Gói 20 miếng),Laurier,Băng vệ sinh,48000.0,4.96,Pharmacity_VN,VND,48000.0,ORD00030,C0030,Chị Hải Bùi,27,Nữ,48000,1,48000,2026-08-28,TP. Hồ Chí Minh,Tiền mặt
P17506,Băng vệ Laurier Fresh & Free siêu mỏng cánh siêu thấm tối đa (Gói 20 miếng),Laurier,Băng vệ sinh,48000.0,4.96,Pharmacity_VN,VND,48000.0,ORD00487,C0487,Bà Yến Dương,24,Nam,48000,1,48000,2026-06-24,Hà Nội,COD
P17506,Băng vệ Laurier Fresh & Free siêu mỏng cánh siêu thấm tối đa (Gói 20 miếng),Laurier,Băng vệ sinh,48000.0,4.96,Pharmacity_VN,VND,48000.0,ORD00645,C0645,Thảo Bùi,28,Nữ,48000,1,48000,2026-01-24,TP. Hồ Chí Minh,Ví điện tử
P18774,Băng vệ sinh dạng quần chống tràn 360 độ Diana Sensi (Gói 5 cái - Size M-L),Diana,Băng vệ sinh,103000.0,4.79,Pharmacity_VN,VND,103000.0,ORD00224,C0224,Hà Hải Lê,18,Nữ,103000,4,412000,2026-07-23,TP. Hồ Chí Minh,Thẻ ngân hàng
P18774,Băng vệ sinh dạng quần chống tràn 360 độ Diana Sensi (Gói 5 cái - Size M-L),Diana,Băng vệ sinh,103000.0,4.79,Pharmacity_VN,VND,103000.0,ORD00897,C0897,Chị Kim Đặng,28,Nữ,103000,2,206000,2026-02-06,Hà Nội,Tiền mặt
P27321,Dung dịch vệ sinh phụ nữ hàng ngày DottorPrimo Emergyn Fresh 100ml,Dottorprimo,Dung dịch vệ sinh phụ nữ,111000.0,4.94,Pharmacity_VN,VND,111000.0,ORD00056,C0056,Lâm Đức Trần,39,Nữ,111000,2,222000,2026-09-23,TP. Hồ Chí Minh,Ví điện tử
P27321,Dung dịch vệ sinh phụ nữ hàng ngày DottorPrimo Emergyn Fresh 100ml,Dottorprimo,Dung dịch vệ sinh phụ nữ,111000.0,4.94,Pharmacity_VN,VND,111000.0,ORD00462,C0462,Linh Vũ,30,Nam,111000,1,111000,2026-04-08,Đà Nẵng,COD
P27321,Dung dịch vệ sinh phụ nữ hàng ngày DottorPrimo Emergyn Fresh 100ml,Dottorprimo,Dung dịch vệ sinh phụ nữ,111000.0,4.94,Pharmacity_VN,VND,111000.0,ORD00849,C0849,Linh Bùi,24,Nữ,111000,1,111000,2026-02-15,TP. Hồ Chí Minh,COD
P25943,Băng vệ sinh Diana than hoạt tính siêu thấm siêu mỏng cánh (Gói 8 miếng),Diana,Băng vệ sinh,27000.0,4.88,Pharmacity_VN,VND,27000.0,ORD00396,C0396,Anh Hoàng,25,Nam,27000,2,54000,2026-02-18,Hà Nội,Ví điện tử
P25943,Băng vệ sinh Diana than hoạt tính siêu thấm siêu mỏng cánh (Gói 8 miếng),Diana,Băng vệ sinh,27000.0,4.88,Pharmacity_VN,VND,27000.0,ORD00785,C0785,Tùng Đức Hoàng,36,Nam,27000,1,27000,2026-01-14,TP. Hồ Chí Minh,COD
P25943,Băng vệ sinh Diana than hoạt tính siêu thấm siêu mỏng cánh (Gói 8 miếng),Diana,Băng vệ sinh,27000.0,4.88,Pharmacity_VN,VND,27000.0,ORD00806,C0806,Vũ Đặng,27,Nam,27000,2,54000,2026-04-08,TP. Hồ Chí Minh,COD
P25944,Băng vệ sinh Diana than hoạt tính Sensi siêu mỏng cánh (Gói 8 miếng),Diana,Băng vệ sinh,27000.0,4.99,Pharmacity_VN,VND,27000.0,ORD00217,C0217,Vũ Lê,22,Nữ,27000,4,108000,2026-07-27,Cần Thơ,COD
P25944,Băng vệ sinh Diana than hoạt tính Sensi siêu mỏng cánh (Gói 8 miếng),Diana,Băng vệ sinh,27000.0,4.99,Pharmacity_VN,VND,27000.0,ORD00231,C0231,Trọng Đức Nguyễn,23,Nam,27000,1,27000,2026-08-10,Hà Nội,Tiền mặt
P25944,Băng vệ sinh Diana than hoạt tính Sensi siêu mỏng cánh (Gói 8 miếng),Diana,Băng vệ sinh,27000.0,4.99,Pharmacity_VN,VND,27000.0,ORD00531,C0531,Bảo Đức Đặng,36,Nam,27000,1,27000,2026-03-09,TP. Hồ Chí Minh,Thẻ ngân hàng
P05585,Băng Vệ Sinh KOTEX STYLE Siêu Mỏng Cánh (8 Miếng),Kotex,Băng vệ sinh,24000.0,4.79,Pharmacity_VN,VND,24000.0,ORD00523,C0523,Lâm Xuân Đặng,23,Nữ,24000,2,48000,2026-07-28,Đà Nẵng,Thẻ ngân hàng
P08756,Băng vệ sinh hằng ngày Kotex (40 miếng/gói),Kotex,Băng vệ sinh,34000.0,4.76,Pharmacity_VN,VND,34000.0,ORD00046,C0046,Lâm Hoàng Vũ,23,Nam,34000,1,34000,2026-08-27,Hà Nội,Ví điện tử
P06631,Băng Vệ Sinh Hàng Ngày LAURIER Không Hương (20 Miếng),Laurier,Băng vệ sinh,17600.0,4.92,Pharmacity_VN,VND,17600.0,ORD00468,C0468,Phúc Mai Bảo Dương,38,Nữ,17600,1,17600,2026-01-04,Đà Nẵng,COD
P06631,Băng Vệ Sinh Hàng Ngày LAURIER Không Hương (20 Miếng),Laurier,Băng vệ sinh,17600.0,4.92,Pharmacity_VN,VND,17600.0,ORD00756,C0756,Dũng Hoàng Dương,56,Nữ,17600,1,17600,2026-04-24,Hải Phòng,Tiền mặt
P12637,Băng vệ sinh mát lạnh hàng ngày Diana Sensi Cool Fresh (40 miếng/gói),Diana,Băng vệ sinh,48000.0,4.66,Pharmacity_VN,VND,48000.0,ORD00476,C0476,Hạnh Thị Trần,28,Nữ,48000,3,144000,2026-08-21,Cần Thơ,Tiền mặt
P19807,Dung Dịch Vệ Sinh Phụ Nữ Lactacyd Pro Sensitive (150ml),Sanofi CHC (Lactacyd brand),Dung dịch vệ sinh phụ nữ,71000.0,4.71,Pharmacity_VN,VND,71000.0,ORD00427,C0427,Nhiên Mai Dương,20,Nữ,71000,1,71000,2026-04-02,Hà Nội,Tiền mặt
P19807,Dung Dịch Vệ Sinh Phụ Nữ Lactacyd Pro Sensitive (150ml),Sanofi CHC (Lactacyd brand),Dung dịch vệ sinh phụ nữ,71000.0,4.71,Pharmacity_VN,VND,71000.0,ORD00434,C0434,Quý cô Hà Phạm,37,Nữ,71000,2,142000,2026-08-21,Hà Nội,Thẻ ngân hàng
P19807,Dung Dịch Vệ Sinh Phụ Nữ Lactacyd Pro Sensitive (150ml),Sanofi CHC (Lactacyd brand),Dung dịch vệ sinh phụ nữ,71000.0,4.71,Pharmacity_VN,VND,71000.0,ORD00617,C0617,Phương Trí Phạm,31,Nữ,71000,5,355000,2026-09-13,Hà Nội,COD
P17513,Băng vệ sinh siêu ban đêm Kotex 28cm (12 miếng),Kotex,Băng vệ sinh,40800.0,4.85,Pharmacity_VN,VND,40800.0,ORD00263,C0263,Linh Dương,18,Nam,40800,3,122400,2026-07-07,TP. Hồ Chí Minh,Ví điện tử
P18126,Dung Dịch Vệ Sinh Phụ Nữ Lactacyd Odor Fresh (250ml),Sanofi CHC (Lactacyd brand),Dung dịch vệ sinh phụ nữ,102000.0,4.62,Pharmacity_VN,VND,102000.0,ORD00272,C0272,Bà Mai Trần,18,Nam,102000,1,102000,2026-06-11,Hà Nội,COD
P18126,Dung Dịch Vệ Sinh Phụ Nữ Lactacyd Odor Fresh (250ml),Sanofi CHC (Lactacyd brand),Dung dịch vệ sinh phụ nữ,102000.0,4.62,Pharmacity_VN,VND,102000.0,ORD00584,C0584,Bác Trung Trần,53,Nam,102000,2,204000,2026-02-03,TP. Hồ Chí Minh,Tiền mặt
P18126,Dung Dịch Vệ Sinh Phụ Nữ Lactacyd Odor Fresh (250ml),Sanofi CHC (Lactacyd brand),Dung dịch vệ sinh phụ nữ,102000.0,4.62,Pharmacity_VN,VND,102000.0,ORD00595,C0595,Bác Phúc Bùi,40,Nam,102000,1,102000,2026-04-01,Hà Nội,Ví điện tử
P18198,Băng vệ sinh ban đêm siêu thấm hút có cánh Laurier 35cm (Gói 4 miếng),Laurier,Băng vệ sinh,22400.0,4.66,Pharmacity_VN,VND,22400.0,ORD00283,C0283,Nhật Đặng,46,Nữ,22400,2,44800,2026-04-28,Hà Nội,COD
P18198,Băng vệ sinh ban đêm siêu thấm hút có cánh Laurier 35cm (Gói 4 miếng),Laurier,Băng vệ sinh,22400.0,4.66,Pharmacity_VN,VND,22400.0,ORD00493,C0493,Lâm Lê,31,Nam,22400,1,22400,2026-02-16,Hải Phòng,COD
P25085,Băng vệ sinh ban ngày siêu mỏng có cánh Kotex Gardenia Deo+ 23cm (20 miếng),Kotex,Băng vệ sinh,55000.0,4.94,Pharmacity_VN,VND,55000.0,ORD00115,C0115,Thành Tấn Bùi,28,Nữ,55000,1,55000,2026-03-16,TP. Hồ Chí Minh,Thẻ ngân hàng
P25085,Băng vệ sinh ban ngày siêu mỏng có cánh Kotex Gardenia Deo+ 23cm (20 miếng),Kotex,Băng vệ sinh,55000.0,4.94,Pharmacity_VN,VND,55000.0,ORD00183,C0183,Hạnh Dương,19,Nữ,55000,3,165000,2026-02-15,TP. Hồ Chí Minh,Thẻ ngân hàng
P25085,Băng vệ sinh ban ngày siêu mỏng có cánh Kotex Gardenia Deo+ 23cm (20 miếng),Kotex,Băng vệ sinh,55000.0,4.94,Pharmacity_VN,VND,55000.0,ORD00759,C0759,Khoa Đức Đặng,21,Nam,55000,3,165000,2026-06-28,Đà Nẵng,COD
P21581,Dung dịch vệ sinh phụ nữ cao cấp Femfresh Soothing Wash (250ml),Femfresh,Dung dịch vệ sinh phụ nữ,236000.0,4.79,Pharmacity_VN,VND,236000.0,ORD00134,C0134,Quý cô Chi Bùi,35,Nữ,236000,3,708000,2026-07-15,TP. Hồ Chí Minh,Tiền mặt
P28959,Pharmacity Dung dịch vệ sinh phụ nữ dạng gel hương thơm tươi mát (Chai 100ml),Pharmacity,Dung dịch vệ sinh phụ nữ,19000.0,4.69,Pharmacity_VN,VND,19000.0,ORD00051,C0051,Mai Trần,33,Nam,19000,1,19000,2026-05-23,Đà Nẵng,Tiền mặt
P29227,Dung Dịch Vệ Sinh Phụ Nữ Lactacyd Cool Sensation (250ml),Sanofi CHC (Lactacyd brand),Dung dịch vệ sinh phụ nữ,119000.0,4.96,Pharmacity_VN,VND,119000.0,ORD00621,C0621,Quý cô Linh Lê,22,Nam,119000,3,357000,2026-03-17,Hà Nội,COD
P29227,Dung Dịch Vệ Sinh Phụ Nữ Lactacyd Cool Sensation (250ml),Sanofi CHC (Lactacyd brand),Dung dịch vệ sinh phụ nữ,119000.0,4.96,Pharmacity_VN,VND,119000.0,ORD00835,C0835,Cô Xuân Nguyễn,30,Nữ,119000,1,119000,2026-03-20,Hải Phòng,Thẻ ngân hàng
P29227,Dung Dịch Vệ Sinh Phụ Nữ Lactacyd Cool Sensation (250ml),Sanofi CHC (Lactacyd brand),Dung dịch vệ sinh phụ nữ,119000.0,4.96,Pharmacity_VN,VND,119000.0,ORD00990,C0990,Quý ông Hưng Lê,30,Nam,119000,1,119000,2026-04-25,Cần Thơ,Tiền mặt
P21701,Băng vệ sinh ban đêm dạng quần Kotex size M/L (Gói 2 miếng),Kotex,Băng vệ sinh,38000.0,4.83,Pharmacity_VN,VND,38000.0,ORD00012,C0012,Hưng Dương,25,Nữ,38000,3,114000,2026-01-17,Hà Nội,COD
P21701,Băng vệ sinh ban đêm dạng quần Kotex size M/L (Gói 2 miếng),Kotex,Băng vệ sinh,38000.0,4.83,Pharmacity_VN,VND,38000.0,ORD00200,C0200,Tú Phạm,19,Nữ,38000,2,76000,2026-09-06,TP. Hồ Chí Minh,Thẻ ngân hàng
P21701,Băng vệ sinh ban đêm dạng quần Kotex size M/L (Gói 2 miếng),Kotex,Băng vệ sinh,38000.0,4.83,Pharmacity_VN,VND,38000.0,ORD00729,C0729,Bà Lâm Vũ,25,Nam,38000,1,38000,2026-09-28,Hà Nội,COD
P30108,Dung dịch vệ sinh Saforelle Fresh Cleansing care (Fraicheur) 100ml,Saforelle,Dung dịch vệ sinh phụ nữ,172000.0,4.54,Pharmacity_VN,VND,172000.0,ORD00972,C0972,Hải Đặng,23,Nam,172000,2,344000,2026-06-09,Hải Phòng,Thẻ ngân hàng
P30108,Dung dịch vệ sinh Saforelle Fresh Cleansing care (Fraicheur) 100ml,Saforelle,Dung dịch vệ sinh phụ nữ,172000.0,4.54,Pharmacity_VN,VND,172000.0,ORD00978,C0978,Cô Nhật Lê,18,Nữ,172000,2,344000,2026-03-26,Cần Thơ,COD
P37398,Băng vệ sinh Diana dạng quần Double Fresh Size M-L (2 miếng),Diana,Băng vệ sinh,34000.0,4.73,Pharmacity_VN,VND,34000.0,ORD00599,C0599,Huy Mai Bảo Mai,26,Nam,34000,2,68000,2026-04-26,Hà Nội,COD
P00890,Dung Dịch Vệ Sinh Saforelle Soin Lavant Doux Apaisant (chai 250ml),Saforelle,Dung dịch vệ sinh phụ nữ,236000.0,4.74,Pharmacity_VN,VND,236000.0,ORD00634,C0634,Vân Hoàng,26,Nam,236000,1,236000,2026-02-10,Cần Thơ,Ví điện tử
P03250,Băng Vệ Sinh DIANA Siêu Thấm Không Cánh (8 Miếng),Diana,Băng vệ sinh,25500.0,4.94,Pharmacity_VN,VND,25500.0,ORD00100,C0100,Quang Nguyễn,28,Nữ,25500,3,76500,2026-07-15,Hà Nội,COD
P03250,Băng Vệ Sinh DIANA Siêu Thấm Không Cánh (8 Miếng),Diana,Băng vệ sinh,25500.0,4.94,Pharmacity_VN,VND,25500.0,ORD00301,C0301,Chị Hải Bùi,22,Nữ,25500,1,25500,2026-05-28,Cần Thơ,Ví điện tử
P03250,Băng Vệ Sinh DIANA Siêu Thấm Không Cánh (8 Miếng),Diana,Băng vệ sinh,25500.0,4.94,Pharmacity_VN,VND,25500.0,ORD00354,C0354,Tú Đức Hoàng,28,Nam,25500,2,51000,2026-04-11,Cần Thơ,Ví điện tử
P03250,Băng Vệ Sinh DIANA Siêu Thấm Không Cánh (8 Miếng),Diana,Băng vệ sinh,25500.0,4.94,Pharmacity_VN,VND,25500.0,ORD00970,C0970,Quang Vũ,18,Nữ,25500,2,51000,2026-03-28,TP. Hồ Chí Minh,COD
P03253,Băng Vệ Sinh Ban Đêm DIANA SUPER NIGHT 35Cm (3 Miếng),Diana,Băng vệ sinh,20400.0,4.87,Pharmacity_VN,VND,20400.0,ORD00701,C0701,An Vũ,25,Nữ,20400,4,81600,2026-02-20,Hà Nội,Tiền mặt
P03253,Băng Vệ Sinh Ban Đêm DIANA SUPER NIGHT 35Cm (3 Miếng),Diana,Băng vệ sinh,20400.0,4.87,Pharmacity_VN,VND,20400.0,ORD00753,C0753,An Hoàng Phạm,20,Nam,20400,2,40800,2026-01-22,Hà Nội,COD
P04214,Dung Dịch Vệ Sinh Phụ Nữ Lactacyd Soft & Silky (250ml),Sanofi CHC (Lactacyd brand),Dung dịch vệ sinh phụ nữ,106000.0,4.57,Pharmacity_VN,VND,106000.0,ORD00063,C0063,Nhật Mai,19,Nữ,106000,1,106000,2026-09-16,TP. Hồ Chí Minh,Thẻ ngân hàng
P04214,Dung Dịch Vệ Sinh Phụ Nữ Lactacyd Soft & Silky (250ml),Sanofi CHC (Lactacyd brand),Dung dịch vệ sinh phụ nữ,106000.0,4.57,Pharmacity_VN,VND,106000.0,ORD00198,C0198,Tú Xuân Phạm,32,Nam,106000,1,106000,2026-07-22,Cần Thơ,COD
P04214,Dung Dịch Vệ Sinh Phụ Nữ Lactacyd Soft & Silky (250ml),Sanofi CHC (Lactacyd brand),Dung dịch vệ sinh phụ nữ,106000.0,4.57,Pharmacity_VN,VND,106000.0,ORD00344,C0344,Thành Đức Đặng,25,Nam,106000,4,424000,2026-06-28,Hà Nội,Tiền mặt
P04214,Dung Dịch Vệ Sinh Phụ Nữ Lactacyd Soft & Silky (250ml),Sanofi CHC (Lactacyd brand),Dung dịch vệ sinh phụ nữ,106000.0,4.57,Pharmacity_VN,VND,106000.0,ORD00604,C0604,Ông Trung Hoàng,44,Nữ,106000,3,318000,2026-09-14,Đà Nẵng,Tiền mặt
P04214,Dung Dịch Vệ Sinh Phụ Nữ Lactacyd Soft & Silky (250ml),Sanofi CHC (Lactacyd brand),Dung dịch vệ sinh phụ nữ,106000.0,4.57,Pharmacity_VN,VND,106000.0,ORD00992,C0992,An Hữu Đặng,18,Nam,106000,1,106000,2026-07-20,Hà Nội,Thẻ ngân hàng
P08277,Băng vệ sinh siêu thấm mỏng cánh Diana Super Ultra Slim 0.1 (8 miếng/gói),Diana,Băng vệ sinh,21060.0,4.83,Pharmacity_VN,VND,21060.0,ORD00573,C0573,Thành Mai Bảo Trần,33,Nữ,21060,1,21060,2026-04-01,Hà Nội,Thẻ ngân hàng
P08277,Băng vệ sinh siêu thấm mỏng cánh Diana Super Ultra Slim 0.1 (8 miếng/gói),Diana,Băng vệ sinh,21060.0,4.83,Pharmacity_VN,VND,21060.0,ORD00892,C0892,Dương Vũ,35,Nam,21060,3,63180,2026-06-28,TP. Hồ Chí Minh,Tiền mặt
P08277,Băng vệ sinh siêu thấm mỏng cánh Diana Super Ultra Slim 0.1 (8 miếng/gói),Diana,Băng vệ sinh,21060.0,4.83,Pharmacity_VN,VND,21060.0,ORD00957,C0957,Trung Hoàng Bùi,33,Nam,21060,2,42120,2026-05-17,TP. Hồ Chí Minh,Ví điện tử
P08280,Băng vệ sinh ban đêm Diana Super Night 29cm (4 miếng/gói),Diana,Băng vệ sinh,22000.0,4.56,Pharmacity_VN,VND,22000.0,ORD00441,C0441,Anh Châu Dương,34,Nữ,22000,1,22000,2026-01-07,TP. Hồ Chí Minh,Thẻ ngân hàng
P08280,Băng vệ sinh ban đêm Diana Super Night 29cm (4 miếng/gói),Diana,Băng vệ sinh,22000.0,4.56,Pharmacity_VN,VND,22000.0,ORD00479,C0479,Lâm Đặng,61,Nữ,22000,3,66000,2026-03-31,Hà Nội,Tiền mặt
P08280,Băng vệ sinh ban đêm Diana Super Night 29cm (4 miếng/gói),Diana,Băng vệ sinh,22000.0,4.56,Pharmacity_VN,VND,22000.0,ORD00489,C0489,Anh Bảo Trần,47,Nữ,22000,2,44000,2026-04-12,TP. Hồ Chí Minh,Ví điện tử
P08280,Băng vệ sinh ban đêm Diana Super Night 29cm (4 miếng/gói),Diana,Băng vệ sinh,22000.0,4.56,Pharmacity_VN,VND,22000.0,ORD00684,C0684,Mai Phạm,35,Nam,22000,3,66000,2026-02-01,Hải Phòng,COD
P08280,Băng vệ sinh ban đêm Diana Super Night 29cm (4 miếng/gói),Diana,Băng vệ sinh,22000.0,4.56,Pharmacity_VN,VND,22000.0,ORD00757,C0757,Hạnh Dương,35,Nữ,22000,1,22000,2026-09-29,TP. Hồ Chí Minh,Ví điện tử
P08280,Băng vệ sinh ban đêm Diana Super Night 29cm (4 miếng/gói),Diana,Băng vệ sinh,22000.0,4.56,Pharmacity_VN,VND,22000.0,ORD00896,C0896,Ngọc Phạm,36,Nam,22000,4,88000,2026-07-01,Hà Nội,COD
P08378,Băng vệ sinh siêu mỏng cánh ban đêm Kotex Style (4 miếng/gói),Kotex,Băng vệ sinh,10000.0,4.92,Pharmacity_VN,VND,10000.0,ORD00249,C0249,Chị Thảo Mai,48,Nữ,10000,4,40000,2026-07-20,Cần Thơ,Tiền mặt
P08879,Băng vệ sinh siêu mỏng cánh mát lạnh Diana Sensi Cool Fresh (8 miếng/gói),Diana,Băng vệ sinh,28000.0,4.77,Pharmacity_VN,VND,28000.0,ORD00022,C0022,Mai Nguyễn,28,Nữ,28000,2,56000,2026-02-14,TP. Hồ Chí Minh,COD
P08879,Băng vệ sinh siêu mỏng cánh mát lạnh Diana Sensi Cool Fresh (8 miếng/gói),Diana,Băng vệ sinh,28000.0,4.77,Pharmacity_VN,VND,28000.0,ORD00117,C0117,Bà Ngọc Bùi,30,Nam,28000,1,28000,2026-09-17,TP. Hồ Chí Minh,Ví điện tử
P08880,Băng vệ sinh siêu mát lạnh hàng ngày Diana Sensi Cool Fresh (20 miếng/gói),Diana,Băng vệ sinh,25000.0,4.75,Pharmacity_VN,VND,25000.0,ORD00034,C0034,Dũng Trần,19,Nữ,25000,1,25000,2026-01-08,TP. Hồ Chí Minh,COD
P08880,Băng vệ sinh siêu mát lạnh hàng ngày Diana Sensi Cool Fresh (20 miếng/gói),Diana,Băng vệ sinh,25000.0,4.75,Pharmacity_VN,VND,25000.0,ORD00114,C0114,Hưng Trần,55,Nam,25000,3,75000,2026-03-08,TP. Hồ Chí Minh,Ví điện tử
P10956,Băng vệ sinh siêu mỏng cánh Sofy Skin Comfort Ultra Thin 26cm (8 miếng/gói),Sofy,Băng vệ sinh,45000.0,4.95,Pharmacity_VN,VND,45000.0,ORD00060,C0060,Chị Mai Mai,40,Nam,45000,3,135000,2026-07-20,Hà Nội,COD
P10956,Băng vệ sinh siêu mỏng cánh Sofy Skin Comfort Ultra Thin 26cm (8 miếng/gói),Sofy,Băng vệ sinh,45000.0,4.95,Pharmacity_VN,VND,45000.0,ORD00162,C0162,Nhật Nguyễn,38,Nữ,45000,2,90000,2026-09-07,TP. Hồ Chí Minh,Ví điện tử
P10956,Băng vệ sinh siêu mỏng cánh Sofy Skin Comfort Ultra Thin 26cm (8 miếng/gói),Sofy,Băng vệ sinh,45000.0,4.95,Pharmacity_VN,VND,45000.0,ORD00291,C0291,Bác Quang Hoàng,28,Nam,45000,2,90000,2026-02-22,TP. Hồ Chí Minh,COD
P10956,Băng vệ sinh siêu mỏng cánh Sofy Skin Comfort Ultra Thin 26cm (8 miếng/gói),Sofy,Băng vệ sinh,45000.0,4.95,Pharmacity_VN,VND,45000.0,ORD00314,C0314,Hạnh Thị Đặng,38,Nam,45000,2,90000,2026-04-29,Hà Nội,COD
P10956,Băng vệ sinh siêu mỏng cánh Sofy Skin Comfort Ultra Thin 26cm (8 miếng/gói),Sofy,Băng vệ sinh,45000.0,4.95,Pharmacity_VN,VND,45000.0,ORD00528,C0528,Hưng Thị Vũ,30,Nam,45000,3,135000,2026-03-11,TP. Hồ Chí Minh,Thẻ ngân hàng
P10956,Băng vệ sinh siêu mỏng cánh Sofy Skin Comfort Ultra Thin 26cm (8 miếng/gói),Sofy,Băng vệ sinh,45000.0,4.95,Pharmacity_VN,VND,45000.0,ORD00774,C0774,Hưng Vũ,40,Nữ,45000,1,45000,2026-02-19,TP. Hồ Chí Minh,Tiền mặt
P11377,Kotex Bảo vệ toàn diện siêu mỏng cánh (gói 20 Miếng),Kotex,Băng vệ sinh,49000.0,4.58,Pharmacity_VN,VND,49000.0,ORD00973,C0973,Khoa Hải Mai,38,Nữ,49000,1,49000,2026-02-15,Đà Nẵng,Ví điện tử
P09749,Băng vệ sinh Sofy Soft Tampon mềm mại (9 miếng/hộp),Sofy,Băng vệ sinh,68000.0,4.97,Pharmacity_VN,VND,68000.0,ORD00202,C0202,Bà An Mai,36,Nữ,68000,1,68000,2026-06-28,TP. Hồ Chí Minh,Tiền mặt
P09749,Băng vệ sinh Sofy Soft Tampon mềm mại (9 miếng/hộp),Sofy,Băng vệ sinh,68000.0,4.97,Pharmacity_VN,VND,68000.0,ORD00791,C0791,Quý cô Chi Lê,34,Nữ,68000,1,68000,2026-02-26,Hà Nội,Thẻ ngân hàng
P09749,Băng vệ sinh Sofy Soft Tampon mềm mại (9 miếng/hộp),Sofy,Băng vệ sinh,68000.0,4.97,Pharmacity_VN,VND,68000.0,ORD00844,C0844,Thảo Lê,34,Nữ,68000,3,204000,2026-06-13,Hà Nội,Thẻ ngân hàng
P09749,Băng vệ sinh Sofy Soft Tampon mềm mại (9 miếng/hộp),Sofy,Băng vệ sinh,68000.0,4.97,Pharmacity_VN,VND,68000.0,ORD00931,C0931,Thành Bùi,24,Nam,68000,1,68000,2026-02-07,Đà Nẵng,COD
P12848,Tã quần mỏng thoáng size L cho người lớn Caryn (14 miếng/gói),Caryn,Tã dán,189660.0,4.86,Pharmacity_VN,VND,189660.0,ORD00003,C0003,Khoa Bùi,36,Nam,189660,2,379320,2026-02-12,Hà Nội,Thẻ ngân hàng
P12848,Tã quần mỏng thoáng size L cho người lớn Caryn (14 miếng/gói),Caryn,Tã dán,189660.0,4.86,Pharmacity_VN,VND,189660.0,ORD00284,C0284,Huy Vũ,18,Nam,189660,2,379320,2026-08-09,TP. Hồ Chí Minh,Thẻ ngân hàng
P12848,Tã quần mỏng thoáng size L cho người lớn Caryn (14 miếng/gói),Caryn,Tã dán,189660.0,4.86,Pharmacity_VN,VND,189660.0,ORD00350,C0350,Nhật Thị Vũ,28,Nam,189660,3,568980,2026-01-23,TP. Hồ Chí Minh,Thẻ ngân hàng
P12848,Tã quần mỏng thoáng size L cho người lớn Caryn (14 miếng/gói),Caryn,Tã dán,189660.0,4.86,Pharmacity_VN,VND,189660.0,ORD00415,C0415,Hải Bùi,33,Nam,189660,1,189660,2026-07-01,TP. Hồ Chí Minh,Tiền mặt
P12848,Tã quần mỏng thoáng size L cho người lớn Caryn (14 miếng/gói),Caryn,Tã dán,189660.0,4.86,Pharmacity_VN,VND,189660.0,ORD00555,C0555,Phương Mai Bảo Nguyễn,33,Nữ,189660,1,189660,2026-07-06,TP. Hồ Chí Minh,Thẻ ngân hàng
P17488,Băng vệ sinh ban đêm có cánh Diana Sensi Cool Night Fresh 29cm (4 Miếng),Diana,Băng vệ sinh,19200.0,4.67,Pharmacity_VN,VND,19200.0,ORD00508,C0508,Nhiên Thị Nguyễn,21,Nữ,19200,1,19200,2026-02-15,Đà Nẵng,Ví điện tử
P19043,Băng vệ sinh Kotex Mini Meow siêu mềm 24cm (Gói 8 miếng),Kotex,Băng vệ sinh,26000.0,4.56,Pharmacity_VN,VND,26000.0,ORD00090,C0090,Tú Trần,35,Nam,26000,1,26000,2026-03-04,TP. Hồ Chí Minh,Thẻ ngân hàng
P19043,Băng vệ sinh Kotex Mini Meow siêu mềm 24cm (Gói 8 miếng),Kotex,Băng vệ sinh,26000.0,4.56,Pharmacity_VN,VND,26000.0,ORD00909,C0909,Ông Vũ Vũ,36,Nam,26000,2,52000,2026-04-17,TP. Hồ Chí Minh,COD
P27851,Sữa Vệ Sinh Phụ Nữ Shema Lá Đôi Hồng (200ml),Shema Baby,Dung dịch vệ sinh phụ nữ,40000.0,4.69,Pharmacity_VN,VND,40000.0,ORD00167,C0167,Chị Chi Trần,38,Nam,40000,1,40000,2026-04-11,TP. Hồ Chí Minh,Ví điện tử
P27851,Sữa Vệ Sinh Phụ Nữ Shema Lá Đôi Hồng (200ml),Shema Baby,Dung dịch vệ sinh phụ nữ,40000.0,4.69,Pharmacity_VN,VND,40000.0,ORD00294,C0294,Thảo Dương,38,Nam,40000,2,80000,2026-07-02,Hà Nội,Thẻ ngân hàng
P24425,Băng vệ sinh siêu mỏng có cánh Sofy Organic 23cm 100% Cotton (Gói 8 miếng),Sofy,Băng vệ sinh,53000.0,4.65,Pharmacity_VN,VND,53000.0,ORD00475,C0475,Ông Quang Hoàng,46,Nam,53000,1,53000,2026-01-28,Hà Nội,Tiền mặt
P28807,Pharmacity Dung dịch vệ sinh phụ nữ dạng bọt hương thơm tươi mát (Chai 100ml),Pharmacity,Dung dịch vệ sinh phụ nữ,68000.0,4.83,Pharmacity_VN,VND,68000.0,ORD00457,C0457,Cô Thành Mai,29,Nữ,68000,1,68000,2026-02-28,Hà Nội,COD
P28807,Pharmacity Dung dịch vệ sinh phụ nữ dạng bọt hương thơm tươi mát (Chai 100ml),Pharmacity,Dung dịch vệ sinh phụ nữ,68000.0,4.83,Pharmacity_VN,VND,68000.0,ORD00510,C0510,Trung Hoàng,22,Nam,68000,3,204000,2026-03-27,TP. Hồ Chí Minh,Tiền mặt
P28807,Pharmacity Dung dịch vệ sinh phụ nữ dạng bọt hương thơm tươi mát (Chai 100ml),Pharmacity,Dung dịch vệ sinh phụ nữ,68000.0,4.83,Pharmacity_VN,VND,68000.0,ORD00675,C0675,Quang Vũ,18,Nữ,68000,1,68000,2026-02-08,TP. Hồ Chí Minh,COD
P25084,Băng vệ sinh ban ngày siêu mỏng không cánh Kotex Gardenia Deo+ 23cm (8 miếng),Kotex,Băng vệ sinh,12000.0,4.71,Pharmacity_VN,VND,12000.0,ORD00579,C0579,Bảo Thị Bùi,18,Nam,12000,2,24000,2026-08-16,TP. Hồ Chí Minh,Thẻ ngân hàng
P25084,Băng vệ sinh ban ngày siêu mỏng không cánh Kotex Gardenia Deo+ 23cm (8 miếng),Kotex,Băng vệ sinh,12000.0,4.71,Pharmacity_VN,VND,12000.0,ORD00656,C0656,Thảo Mai,31,Nam,12000,1,12000,2026-02-23,Hà Nội,COD
P25084,Băng vệ sinh ban ngày siêu mỏng không cánh Kotex Gardenia Deo+ 23cm (8 miếng),Kotex,Băng vệ sinh,12000.0,4.71,Pharmacity_VN,VND,12000.0,ORD00853,C0853,Chi Hoàng,24,Nam,12000,1,12000,2026-06-15,TP. Hồ Chí Minh,Tiền mặt
P26253,Băng vệ sinh Kotex Max Cool BVS cho ngày và đêm (Gói 6 miếng x 28cm),Kotex,Băng vệ sinh,12500.0,4.62,Pharmacity_VN,VND,12500.0,ORD00838,C0838,Bà Hà Vũ,20,Nam,12500,2,25000,2026-09-05,Hà Nội,Tiền mặt
P26253,Băng vệ sinh Kotex Max Cool BVS cho ngày và đêm (Gói 6 miếng x 28cm),Kotex,Băng vệ sinh,12500.0,4.62,Pharmacity_VN,VND,12500.0,ORD00911,C0911,Cô Hồng Đặng,27,Nữ,12500,1,12500,2026-04-02,Hà Nội,COD
P17512,Băng vệ sinh Kotex Max Cool Siêu mỏng không cánh (gói 8 miếng),Kotex,Băng vệ sinh,20640.0,4.89,Pharmacity_VN,VND,20640.0,ORD00157,C0157,Hương Bùi,49,Nam,20640,3,61920,2026-09-09,Hà Nội,Thẻ ngân hàng
P17512,Băng vệ sinh Kotex Max Cool Siêu mỏng không cánh (gói 8 miếng),Kotex,Băng vệ sinh,20640.0,4.89,Pharmacity_VN,VND,20640.0,ORD00213,C0213,Khoa Hải Mai,40,Nữ,20640,2,41280,2026-05-27,Hải Phòng,COD
P25083,Băng vệ sinh ban ngày siêu mỏng cánh Kotex Gardenia Deo+ 23cm (8 miếng),Kotex,Băng vệ sinh,12500.0,4.96,Pharmacity_VN,VND,12500.0,ORD00016,C0016,Vũ Phạm,24,Nữ,12500,3,37500,2026-02-08,TP. Hồ Chí Minh,Thẻ ngân hàng
P25083,Băng vệ sinh ban ngày siêu mỏng cánh Kotex Gardenia Deo+ 23cm (8 miếng),Kotex,Băng vệ sinh,12500.0,4.96,Pharmacity_VN,VND,12500.0,ORD00075,C0075,Bảo Trần,18,Nữ,12500,5,62500,2026-03-03,Đà Nẵng,Thẻ ngân hàng
P25083,Băng vệ sinh ban ngày siêu mỏng cánh Kotex Gardenia Deo+ 23cm (8 miếng),Kotex,Băng vệ sinh,12500.0,4.96,Pharmacity_VN,VND,12500.0,ORD00145,C0145,Dũng Quang Lê,33,Nam,12500,4,50000,2026-02-11,TP. Hồ Chí Minh,Ví điện tử
P25083,Băng vệ sinh ban ngày siêu mỏng cánh Kotex Gardenia Deo+ 23cm (8 miếng),Kotex,Băng vệ sinh,12500.0,4.96,Pharmacity_VN,VND,12500.0,ORD00302,C0302,Vũ Hữu Nguyễn,24,Nữ,12500,1,12500,2026-06-09,Hà Nội,Thẻ ngân hàng
P25083,Băng vệ sinh ban ngày siêu mỏng cánh Kotex Gardenia Deo+ 23cm (8 miếng),Kotex,Băng vệ sinh,12500.0,4.96,Pharmacity_VN,VND,12500.0,ORD00435,C0435,Bác Nam Bùi,45,Nữ,12500,1,12500,2026-06-11,Đà Nẵng,COD
P23795,Cốc Nguyệt San Inacup 100% Silicon Y Tế (Size B),Inacup,Băng vệ sinh,382920.0,4.67,Pharmacity_VN,VND,382920.0,ORD00676,C0676,Hà Phú Bùi,22,Nữ,382920,3,1148760,2026-01-16,Hà Nội,COD
P23795,Cốc Nguyệt San Inacup 100% Silicon Y Tế (Size B),Inacup,Băng vệ sinh,382920.0,4.67,Pharmacity_VN,VND,382920.0,ORD00787,C0787,Nhiên Vũ,38,Nữ,382920,1,382920,2026-05-08,Đà Nẵng,COD
P03308,Lưỡi Dao Cạo Râu VECTOR GILLETTE (2 Lưỡi/Vỉ),Gillette,Dao cạo râu & Bọt cạo râu,34200.0,5.0,Pharmacity_VN,VND,34200.0,ORD00043,C0043,Phương Lê,29,Nam,34200,1,34200,2026-05-07,Đà Nẵng,Tiền mặt
P03308,Lưỡi Dao Cạo Râu VECTOR GILLETTE (2 Lưỡi/Vỉ),Gillette,Dao cạo râu & Bọt cạo râu,34200.0,5.0,Pharmacity_VN,VND,34200.0,ORD00769,C0769,Chi Lê,24,Nam,34200,1,34200,2026-02-26,TP. Hồ Chí Minh,COD
P10970,Lăn ngăn mùi than đen hoạt tính cho nam Nivea Men Deep Black Charcoal Dark Wood 72h (50ml),Nivea,Khử mùi cho nam,70000.0,4.87,Pharmacity_VN,VND,70000.0,ORD00384,C0384,Lâm Bùi,25,Nam,70000,2,140000,2026-09-21,Đà Nẵng,COD
P10970,Lăn ngăn mùi than đen hoạt tính cho nam Nivea Men Deep Black Charcoal Dark Wood 72h (50ml),Nivea,Khử mùi cho nam,70000.0,4.87,Pharmacity_VN,VND,70000.0,ORD00506,C0506,Phương Lê,25,Nữ,70000,2,140000,2026-03-02,TP. Hồ Chí Minh,Thẻ ngân hàng
P10970,Lăn ngăn mùi than đen hoạt tính cho nam Nivea Men Deep Black Charcoal Dark Wood 72h (50ml),Nivea,Khử mùi cho nam,70000.0,4.87,Pharmacity_VN,VND,70000.0,ORD00755,C0755,Phương Lê,21,Nữ,70000,1,70000,2026-07-25,TP. Hồ Chí Minh,COD
P10970,Lăn ngăn mùi than đen hoạt tính cho nam Nivea Men Deep Black Charcoal Dark Wood 72h (50ml),Nivea,Khử mùi cho nam,70000.0,4.87,Pharmacity_VN,VND,70000.0,ORD00881,C0881,Nhật Tấn Đặng,55,Nam,70000,1,70000,2026-01-16,Hà Nội,Tiền mặt
P03649,Lăn Khử Mùi X-MEN FOR BOSS INTENSE (Chai 50ml),X Men,Khử mùi cho nam,67940.0,4.57,Pharmacity_VN,VND,67940.0,ORD00353,C0353,Cô Linh Mai,39,Nữ,67940,3,203820,2026-01-13,Hải Phòng,Ví điện tử
P03649,Lăn Khử Mùi X-MEN FOR BOSS INTENSE (Chai 50ml),X Men,Khử mùi cho nam,67940.0,4.57,Pharmacity_VN,VND,67940.0,ORD00922,C0922,Nhiên Văn Đặng,20,Nữ,67940,1,67940,2026-05-15,Hà Nội,Thẻ ngân hàng
P03870,Xịt Ngăn Mùi Cho Nam NIVEA MEN Silver Protect Dynamic Power (Chai 150ml),Nivea,Khử mùi cho nam,118000.0,4.83,Pharmacity_VN,VND,118000.0,ORD00065,C0065,Hương Phạm,38,Nữ,118000,4,472000,2026-06-04,TP. Hồ Chí Minh,Thẻ ngân hàng
P03870,Xịt Ngăn Mùi Cho Nam NIVEA MEN Silver Protect Dynamic Power (Chai 150ml),Nivea,Khử mùi cho nam,118000.0,4.83,Pharmacity_VN,VND,118000.0,ORD00101,C0101,Trung Hải Trần,18,Nam,118000,1,118000,2026-02-25,TP. Hồ Chí Minh,Ví điện tử
P03870,Xịt Ngăn Mùi Cho Nam NIVEA MEN Silver Protect Dynamic Power (Chai 150ml),Nivea,Khử mùi cho nam,118000.0,4.83,Pharmacity_VN,VND,118000.0,ORD00395,C0395,Nhật Dương,42,Nam,118000,1,118000,2026-01-13,Cần Thơ,Ví điện tử
P03870,Xịt Ngăn Mùi Cho Nam NIVEA MEN Silver Protect Dynamic Power (Chai 150ml),Nivea,Khử mùi cho nam,118000.0,4.83,Pharmacity_VN,VND,118000.0,ORD00702,C0702,Bác Anh Trần,40,Nữ,118000,1,118000,2026-03-22,Hà Nội,Ví điện tử
P03872,Sữa Rửa Mặt Cho Nam NIVEA MEN Men Acne-Damaged Skin Giúp Giảm Mụn & Hư Tổn Da (100g),Nivea,Chăm sóc da mặt cho nam,89000.0,4.77,Pharmacity_VN,VND,89000.0,ORD00682,C0682,Nhật Bùi,19,Nam,89000,1,89000,2026-02-28,Đà Nẵng,Tiền mặt
P03877,"Sữa Rửa Mặt Cho Nam NIVEA MEN Anti-Acne Oil Control Mud Foam giúp làm sạch, giảm mụn (Tuýp 100g)",Nivea,Chăm sóc da mặt cho nam,85000.0,4.82,Pharmacity_VN,VND,85000.0,ORD00317,C0317,Hưng Hữu Vũ,37,Nam,85000,2,170000,2026-03-16,TP. Hồ Chí Minh,Ví điện tử
P03877,"Sữa Rửa Mặt Cho Nam NIVEA MEN Anti-Acne Oil Control Mud Foam giúp làm sạch, giảm mụn (Tuýp 100g)",Nivea,Chăm sóc da mặt cho nam,85000.0,4.82,Pharmacity_VN,VND,85000.0,ORD00670,C0670,An Văn Mai,41,Nữ,85000,2,170000,2026-04-22,Cần Thơ,Ví điện tử
P03877,"Sữa Rửa Mặt Cho Nam NIVEA MEN Anti-Acne Oil Control Mud Foam giúp làm sạch, giảm mụn (Tuýp 100g)",Nivea,Chăm sóc da mặt cho nam,85000.0,4.82,Pharmacity_VN,VND,85000.0,ORD00679,C0679,Kim Bùi,39,Nam,85000,1,85000,2026-05-29,Hà Nội,Ví điện tử
P03877,"Sữa Rửa Mặt Cho Nam NIVEA MEN Anti-Acne Oil Control Mud Foam giúp làm sạch, giảm mụn (Tuýp 100g)",Nivea,Chăm sóc da mặt cho nam,85000.0,4.82,Pharmacity_VN,VND,85000.0,ORD00794,C0794,Quang Dương,18,Nữ,85000,1,85000,2026-06-06,Hải Phòng,Tiền mặt
P03877,"Sữa Rửa Mặt Cho Nam NIVEA MEN Anti-Acne Oil Control Mud Foam giúp làm sạch, giảm mụn (Tuýp 100g)",Nivea,Chăm sóc da mặt cho nam,85000.0,4.82,Pharmacity_VN,VND,85000.0,ORD00928,C0928,Chị Linh Lê,34,Nữ,85000,1,85000,2026-08-30,Đà Nẵng,Tiền mặt
P03720,Lăn Khử Mùi Cho Nam ROMANO CLASSIC (50ml),Romano,Khử mùi cho nam,75000.0,4.82,Pharmacity_VN,VND,75000.0,ORD00516,C0516,Anh Dũng Hoàng,38,Nữ,75000,3,225000,2026-01-03,Đà Nẵng,Thẻ ngân hàng
P03723,Xịt Khử Mùi Toàn Thân ROMANO CLASSIC (150ml),Romano,Khử mùi cho nam,110000.0,4.64,Pharmacity_VN,VND,110000.0,ORD00377,C0377,Bà Hương Bùi,39,Nữ,110000,3,330000,2026-06-15,TP. Hồ Chí Minh,Ví điện tử
P03723,Xịt Khử Mùi Toàn Thân ROMANO CLASSIC (150ml),Romano,Khử mùi cho nam,110000.0,4.64,Pharmacity_VN,VND,110000.0,ORD00472,C0472,Thành Vũ,18,Nữ,110000,1,110000,2026-05-13,Hà Nội,Thẻ ngân hàng
P03723,Xịt Khử Mùi Toàn Thân ROMANO CLASSIC (150ml),Romano,Khử mùi cho nam,110000.0,4.64,Pharmacity_VN,VND,110000.0,ORD00871,C0871,Bà Dương Nguyễn,28,Nữ,110000,2,220000,2026-09-02,Đà Nẵng,COD
P03732,Gel Tạo Kiểu Tóc ROMANO CLASSIC Giữ Nếp Lâu (150g),Romano,Chăm sóc tóc cho nam,60000.0,4.55,Pharmacity_VN,VND,60000.0,ORD00273,C0273,Hà Đức Dương,42,Nữ,60000,2,120000,2026-08-22,TP. Hồ Chí Minh,Thẻ ngân hàng
P03732,Gel Tạo Kiểu Tóc ROMANO CLASSIC Giữ Nếp Lâu (150g),Romano,Chăm sóc tóc cho nam,60000.0,4.55,Pharmacity_VN,VND,60000.0,ORD00507,C0507,Chị Hải Hoàng,24,Nam,60000,1,60000,2026-05-02,TP. Hồ Chí Minh,Ví điện tử
P18975,Dao cạo March3+ Gillette (Hộp 1 cán dao + 2 lưỡi dao),Gillette,Dao cạo râu & Bọt cạo râu,245000.0,4.78,Pharmacity_VN,VND,245000.0,ORD00014,C0014,Trọng Đặng,18,Nam,245000,3,735000,2026-07-02,TP. Hồ Chí Minh,Ví điện tử
P18975,Dao cạo March3+ Gillette (Hộp 1 cán dao + 2 lưỡi dao),Gillette,Dao cạo râu & Bọt cạo râu,245000.0,4.78,Pharmacity_VN,VND,245000.0,ORD00408,C0408,Vi Đặng,29,Nữ,245000,2,490000,2026-09-15,Hà Nội,Thẻ ngân hàng
P18975,Dao cạo March3+ Gillette (Hộp 1 cán dao + 2 lưỡi dao),Gillette,Dao cạo râu & Bọt cạo râu,245000.0,4.78,Pharmacity_VN,VND,245000.0,ORD00548,C0548,Nam Hoàng,28,Nam,245000,2,490000,2026-09-04,Đà Nẵng,Tiền mặt
P18975,Dao cạo March3+ Gillette (Hộp 1 cán dao + 2 lưỡi dao),Gillette,Dao cạo râu & Bọt cạo râu,245000.0,4.78,Pharmacity_VN,VND,245000.0,ORD00704,C0704,Quý ông Tú Nguyễn,18,Nam,245000,1,245000,2026-07-13,Hà Nội,Thẻ ngân hàng
P18975,Dao cạo March3+ Gillette (Hộp 1 cán dao + 2 lưỡi dao),Gillette,Dao cạo râu & Bọt cạo râu,245000.0,4.78,Pharmacity_VN,VND,245000.0,ORD00828,C0828,Quý cô Hồng Trần,25,Nữ,245000,1,245000,2026-04-10,TP. Hồ Chí Minh,COD
P18975,Dao cạo March3+ Gillette (Hộp 1 cán dao + 2 lưỡi dao),Gillette,Dao cạo râu & Bọt cạo râu,245000.0,4.78,Pharmacity_VN,VND,245000.0,ORD00841,C0841,Hạnh Bùi,30,Nam,245000,1,245000,2026-03-09,TP. Hồ Chí Minh,Tiền mặt
P30403,Dầu Gội Xmen For Boss Pro Hair Sạch Gàu & Giảm Gãy Rụng 350g,X Men,Chăm sóc tóc cho nam,112850.0,4.59,Pharmacity_VN,VND,112850.0,ORD00225,C0225,Hoàng Trần,25,Nam,112850,1,112850,2026-07-13,Đà Nẵng,Thẻ ngân hàng
P30403,Dầu Gội Xmen For Boss Pro Hair Sạch Gàu & Giảm Gãy Rụng 350g,X Men,Chăm sóc tóc cho nam,112850.0,4.59,Pharmacity_VN,VND,112850.0,ORD00810,C0810,Ông Hoàng Hoàng,21,Nữ,112850,1,112850,2026-03-15,Hải Phòng,Thẻ ngân hàng
P30403,Dầu Gội Xmen For Boss Pro Hair Sạch Gàu & Giảm Gãy Rụng 350g,X Men,Chăm sóc tóc cho nam,112850.0,4.59,Pharmacity_VN,VND,112850.0,ORD00830,C0830,Phương Nguyễn,27,Nữ,112850,2,225700,2026-09-15,Hải Phòng,COD
P30403,Dầu Gội Xmen For Boss Pro Hair Sạch Gàu & Giảm Gãy Rụng 350g,X Men,Chăm sóc tóc cho nam,112850.0,4.59,Pharmacity_VN,VND,112850.0,ORD00885,C0885,Quý cô Nhật Đặng,37,Nữ,112850,1,112850,2026-05-07,TP. Hồ Chí Minh,COD
P30407,Gel Xmen Vệ Sinh Khử Mùi Vùng Kín 100ml,X Men,Sản phẩm tắm & dưỡng thể cho nam,111300.0,4.89,Pharmacity_VN,VND,111300.0,ORD00378,C0378,Hồng Nguyễn,32,Nam,111300,3,333900,2026-04-10,Hải Phòng,Tiền mặt
P30896,Oxy Gel Rửa Mặt Nam dịu nhẹ Hydrating Wash 100g,Oxy,Chăm sóc da mặt cho nam,77600.0,4.79,Pharmacity_VN,VND,77600.0,ORD00649,C0649,Cô Yến Dương,28,Nữ,77600,3,232800,2026-04-26,TP. Hồ Chí Minh,Tiền mặt
P03224,Sáp Khử Mùi Cho Nam OLD SPICE PURE SPORT (85g),Old Spice,Khử mùi cho nam,116000.0,4.75,Pharmacity_VN,VND,116000.0,ORD00207,C0207,Bác Phúc Nguyễn,35,Nam,116000,1,116000,2026-08-27,TP. Hồ Chí Minh,COD
P03307,Dao Cạo Râu GILLETTE VECTOR PLUS RAZOR 1UP (1 Cái/Vỉ),Gillette,Dao cạo râu & Bọt cạo râu,29600.0,4.92,Pharmacity_VN,VND,29600.0,ORD00127,C0127,Bảo Mai Dương,20,Nam,29600,1,29600,2026-05-05,Hải Phòng,Tiền mặt
P03307,Dao Cạo Râu GILLETTE VECTOR PLUS RAZOR 1UP (1 Cái/Vỉ),Gillette,Dao cạo râu & Bọt cạo râu,29600.0,4.92,Pharmacity_VN,VND,29600.0,ORD00710,C0710,Chị Hạnh Vũ,47,Nam,29600,3,88800,2026-06-16,Cần Thơ,Thẻ ngân hàng
P03307,Dao Cạo Râu GILLETTE VECTOR PLUS RAZOR 1UP (1 Cái/Vỉ),Gillette,Dao cạo râu & Bọt cạo râu,29600.0,4.92,Pharmacity_VN,VND,29600.0,ORD00941,C0941,Vũ Hải Đặng,18,Nữ,29600,3,88800,2026-07-15,Hà Nội,COD
P06300,Dao Cạo Râu 2 Lưỡi SCHICK EXECTA 2 SYSTEM,Schick,Dao cạo râu & Bọt cạo râu,64000.0,4.67,Pharmacity_VN,VND,64000.0,ORD00108,C0108,Khoa Hải Phạm,32,Nam,64000,2,128000,2026-03-05,Hải Phòng,COD
P06300,Dao Cạo Râu 2 Lưỡi SCHICK EXECTA 2 SYSTEM,Schick,Dao cạo râu & Bọt cạo râu,64000.0,4.67,Pharmacity_VN,VND,64000.0,ORD00164,C0164,Hải Nguyễn,22,Nữ,64000,2,128000,2026-01-08,Hà Nội,Thẻ ngân hàng
P06300,Dao Cạo Râu 2 Lưỡi SCHICK EXECTA 2 SYSTEM,Schick,Dao cạo râu & Bọt cạo râu,64000.0,4.67,Pharmacity_VN,VND,64000.0,ORD00411,C0411,Bà Hà Hoàng,37,Nữ,64000,2,128000,2026-04-21,TP. Hồ Chí Minh,Ví điện tử
P06300,Dao Cạo Râu 2 Lưỡi SCHICK EXECTA 2 SYSTEM,Schick,Dao cạo râu & Bọt cạo râu,64000.0,4.67,Pharmacity_VN,VND,64000.0,ORD00609,C0609,Nam Phạm,18,Nam,64000,2,128000,2026-07-22,TP. Hồ Chí Minh,Ví điện tử
P30793,Pharmacity Gentcode Bọt Vệ Sinh Nam Daily Fresh (Chai 100ml),Pharmacity,Sản phẩm tắm & dưỡng thể cho nam,54500.0,4.87,Pharmacity_VN,VND,54500.0,ORD00786,C0786,Bà Nhật Vũ,41,Nữ,54500,1,54500,2026-08-03,TP. Hồ Chí Minh,COD
P03296,Dao Cạo Râu Cán Vàng GILLETTE SUPER THIN (2 Cây/Gói),Gillette,Dao cạo râu & Bọt cạo râu,21000.0,4.69,Pharmacity_VN,VND,21000.0,ORD00352,C0352,Chị Dương Dương,45,Nữ,21000,3,63000,2026-08-23,Hà Nội,Thẻ ngân hàng
P03296,Dao Cạo Râu Cán Vàng GILLETTE SUPER THIN (2 Cây/Gói),Gillette,Dao cạo râu & Bọt cạo râu,21000.0,4.69,Pharmacity_VN,VND,21000.0,ORD00368,C0368,Trung Mai,30,Nữ,21000,1,21000,2026-08-15,TP. Hồ Chí Minh,Tiền mặt
P03296,Dao Cạo Râu Cán Vàng GILLETTE SUPER THIN (2 Cây/Gói),Gillette,Dao cạo râu & Bọt cạo râu,21000.0,4.69,Pharmacity_VN,VND,21000.0,ORD00602,C0602,Vũ Đức Nguyễn,21,Nữ,21000,1,21000,2026-03-23,TP. Hồ Chí Minh,COD
P03296,Dao Cạo Râu Cán Vàng GILLETTE SUPER THIN (2 Cây/Gói),Gillette,Dao cạo râu & Bọt cạo râu,21000.0,4.69,Pharmacity_VN,VND,21000.0,ORD00699,C0699,Quý cô Nhật Lê,39,Nam,21000,3,63000,2026-07-10,Hà Nội,Thẻ ngân hàng
P03864,Lăn Ngăn Mùi Cho Nam NIVEA MEN Cool Kick (Chai 50ml),Nivea,Khử mùi cho nam,92000.0,4.96,Pharmacity_VN,VND,92000.0,ORD00206,C0206,Châu Dương,21,Nam,92000,1,92000,2026-06-24,TP. Hồ Chí Minh,Thẻ ngân hàng
P03864,Lăn Ngăn Mùi Cho Nam NIVEA MEN Cool Kick (Chai 50ml),Nivea,Khử mùi cho nam,92000.0,4.96,Pharmacity_VN,VND,92000.0,ORD00252,C0252,Ông Hoàng Dương,39,Nữ,92000,2,184000,2026-06-13,Hà Nội,Ví điện tử
P03864,Lăn Ngăn Mùi Cho Nam NIVEA MEN Cool Kick (Chai 50ml),Nivea,Khử mùi cho nam,92000.0,4.96,Pharmacity_VN,VND,92000.0,ORD00319,C0319,Hải Phạm,33,Nam,92000,1,92000,2026-02-18,TP. Hồ Chí Minh,Tiền mặt
P03864,Lăn Ngăn Mùi Cho Nam NIVEA MEN Cool Kick (Chai 50ml),Nivea,Khử mùi cho nam,92000.0,4.96,Pharmacity_VN,VND,92000.0,ORD00549,C0549,Bác Nhiên Hoàng,34,Nữ,92000,4,368000,2026-01-08,Hải Phòng,Ví điện tử
P03864,Lăn Ngăn Mùi Cho Nam NIVEA MEN Cool Kick (Chai 50ml),Nivea,Khử mùi cho nam,92000.0,4.96,Pharmacity_VN,VND,92000.0,ORD00904,C0904,Ông Thành Bùi,43,Nữ,92000,1,92000,2026-07-07,TP. Hồ Chí Minh,COD
P03868,Lăn Khử Mùi NIVEA MEN DRY IMPACT (Chai 50ml),Nivea,Khử mùi cho nam,76000.0,4.78,Pharmacity_VN,VND,76000.0,ORD00025,C0025,Hải Mai Lê,25,Nữ,76000,1,76000,2026-04-18,TP. Hồ Chí Minh,COD
P03868,Lăn Khử Mùi NIVEA MEN DRY IMPACT (Chai 50ml),Nivea,Khử mùi cho nam,76000.0,4.78,Pharmacity_VN,VND,76000.0,ORD00062,C0062,Bảo Phạm,28,Nữ,76000,1,76000,2026-01-28,TP. Hồ Chí Minh,COD
P03868,Lăn Khử Mùi NIVEA MEN DRY IMPACT (Chai 50ml),Nivea,Khử mùi cho nam,76000.0,4.78,Pharmacity_VN,VND,76000.0,ORD00236,C0236,Hải Mai Bảo Trần,36,Nam,76000,2,152000,2026-01-30,TP. Hồ Chí Minh,Thẻ ngân hàng
P03868,Lăn Khử Mùi NIVEA MEN DRY IMPACT (Chai 50ml),Nivea,Khử mùi cho nam,76000.0,4.78,Pharmacity_VN,VND,76000.0,ORD00445,C0445,Bà Hương Nguyễn,18,Nữ,76000,3,228000,2026-01-16,Hà Nội,COD
P03868,Lăn Khử Mùi NIVEA MEN DRY IMPACT (Chai 50ml),Nivea,Khử mùi cho nam,76000.0,4.78,Pharmacity_VN,VND,76000.0,ORD00629,C0629,Cô Lan Mai,31,Nữ,76000,3,228000,2026-03-25,TP. Hồ Chí Minh,COD
P03912,Sáp Tạo Kiểu Tóc Cho Nam GATSBY Styling Wax Mat & Hard (Hộp 75g),Gatsby,Chăm sóc tóc cho nam,68000.0,4.52,Pharmacity_VN,VND,68000.0,ORD00237,C0237,Bác Huy Đặng,18,Nữ,68000,2,136000,2026-05-15,TP. Hồ Chí Minh,Thẻ ngân hàng
P03912,Sáp Tạo Kiểu Tóc Cho Nam GATSBY Styling Wax Mat & Hard (Hộp 75g),Gatsby,Chăm sóc tóc cho nam,68000.0,4.52,Pharmacity_VN,VND,68000.0,ORD00790,C0790,Chị Bảo Đặng,18,Nam,68000,1,68000,2026-07-21,TP. Hồ Chí Minh,Tiền mặt
P07598,Xịt khử mùi toàn thân X-men For Boss Intense Perfumed Deo Spray (Chai 150ml),X Men,Khử mùi cho nam,124500.0,4.97,Pharmacity_VN,VND,124500.0,ORD00054,C0054,Châu Phạm,36,Nữ,124500,1,124500,2026-04-15,Hà Nội,Tiền mặt
P07598,Xịt khử mùi toàn thân X-men For Boss Intense Perfumed Deo Spray (Chai 150ml),X Men,Khử mùi cho nam,124500.0,4.97,Pharmacity_VN,VND,124500.0,ORD00076,C0076,Hải Phạm,38,Nam,124500,1,124500,2026-02-18,Cần Thơ,Ví điện tử
P07598,Xịt khử mùi toàn thân X-men For Boss Intense Perfumed Deo Spray (Chai 150ml),X Men,Khử mùi cho nam,124500.0,4.97,Pharmacity_VN,VND,124500.0,ORD00172,C0172,Kim Hoàng Trần,22,Nữ,124500,1,124500,2026-04-27,TP. Hồ Chí Minh,Ví điện tử
P07598,Xịt khử mùi toàn thân X-men For Boss Intense Perfumed Deo Spray (Chai 150ml),X Men,Khử mùi cho nam,124500.0,4.97,Pharmacity_VN,VND,124500.0,ORD00986,C0986,Hà Bảo Lê,18,Nữ,124500,1,124500,2026-05-06,Đà Nẵng,Thẻ ngân hàng
P10969,Sữa rửa mặt than đen hoạt tính cho nam Nivea Men Deep Britening Oil Clear Mud Foam (100g),Nivea,Chăm sóc da mặt cho nam,71400.0,4.75,Pharmacity_VN,VND,71400.0,ORD00946,C0946,Hồng Dương,19,Nam,71400,1,71400,2026-03-02,Hà Nội,Tiền mặt
P18838,Sáp khử mùi Old Spice Fresh (85g),Old Spice,Khử mùi cho nam,147000.0,4.93,Pharmacity_VN,VND,147000.0,ORD00078,C0078,Duyên Trần,27,Nữ,147000,1,147000,2026-08-11,Đà Nẵng,Tiền mặt
P18838,Sáp khử mùi Old Spice Fresh (85g),Old Spice,Khử mùi cho nam,147000.0,4.93,Pharmacity_VN,VND,147000.0,ORD00869,C0869,Anh Tùng Phạm,37,Nam,147000,1,147000,2026-06-17,TP. Hồ Chí Minh,Ví điện tử
P18977,Lưỡi dao cạo March3+ Gillette (Hộp 3 cái),Gillette,Dao cạo râu & Bọt cạo râu,250000.0,4.55,Pharmacity_VN,VND,250000.0,ORD00463,C0463,Phương Mai Bảo Vũ,23,Nam,250000,1,250000,2026-08-14,Cần Thơ,Thẻ ngân hàng
P18977,Lưỡi dao cạo March3+ Gillette (Hộp 3 cái),Gillette,Dao cạo râu & Bọt cạo râu,250000.0,4.55,Pharmacity_VN,VND,250000.0,ORD00643,C0643,Nhật Đặng,27,Nữ,250000,1,250000,2026-06-13,TP. Hồ Chí Minh,COD
P23603,Dung dịch vệ sinh nam Serenys (100ml),Serenys,Sản phẩm tắm & dưỡng thể cho nam,136000.0,4.67,Pharmacity_VN,VND,136000.0,ORD00123,C0123,Chị Kim Bùi,44,Nữ,136000,1,136000,2026-05-05,Cần Thơ,Tiền mặt
P23603,Dung dịch vệ sinh nam Serenys (100ml),Serenys,Sản phẩm tắm & dưỡng thể cho nam,136000.0,4.67,Pharmacity_VN,VND,136000.0,ORD00369,C0369,Thành Bùi,31,Nam,136000,5,680000,2026-08-24,Hà Nội,Ví điện tử
P30408,Sáp Khử Mùi Xmen For Boss Luxury Trắng 70g,X Men,Khử mùi cho nam,174000.0,4.61,Pharmacity_VN,VND,174000.0,ORD00159,C0159,Thành Đặng,18,Nam,174000,1,174000,2026-08-02,Đà Nẵng,Ví điện tử
P30408,Sáp Khử Mùi Xmen For Boss Luxury Trắng 70g,X Men,Khử mùi cho nam,174000.0,4.61,Pharmacity_VN,VND,174000.0,ORD00449,C0449,Chị Thảo Bùi,25,Nữ,174000,1,174000,2026-08-16,Hà Nội,Tiền mặt
P30408,Sáp Khử Mùi Xmen For Boss Luxury Trắng 70g,X Men,Khử mùi cho nam,174000.0,4.61,Pharmacity_VN,VND,174000.0,ORD00534,C0534,Bà Vân Vũ,18,Nam,174000,1,174000,2026-07-03,TP. Hồ Chí Minh,Ví điện tử
P30408,Sáp Khử Mùi Xmen For Boss Luxury Trắng 70g,X Men,Khử mùi cho nam,174000.0,4.61,Pharmacity_VN,VND,174000.0,ORD00744,C0744,Nhật Dương,30,Nữ,174000,1,174000,2026-05-27,Đà Nẵng,COD
P30897,Oxy Sửa Rửa Mặt Nam kiềm dầu Oil Acne Wash,Oxy,Chăm sóc da mặt cho nam,77600.0,4.78,Pharmacity_VN,VND,77600.0,ORD00589,C0589,Vũ Hữu Trần,38,Nam,77600,1,77600,2026-08-29,TP. Hồ Chí Minh,Ví điện tử
P30897,Oxy Sửa Rửa Mặt Nam kiềm dầu Oil Acne Wash,Oxy,Chăm sóc da mặt cho nam,77600.0,4.78,Pharmacity_VN,VND,77600.0,ORD00655,C0655,An Hải Lê,56,Nữ,77600,1,77600,2026-07-07,Hà Nội,Thẻ ngân hàng
P01433,Kem Rửa Mặt Ngăn Ngừa Mụn OXY Perfect Wash (100g/Chai),Oxy,Chăm sóc da mặt cho nam,69700.0,4.59,Pharmacity_VN,VND,69700.0,ORD00276,C0276,Huy Trí Phạm,35,Nam,69700,1,69700,2026-01-13,Hà Nội,COD
P03306,Bọt Cạo Râu GILLETTE FOAMY LEMON LIME Hương Chanh (175g),Gillette,Dao cạo râu & Bọt cạo râu,82400.0,4.62,Pharmacity_VN,VND,82400.0,ORD00535,C0535,Kim Mai,23,Nữ,82400,5,412000,2026-07-06,Cần Thơ,Thẻ ngân hàng
P03306,Bọt Cạo Râu GILLETTE FOAMY LEMON LIME Hương Chanh (175g),Gillette,Dao cạo râu & Bọt cạo râu,82400.0,4.62,Pharmacity_VN,VND,82400.0,ORD00606,C0606,Chi Lê,49,Nữ,82400,1,82400,2026-06-03,Cần Thơ,Tiền mặt
P03306,Bọt Cạo Râu GILLETTE FOAMY LEMON LIME Hương Chanh (175g),Gillette,Dao cạo râu & Bọt cạo râu,82400.0,4.62,Pharmacity_VN,VND,82400.0,ORD00690,C0690,Chị Khoa Bùi,34,Nữ,82400,1,82400,2026-01-10,TP. Hồ Chí Minh,Thẻ ngân hàng
P03306,Bọt Cạo Râu GILLETTE FOAMY LEMON LIME Hương Chanh (175g),Gillette,Dao cạo râu & Bọt cạo râu,82400.0,4.62,Pharmacity_VN,VND,82400.0,ORD00707,C0707,Thành Văn Vũ,18,Nữ,82400,4,329600,2026-04-06,Đà Nẵng,COD
P03866,Lăn ngăn mùi NIVEA MEN SILVER PROTECT (Chai 50ml),Nivea,Khử mùi cho nam,92000.0,4.6,Pharmacity_VN,VND,92000.0,ORD00625,C0625,Hà Hoàng,46,Nữ,92000,2,184000,2026-06-03,TP. Hồ Chí Minh,Ví điện tử
P03866,Lăn ngăn mùi NIVEA MEN SILVER PROTECT (Chai 50ml),Nivea,Khử mùi cho nam,92000.0,4.6,Pharmacity_VN,VND,92000.0,ORD00685,C0685,Bác Hưng Trần,18,Nam,92000,1,92000,2026-06-11,Hà Nội,Thẻ ngân hàng
P03866,Lăn ngăn mùi NIVEA MEN SILVER PROTECT (Chai 50ml),Nivea,Khử mùi cho nam,92000.0,4.6,Pharmacity_VN,VND,92000.0,ORD00865,C0865,Dũng Trần,24,Nam,92000,2,184000,2026-02-12,TP. Hồ Chí Minh,Thẻ ngân hàng
P03715,Sữa Tắm Gội 2in1 ROMANO CLASSIC (150ml),Romano,Sản phẩm tắm & dưỡng thể cho nam,78000.0,4.62,Pharmacity_VN,VND,78000.0,ORD00156,C0156,Cô Kim Hoàng,23,Nam,78000,2,156000,2026-04-09,Hà Nội,Ví điện tử
P03715,Sữa Tắm Gội 2in1 ROMANO CLASSIC (150ml),Romano,Sản phẩm tắm & dưỡng thể cho nam,78000.0,4.62,Pharmacity_VN,VND,78000.0,ORD00364,C0364,Nhiên Quang Nguyễn,34,Nữ,78000,1,78000,2026-01-28,TP. Hồ Chí Minh,Tiền mặt
P03715,Sữa Tắm Gội 2in1 ROMANO CLASSIC (150ml),Romano,Sản phẩm tắm & dưỡng thể cho nam,78000.0,4.62,Pharmacity_VN,VND,78000.0,ORD00721,C0721,Quý cô Linh Lê,33,Nam,78000,1,78000,2026-03-04,Hà Nội,Thẻ ngân hàng
P03715,Sữa Tắm Gội 2in1 ROMANO CLASSIC (150ml),Romano,Sản phẩm tắm & dưỡng thể cho nam,78000.0,4.62,Pharmacity_VN,VND,78000.0,ORD00958,C0958,Khoa Vũ,35,Nữ,78000,3,234000,2026-01-06,Hà Nội,Tiền mặt
P17495,Lăn khử mùi X-Men For Boss Luxury (50ml),X Men,Khử mùi cho nam,69520.0,4.61,Pharmacity_VN,VND,69520.0,ORD00470,C0470,Hà Bảo Hoàng,24,Nam,69520,1,69520,2026-04-14,TP. Hồ Chí Minh,COD
P17495,Lăn khử mùi X-Men For Boss Luxury (50ml),X Men,Khử mùi cho nam,69520.0,4.61,Pharmacity_VN,VND,69520.0,ORD00570,C0570,Hoàng Trần,26,Nữ,69520,4,278080,2026-06-19,TP. Hồ Chí Minh,Ví điện tử
P30409,Sáp Khử Mùi Xmen For Boss Intense Xanh 80g,X Men,Khử mùi cho nam,145000.0,4.89,Pharmacity_VN,VND,145000.0,ORD00268,C0268,Cô Nhật Vũ,18,Nữ,145000,1,145000,2026-05-03,TP. Hồ Chí Minh,COD
P30409,Sáp Khử Mùi Xmen For Boss Intense Xanh 80g,X Men,Khử mùi cho nam,145000.0,4.89,Pharmacity_VN,VND,145000.0,ORD00372,C0372,Khoa Thị Nguyễn,35,Nữ,145000,4,580000,2026-08-17,Hà Nội,Thẻ ngân hàng
P30409,Sáp Khử Mùi Xmen For Boss Intense Xanh 80g,X Men,Khử mùi cho nam,145000.0,4.89,Pharmacity_VN,VND,145000.0,ORD00736,C0736,Hương Vũ,35,Nữ,145000,2,290000,2026-06-11,TP. Hồ Chí Minh,Tiền mặt
P30409,Sáp Khử Mùi Xmen For Boss Intense Xanh 80g,X Men,Khử mùi cho nam,145000.0,4.89,Pharmacity_VN,VND,145000.0,ORD00950,C0950,An Vũ,32,Nữ,145000,2,290000,2026-02-01,Hải Phòng,Ví điện tử
P30409,Sáp Khử Mùi Xmen For Boss Intense Xanh 80g,X Men,Khử mùi cho nam,145000.0,4.89,Pharmacity_VN,VND,145000.0,ORD00989,C0989,Huy Đức Bùi,28,Nữ,145000,1,145000,2026-05-18,TP. Hồ Chí Minh,Thẻ ngân hàng
P00387,Kem Rửa Mặt OXY DEEP WASH Sạch Sâu 100g,Oxy,Chăm sóc da mặt cho nam,73100.0,4.5,Pharmacity_VN,VND,73100.0,ORD00084,C0084,Bà Lan Đặng,25,Nữ,73100,2,146200,2026-01-30,Hà Nội,Thẻ ngân hàng
P00387,Kem Rửa Mặt OXY DEEP WASH Sạch Sâu 100g,Oxy,Chăm sóc da mặt cho nam,73100.0,4.5,Pharmacity_VN,VND,73100.0,ORD00351,C0351,Quang Trần,33,Nữ,73100,1,73100,2026-08-01,TP. Hồ Chí Minh,Ví điện tử
P00387,Kem Rửa Mặt OXY DEEP WASH Sạch Sâu 100g,Oxy,Chăm sóc da mặt cho nam,73100.0,4.5,Pharmacity_VN,VND,73100.0,ORD00820,C0820,Khoa Mai Phạm,41,Nữ,73100,1,73100,2026-04-18,TP. Hồ Chí Minh,Ví điện tử
P03305,Bọt Cạo Râu GILLETTE FOAMY METHOL Hương Bạc Hà (175g),Gillette,Dao cạo râu & Bọt cạo râu,103000.0,4.63,Pharmacity_VN,VND,103000.0,ORD00253,C0253,Minh Vũ,51,Nam,103000,1,103000,2026-02-04,Hà Nội,Tiền mặt
P03305,Bọt Cạo Râu GILLETTE FOAMY METHOL Hương Bạc Hà (175g),Gillette,Dao cạo râu & Bọt cạo râu,103000.0,4.63,Pharmacity_VN,VND,103000.0,ORD00290,C0290,Xuân Hoàng,24,Nam,103000,1,103000,2026-01-21,Hà Nội,Ví điện tử
P03305,Bọt Cạo Râu GILLETTE FOAMY METHOL Hương Bạc Hà (175g),Gillette,Dao cạo râu & Bọt cạo râu,103000.0,4.63,Pharmacity_VN,VND,103000.0,ORD00693,C0693,Cô Linh Hoàng,19,Nữ,103000,1,103000,2026-02-17,TP. Hồ Chí Minh,Ví điện tử
P03875,Xịt Khử Mùi Cho Nam NIVEA MEN Ngăn Vệt Ố Vàng Invisible Black&White (150ml),Nivea,Khử mùi cho nam,90300.0,4.88,Pharmacity_VN,VND,90300.0,ORD00332,C0332,Nhật Mai,21,Nam,90300,2,180600,2026-03-06,TP. Hồ Chí Minh,Thẻ ngân hàng
P03875,Xịt Khử Mùi Cho Nam NIVEA MEN Ngăn Vệt Ố Vàng Invisible Black&White (150ml),Nivea,Khử mùi cho nam,90300.0,4.88,Pharmacity_VN,VND,90300.0,ORD00367,C0367,Nhật Mai Bùi,32,Nam,90300,4,361200,2026-09-13,Hải Phòng,Tiền mặt
P09121,Xịt khử mùi mát lạnh cho nam Nivea Men Cool Kick (150ml),Nivea,Khử mùi cho nam,122000.0,4.9,Pharmacity_VN,VND,122000.0,ORD00905,C0905,Bà Lâm Lê,32,Nam,122000,5,610000,2026-08-18,Hà Nội,Tiền mặt
P12977,Sáp khử mùi Old Spice Fiji With Palm Tree Anti-Perspirant & Deodorant (Chai 73g),Old Spice,Khử mùi cho nam,147200.0,4.63,Pharmacity_VN,VND,147200.0,ORD00139,C0139,Bác Bảo Hoàng,38,Nữ,147200,1,147200,2026-04-19,Hà Nội,Thẻ ngân hàng
P12977,Sáp khử mùi Old Spice Fiji With Palm Tree Anti-Perspirant & Deodorant (Chai 73g),Old Spice,Khử mùi cho nam,147200.0,4.63,Pharmacity_VN,VND,147200.0,ORD00174,C0174,Khoa Nguyễn,33,Nữ,147200,3,441600,2026-06-22,TP. Hồ Chí Minh,COD
P12977,Sáp khử mùi Old Spice Fiji With Palm Tree Anti-Perspirant & Deodorant (Chai 73g),Old Spice,Khử mùi cho nam,147200.0,4.63,Pharmacity_VN,VND,147200.0,ORD00954,C0954,Thành Hoàng,44,Nữ,147200,1,147200,2026-06-26,Hà Nội,COD
P20503,Sáp Vuốt Tóc Gatsby Styling Pomade Retro Matte 75gr,Gatsby,Chăm sóc tóc cho nam,73000.0,4.77,Pharmacity_VN,VND,73000.0,ORD00337,C0337,Ông Vũ Đặng,22,Nam,73000,2,146000,2026-04-10,Hà Nội,Thẻ ngân hàng
P20503,Sáp Vuốt Tóc Gatsby Styling Pomade Retro Matte 75gr,Gatsby,Chăm sóc tóc cho nam,73000.0,4.77,Pharmacity_VN,VND,73000.0,ORD00460,C0460,Thảo Phạm,18,Nam,73000,3,219000,2026-07-14,TP. Hồ Chí Minh,COD
P20503,Sáp Vuốt Tóc Gatsby Styling Pomade Retro Matte 75gr,Gatsby,Chăm sóc tóc cho nam,73000.0,4.77,Pharmacity_VN,VND,73000.0,ORD00657,C0657,Hạnh Trí Phạm,30,Nam,73000,2,146000,2026-05-18,TP. Hồ Chí Minh,Ví điện tử
P20503,Sáp Vuốt Tóc Gatsby Styling Pomade Retro Matte 75gr,Gatsby,Chăm sóc tóc cho nam,73000.0,4.77,Pharmacity_VN,VND,73000.0,ORD00839,C0839,Phương Phạm,40,Nữ,73000,2,146000,2026-04-08,TP. Hồ Chí Minh,COD
P25967,Dầu gội Dược liệu Nguyên Vương Lịch Lãm 260g,Nguyen Vuong,Chăm sóc tóc cho nam,127600.0,4.5,Pharmacity_VN,VND,127600.0,ORD00459,C0459,Chị Hà Dương,24,Nữ,127600,5,638000,2026-04-14,Đà Nẵng,COD
P25967,Dầu gội Dược liệu Nguyên Vương Lịch Lãm 260g,Nguyen Vuong,Chăm sóc tóc cho nam,127600.0,4.5,Pharmacity_VN,VND,127600.0,ORD00795,C0795,Bác Nhiên Nguyễn,19,Nam,127600,3,382800,2026-07-21,Hà Nội,Tiền mặt
P25967,Dầu gội Dược liệu Nguyên Vương Lịch Lãm 260g,Nguyen Vuong,Chăm sóc tóc cho nam,127600.0,4.5,Pharmacity_VN,VND,127600.0,ORD00875,C0875,Bà Hà Nguyễn,30,Nữ,127600,2,255200,2026-03-04,TP. Hồ Chí Minh,Thẻ ngân hàng
P30406,Xịt Xmen For Boss Ngăn Rụng Tóc 100ml,X Men,Chăm sóc tóc cho nam,192500.0,4.65,Pharmacity_VN,VND,192500.0,ORD00104,C0104,An Xuân Đặng,22,Nữ,192500,2,385000,2026-05-28,Hà Nội,Tiền mặt
P30406,Xịt Xmen For Boss Ngăn Rụng Tóc 100ml,X Men,Chăm sóc tóc cho nam,192500.0,4.65,Pharmacity_VN,VND,192500.0,ORD00638,C0638,Thành Lê,31,Nam,192500,2,385000,2026-02-15,Hà Nội,Tiền mặt
P30794,Pharmacity Gentcode Bọt Vệ Sinh Nam Sport Active (Chai 100ml),Pharmacity,Sản phẩm tắm & dưỡng thể cho nam,54500.0,4.59,Pharmacity_VN,VND,54500.0,ORD00215,C0215,Hạnh Thị Hoàng,27,Nữ,54500,3,163500,2026-01-13,Đà Nẵng,Tiền mặt
P30794,Pharmacity Gentcode Bọt Vệ Sinh Nam Sport Active (Chai 100ml),Pharmacity,Sản phẩm tắm & dưỡng thể cho nam,54500.0,4.59,Pharmacity_VN,VND,54500.0,ORD00857,C0857,Cô Chi Đặng,22,Nữ,54500,2,109000,2026-09-01,Đà Nẵng,COD
P07595,Sữa tắm nước hoa cao cấp X-men For Boss Intense Perfumed Shower Gel (Chai 380g),X Men,Sản phẩm tắm & dưỡng thể cho nam,125800.0,4.74,Pharmacity_VN,VND,125800.0,ORD00648,C0648,Khoa Văn Phạm,29,Nữ,125800,2,251600,2026-09-05,Cần Thơ,COD
P07595,Sữa tắm nước hoa cao cấp X-men For Boss Intense Perfumed Shower Gel (Chai 380g),X Men,Sản phẩm tắm & dưỡng thể cho nam,125800.0,4.74,Pharmacity_VN,VND,125800.0,ORD00864,C0864,Hà Mai Vũ,48,Nữ,125800,2,251600,2026-09-30,Hà Nội,Tiền mặt
P23031,Tắm gội X-men Clean & Fresh 2in1 sạch sâu (Chai 630g),X Men,Sản phẩm tắm & dưỡng thể cho nam,175950.0,4.58,Pharmacity_VN,VND,175950.0,ORD00023,C0023,Thành Đức Trần,31,Nam,175950,1,175950,2026-01-01,Cần Thơ,Thẻ ngân hàng
P25490,Sữa rửa mặt làm sạch nhờn Uno 130g,Uno,Chăm sóc da mặt cho nam,119000.0,4.57,Pharmacity_VN,VND,119000.0,ORD00308,C0308,Bác Huy Trần,24,Nữ,119000,1,119000,2026-07-10,Hà Nội,Ví điện tử
P25490,Sữa rửa mặt làm sạch nhờn Uno 130g,Uno,Chăm sóc da mặt cho nam,119000.0,4.57,Pharmacity_VN,VND,119000.0,ORD00766,C0766,Anh Tùng Lê,23,Nữ,119000,2,238000,2026-05-20,Hà Nội,COD
P25490,Sữa rửa mặt làm sạch nhờn Uno 130g,Uno,Chăm sóc da mặt cho nam,119000.0,4.57,Pharmacity_VN,VND,119000.0,ORD00826,C0826,Trung Mai,45,Nữ,119000,2,238000,2026-02-17,TP. Hồ Chí Minh,Tiền mặt
P25492,Sáp Vuốt Tóc Tạo Kiểu Giữ Nếp Tự Nhiên Wax UNO Hybrid Hard 80g,Uno,Chăm sóc tóc cho nam,149000.0,4.84,Pharmacity_VN,VND,149000.0,ORD00261,C0261,Nhật Tấn Phạm,21,Nữ,149000,2,298000,2026-03-13,TP. Hồ Chí Minh,COD
P25492,Sáp Vuốt Tóc Tạo Kiểu Giữ Nếp Tự Nhiên Wax UNO Hybrid Hard 80g,Uno,Chăm sóc tóc cho nam,149000.0,4.84,Pharmacity_VN,VND,149000.0,ORD00424,C0424,Quý cô Duyên Vũ,40,Nữ,149000,1,149000,2026-09-29,Hà Nội,Ví điện tử
P26099,Sáp ngăn mùi cho nam Nivea Cool Kick (Chai 50ml),Nivea,Khử mùi cho nam,112000.0,4.52,Pharmacity_VN,VND,112000.0,ORD00297,C0297,Bảo Hoàng Lê,39,Nam,112000,1,112000,2026-03-15,Hải Phòng,COD
P26099,Sáp ngăn mùi cho nam Nivea Cool Kick (Chai 50ml),Nivea,Khử mùi cho nam,112000.0,4.52,Pharmacity_VN,VND,112000.0,ORD00448,C0448,Dương Mai,21,Nữ,112000,1,112000,2026-05-15,Đà Nẵng,Tiền mặt
P26099,Sáp ngăn mùi cho nam Nivea Cool Kick (Chai 50ml),Nivea,Khử mùi cho nam,112000.0,4.52,Pharmacity_VN,VND,112000.0,ORD00611,C0611,Vũ Thị Trần,37,Nữ,112000,4,448000,2026-04-15,Hà Nội,Ví điện tử
P26099,Sáp ngăn mùi cho nam Nivea Cool Kick (Chai 50ml),Nivea,Khử mùi cho nam,112000.0,4.52,Pharmacity_VN,VND,112000.0,ORD00619,C0619,Bảo Mai,35,Nữ,112000,1,112000,2026-05-29,TP. Hồ Chí Minh,Tiền mặt
P26099,Sáp ngăn mùi cho nam Nivea Cool Kick (Chai 50ml),Nivea,Khử mùi cho nam,112000.0,4.52,Pharmacity_VN,VND,112000.0,ORD00797,C0797,Vũ Hữu Phạm,30,Nam,112000,1,112000,2026-01-06,Hà Nội,Thẻ ngân hàng
P26099,Sáp ngăn mùi cho nam Nivea Cool Kick (Chai 50ml),Nivea,Khử mùi cho nam,112000.0,4.52,Pharmacity_VN,VND,112000.0,ORD00860,C0860,Nhật Tấn Vũ,36,Nữ,112000,1,112000,2026-05-12,Cần Thơ,Thẻ ngân hàng
P26099,Sáp ngăn mùi cho nam Nivea Cool Kick (Chai 50ml),Nivea,Khử mùi cho nam,112000.0,4.52,Pharmacity_VN,VND,112000.0,ORD00900,C0900,Lâm Dương,22,Nữ,112000,1,112000,2026-07-06,TP. Hồ Chí Minh,COD
P11482,Sữa dưỡng thể dưỡng sáng da ban đêm Nivea (350ml),Nivea,Dưỡng thể & massage,159000.0,4.51,Pharmacity_VN,VND,159000.0,ORD00136,C0136,Kim Phạm,45,Nữ,159000,2,318000,2026-03-18,Hà Nội,Ví điện tử
P11482,Sữa dưỡng thể dưỡng sáng da ban đêm Nivea (350ml),Nivea,Dưỡng thể & massage,159000.0,4.51,Pharmacity_VN,VND,159000.0,ORD00640,C0640,Quý cô An Mai,18,Nam,159000,3,477000,2026-07-14,Hà Nội,Thẻ ngân hàng
P07620,Kem dưỡng ẩm da NIVEA CRÈME (30ml),Nivea,Dưỡng thể & massage,55000.0,4.74,Pharmacity_VN,VND,55000.0,ORD00125,C0125,Thảo Vũ,36,Nam,55000,1,55000,2026-01-30,Hà Nội,Thẻ ngân hàng
P16878,Nước hoa Feliz Perfume Provence (Màu hồng),Feliz Provence,Dưỡng thể & massage,18000.0,4.85,Pharmacity_VN,VND,18000.0,ORD00073,C0073,Ngọc Hoàng,30,Nữ,18000,1,18000,2026-08-23,Hà Nội,COD
P16878,Nước hoa Feliz Perfume Provence (Màu hồng),Feliz Provence,Dưỡng thể & massage,18000.0,4.85,Pharmacity_VN,VND,18000.0,ORD00289,C0289,Nam Hoàng,33,Nam,18000,5,90000,2026-09-26,TP. Hồ Chí Minh,Ví điện tử
P16878,Nước hoa Feliz Perfume Provence (Màu hồng),Feliz Provence,Dưỡng thể & massage,18000.0,4.85,Pharmacity_VN,VND,18000.0,ORD00341,C0341,Quý cô Chi Phạm,22,Nữ,18000,1,18000,2026-07-17,Hà Nội,Ví điện tử
P16878,Nước hoa Feliz Perfume Provence (Màu hồng),Feliz Provence,Dưỡng thể & massage,18000.0,4.85,Pharmacity_VN,VND,18000.0,ORD00650,C0650,Chị Hồng Phạm,37,Nam,18000,2,36000,2026-03-10,TP. Hồ Chí Minh,Ví điện tử
P26023,Kem cấp ẩm và giảm nứt nẻ dạng sáp Pure Paw Paw - Đu Đủ Truyền Thống (Tuýp 25g),Pure Paw Paw,Dưỡng thể & massage,110000.0,4.69,Pharmacity_VN,VND,110000.0,ORD00342,C0342,Thành Mai Bùi,32,Nam,110000,1,110000,2026-04-22,TP. Hồ Chí Minh,Thẻ ngân hàng
P26023,Kem cấp ẩm và giảm nứt nẻ dạng sáp Pure Paw Paw - Đu Đủ Truyền Thống (Tuýp 25g),Pure Paw Paw,Dưỡng thể & massage,110000.0,4.69,Pharmacity_VN,VND,110000.0,ORD00752,C0752,Quý cô Duyên Bùi,18,Nữ,110000,2,220000,2026-01-02,Hà Nội,Thẻ ngân hàng
P26023,Kem cấp ẩm và giảm nứt nẻ dạng sáp Pure Paw Paw - Đu Đủ Truyền Thống (Tuýp 25g),Pure Paw Paw,Dưỡng thể & massage,110000.0,4.69,Pharmacity_VN,VND,110000.0,ORD00798,C0798,Lâm Mai Bảo Vũ,37,Nữ,110000,2,220000,2026-02-27,Hà Nội,Ví điện tử
P26023,Kem cấp ẩm và giảm nứt nẻ dạng sáp Pure Paw Paw - Đu Đủ Truyền Thống (Tuýp 25g),Pure Paw Paw,Dưỡng thể & massage,110000.0,4.69,Pharmacity_VN,VND,110000.0,ORD00963,C0963,Cô Ngọc Phạm,32,Nữ,110000,1,110000,2026-04-28,TP. Hồ Chí Minh,COD
P27883,Vaseline Sữa dưỡng thể ban đêm Dewy Radiance Tuýp 300ml,Vaseline,Dưỡng thể & massage,118400.0,4.73,Pharmacity_VN,VND,118400.0,ORD00720,C0720,Bà Thành Hoàng,29,Nam,118400,1,118400,2026-01-03,Đà Nẵng,COD
P27883,Vaseline Sữa dưỡng thể ban đêm Dewy Radiance Tuýp 300ml,Vaseline,Dưỡng thể & massage,118400.0,4.73,Pharmacity_VN,VND,118400.0,ORD00788,C0788,Bảo Bùi,35,Nam,118400,4,473600,2026-09-05,TP. Hồ Chí Minh,Thẻ ngân hàng
P27884,Sữa dưỡng thể ban ngày Vaseline Flawless Bright (Túyp 300ml),Vaseline,Dưỡng thể & massage,118400.0,4.7,Pharmacity_VN,VND,118400.0,ORD00298,C0298,Minh Đức Lê,33,Nam,118400,1,118400,2026-01-10,TP. Hồ Chí Minh,COD
P27884,Sữa dưỡng thể ban ngày Vaseline Flawless Bright (Túyp 300ml),Vaseline,Dưỡng thể & massage,118400.0,4.7,Pharmacity_VN,VND,118400.0,ORD00512,C0512,Khoa Dương,29,Nam,118400,1,118400,2026-03-19,Hà Nội,Thẻ ngân hàng
P37400,Dove Tẩy tế bào chết hương anh đào 280g,Dove,Tẩy tế bào chết toàn thân,156800.0,4.86,Pharmacity_VN,VND,156800.0,ORD00614,C0614,Thành Mai Bùi,19,Nữ,156800,1,156800,2026-08-09,Đà Nẵng,Thẻ ngân hàng
P03880,Kem dưỡng Nivea Soft (Hộp 50ml),Nivea,Dưỡng thể & massage,81000.0,4.56,Pharmacity_VN,VND,81000.0,ORD00067,C0067,Quý cô Xuân Nguyễn,29,Nam,81000,2,162000,2026-01-02,Hà Nội,Ví điện tử
P10521,Dầu dưỡng giúp cải thiện tình trạng bên ngoài của sẹo & rạn da Bio-Oil (60ml),Bio Oil,Dưỡng thể & massage,211000.0,4.73,Pharmacity_VN,VND,211000.0,ORD00069,C0069,Bảo Vũ,34,Nam,211000,2,422000,2026-06-15,TP. Hồ Chí Minh,Tiền mặt
P10521,Dầu dưỡng giúp cải thiện tình trạng bên ngoài của sẹo & rạn da Bio-Oil (60ml),Bio Oil,Dưỡng thể & massage,211000.0,4.73,Pharmacity_VN,VND,211000.0,ORD00150,C0150,Khoa Văn Hoàng,33,Nam,211000,1,211000,2026-05-19,TP. Hồ Chí Minh,Tiền mặt
P10521,Dầu dưỡng giúp cải thiện tình trạng bên ngoài của sẹo & rạn da Bio-Oil (60ml),Bio Oil,Dưỡng thể & massage,211000.0,4.73,Pharmacity_VN,VND,211000.0,ORD00440,C0440,Chị An Vũ,29,Nữ,211000,3,633000,2026-02-24,Cần Thơ,Thẻ ngân hàng
P10977,Dầu dưỡng giúp mờ sẹo & giảm rạn da Bio-Oil (125ml),Bio Oil,Dưỡng thể & massage,352000.0,4.65,Pharmacity_VN,VND,352000.0,ORD00572,C0572,Chị Ngọc Trần,47,Nam,352000,1,352000,2026-02-24,Hà Nội,COD
P16883,Nước hoa Feliz Perfume Provence (Màu tím),Feliz Provence,Dưỡng thể & massage,18000.0,4.74,Pharmacity_VN,VND,18000.0,ORD00306,C0306,Quý cô Ngọc Hoàng,31,Nam,18000,1,18000,2026-01-22,Hà Nội,Tiền mặt
P16883,Nước hoa Feliz Perfume Provence (Màu tím),Feliz Provence,Dưỡng thể & massage,18000.0,4.74,Pharmacity_VN,VND,18000.0,ORD00745,C0745,Vũ Thế Nguyễn,35,Nam,18000,3,54000,2026-07-23,Hải Phòng,Tiền mặt
P21165,Tẩy Da Chết COCOON Giúp Làm Sạch Da Chết Cơ Thể (hũ 200ml),Cocoon,Tẩy tế bào chết toàn thân,119700.0,4.82,Pharmacity_VN,VND,119700.0,ORD00560,C0560,Chị Thảo Mai,26,Nam,119700,1,119700,2026-03-27,Cần Thơ,Ví điện tử
P21165,Tẩy Da Chết COCOON Giúp Làm Sạch Da Chết Cơ Thể (hũ 200ml),Cocoon,Tẩy tế bào chết toàn thân,119700.0,4.82,Pharmacity_VN,VND,119700.0,ORD00961,C0961,Hồng Trần,36,Nữ,119700,2,239400,2026-02-08,TP. Hồ Chí Minh,Tiền mặt
P21165,Tẩy Da Chết COCOON Giúp Làm Sạch Da Chết Cơ Thể (hũ 200ml),Cocoon,Tẩy tế bào chết toàn thân,119700.0,4.82,Pharmacity_VN,VND,119700.0,ORD00974,C0974,Ánh Bùi,23,Nữ,119700,2,239400,2026-04-22,TP. Hồ Chí Minh,COD
P13420,Sáp dưỡng ẩm Vaseline Pure Petroleum Jelly Original (50ml),Vaseline,Dưỡng thể & massage,61000.0,4.77,Pharmacity_VN,VND,61000.0,ORD00002,C0002,Chị Lan Trần,29,Nam,61000,1,61000,2026-05-16,Hà Nội,Ví điện tử
P13420,Sáp dưỡng ẩm Vaseline Pure Petroleum Jelly Original (50ml),Vaseline,Dưỡng thể & massage,61000.0,4.77,Pharmacity_VN,VND,61000.0,ORD00709,C0709,Chị Dương Bùi,18,Nam,61000,1,61000,2026-01-01,TP. Hồ Chí Minh,Ví điện tử
P28072,"Kem dưỡng da chân Pharmacity Softening Foot Cream làm mềm mịn, giảm nứt nẻ gót chân ( Tuýp 50g)",Pharmacity,Dưỡng thể & massage,59000.0,4.9,Pharmacity_VN,VND,59000.0,ORD00913,C0913,Thành Đức Lê,32,Nam,59000,1,59000,2026-03-04,TP. Hồ Chí Minh,Ví điện tử
P08353,Kem tẩy lông cho da nhạy cảm Veet Silk & Fresh (50g),Veet,Hỗ trợ tẩy lông,84000.0,4.53,Pharmacity_VN,VND,84000.0,ORD00386,C0386,Dũng Phạm,32,Nam,84000,5,420000,2026-01-03,TP. Hồ Chí Minh,Tiền mặt
P08353,Kem tẩy lông cho da nhạy cảm Veet Silk & Fresh (50g),Veet,Hỗ trợ tẩy lông,84000.0,4.53,Pharmacity_VN,VND,84000.0,ORD00938,C0938,Khoa Thị Lê,37,Nữ,84000,3,252000,2026-03-24,TP. Hồ Chí Minh,COD
P13421,Sáp dưỡng ẩm Vaseline Pure Petroleum Jelly Original (100ml),Vaseline,Dưỡng thể & massage,115000.0,4.81,Pharmacity_VN,VND,115000.0,ORD00264,C0264,Kim Trí Dương,20,Nam,115000,4,460000,2026-06-22,Cần Thơ,COD
P13421,Sáp dưỡng ẩm Vaseline Pure Petroleum Jelly Original (100ml),Vaseline,Dưỡng thể & massage,115000.0,4.81,Pharmacity_VN,VND,115000.0,ORD00527,C0527,Anh Trung Hoàng,18,Nữ,115000,2,230000,2026-06-05,TP. Hồ Chí Minh,Thẻ ngân hàng
P22183,Tinh chất dưỡng thể Vaseline Healthy Bright Spf 50+ (Tuýp 300ml),Vaseline,Dưỡng thể & massage,190000.0,4.78,Pharmacity_VN,VND,190000.0,ORD00241,C0241,Thành Vũ,22,Nam,190000,1,190000,2026-02-06,TP. Hồ Chí Minh,COD
P37331,Kem tẩy lông da nhạy cảm Cleo (50g),Cleo,Hỗ trợ tẩy lông,75650.0,4.77,Pharmacity_VN,VND,75650.0,ORD00192,C0192,Quý cô Yến Phạm,39,Nam,75650,2,151300,2026-07-02,Hà Nội,Ví điện tử
P37331,Kem tẩy lông da nhạy cảm Cleo (50g),Cleo,Hỗ trợ tẩy lông,75650.0,4.77,Pharmacity_VN,VND,75650.0,ORD00305,C0305,Hải Phú Trần,30,Nam,75650,1,75650,2026-02-22,Hà Nội,COD
P37331,Kem tẩy lông da nhạy cảm Cleo (50g),Cleo,Hỗ trợ tẩy lông,75650.0,4.77,Pharmacity_VN,VND,75650.0,ORD00819,C0819,Bác Trung Lê,31,Nữ,75650,2,151300,2026-05-28,Hải Phòng,Thẻ ngân hàng
P37331,Kem tẩy lông da nhạy cảm Cleo (50g),Cleo,Hỗ trợ tẩy lông,75650.0,4.77,Pharmacity_VN,VND,75650.0,ORD00833,C0833,An Hoàng,20,Nữ,75650,3,226950,2026-06-03,Hải Phòng,Ví điện tử
P11334,Kem tẩy lông cho da thường Cléo (25g),Cleo,Hỗ trợ tẩy lông,28800.0,4.6,Pharmacity_VN,VND,28800.0,ORD00232,C0232,Lâm Hoàng,32,Nam,28800,1,28800,2026-06-12,Hà Nội,Thẻ ngân hàng
P11334,Kem tẩy lông cho da thường Cléo (25g),Cleo,Hỗ trợ tẩy lông,28800.0,4.6,Pharmacity_VN,VND,28800.0,ORD00592,C0592,Quý cô Vi Vũ,25,Nam,28800,1,28800,2026-06-12,Cần Thơ,Ví điện tử
P11334,Kem tẩy lông cho da thường Cléo (25g),Cleo,Hỗ trợ tẩy lông,28800.0,4.6,Pharmacity_VN,VND,28800.0,ORD00735,C0735,Thành Bảo Trần,40,Nữ,28800,1,28800,2026-09-27,Hà Nội,Ví điện tử
P07056,Sữa Dưỡng Thể VASELINE HEALTHY BRIGHT Sáng Da Tức Thì 200ml,Vaseline,Dưỡng thể & massage,88200.0,4.56,Pharmacity_VN,VND,88200.0,ORD00288,C0288,Ánh Bùi,36,Nam,88200,1,88200,2026-06-07,Cần Thơ,Ví điện tử
P07056,Sữa Dưỡng Thể VASELINE HEALTHY BRIGHT Sáng Da Tức Thì 200ml,Vaseline,Dưỡng thể & massage,88200.0,4.56,Pharmacity_VN,VND,88200.0,ORD00376,C0376,Bảo Trí Bùi,22,Nam,88200,3,264600,2026-05-17,Hà Nội,Tiền mặt
P01562,Sữa Dưỡng Da Toàn Thân VASELINE HEALTHY BRIGHT SPF24 PA++ giúp làm sáng và giúp chống nắng cho da 200ml,Vaseline,Dưỡng thể & massage,88200.0,4.97,Pharmacity_VN,VND,88200.0,ORD00027,C0027,Nhiên Bùi,18,Nam,88200,3,264600,2026-03-13,TP. Hồ Chí Minh,Ví điện tử
P01562,Sữa Dưỡng Da Toàn Thân VASELINE HEALTHY BRIGHT SPF24 PA++ giúp làm sáng và giúp chống nắng cho da 200ml,Vaseline,Dưỡng thể & massage,88200.0,4.97,Pharmacity_VN,VND,88200.0,ORD00066,C0066,Quý cô Nhật Dương,44,Nữ,88200,1,88200,2026-04-27,TP. Hồ Chí Minh,Thẻ ngân hàng
P01562,Sữa Dưỡng Da Toàn Thân VASELINE HEALTHY BRIGHT SPF24 PA++ giúp làm sáng và giúp chống nắng cho da 200ml,Vaseline,Dưỡng thể & massage,88200.0,4.97,Pharmacity_VN,VND,88200.0,ORD00496,C0496,Hà Vũ,35,Nữ,88200,2,176400,2026-08-30,Hải Phòng,Tiền mặt
P11331,Kem tẩy lông cho da nhạy cảm Cléo Hair Removal Cream Sensitive Skin (Tuýp 25g),Cleo,Hỗ trợ tẩy lông,28800.0,4.82,Pharmacity_VN,VND,28800.0,ORD00359,C0359,Lan Lê,33,Nam,28800,1,28800,2026-07-20,Cần Thơ,COD
P11331,Kem tẩy lông cho da nhạy cảm Cléo Hair Removal Cream Sensitive Skin (Tuýp 25g),Cleo,Hỗ trợ tẩy lông,28800.0,4.82,Pharmacity_VN,VND,28800.0,ORD00612,C0612,Ông Khoa Bùi,29,Nam,28800,1,28800,2026-07-12,Hà Nội,COD
P11331,Kem tẩy lông cho da nhạy cảm Cléo Hair Removal Cream Sensitive Skin (Tuýp 25g),Cleo,Hỗ trợ tẩy lông,28800.0,4.82,Pharmacity_VN,VND,28800.0,ORD00691,C0691,Thành Trí Trần,26,Nữ,28800,2,57600,2026-08-02,Hải Phòng,Tiền mặt
P11331,Kem tẩy lông cho da nhạy cảm Cléo Hair Removal Cream Sensitive Skin (Tuýp 25g),Cleo,Hỗ trợ tẩy lông,28800.0,4.82,Pharmacity_VN,VND,28800.0,ORD00768,C0768,Bảo Thị Đặng,48,Nữ,28800,1,28800,2026-01-05,Hải Phòng,COD
